job_id,modulation,seed,model,Pavg_over_P1dB_dB,Ppeak_over_P1dB_dB,E_rms_Vpm,E_peak_Vpm,PAPR_dB,B_occ_99_Hz,information_symbol_rate_Hz,AIR_native,R_AIR_bit_s,eta_AIR_bit_s_Hz,SER,BER,EVM,cal_var,gmi_s,ce_timing_offset,n_test_symbols,Nd,dt_s,noise_sigma_intensity,runtime_s_all_models
CE_s20262002_p-06_Nd1501,CE,20262002,atomic,-6,-5.999999999999998,0.04395787346008803,0.04395787346008804,1.928654933106574e-15,5245685.577392577,5000000.0,0.805581550056955,4027907.7502847747,0.7678515402531786,0.06489675516224189,0.06489675516224189,0.6552200343295688,0.47183027049087023,1.0,3,339,1501,1e-09,6.792095186819493e-05,2.515559499996016
CE_s20262002_p-06_Nd1501,CE,20262002,static,-6,-5.999999999999998,0.04395787346008803,0.04395787346008804,1.928654933106574e-15,5245685.577392577,5000000.0,0.9877685205089891,4938842.602544946,0.941505648723965,0.0,0.0,0.552743861935056,0.31334646923417986,1.0,3,339,1501,1e-09,6.792095186819493e-05,2.532967799983453
CE_s20262002_p-06_Nd1501,CE,20262002,static_lti,-6,-5.999999999999998,0.04395787346008803,0.04395787346008804,1.928654933106574e-15,5245685.577392577,5000000.0,0.6918169755320354,3459084.8776601767,0.6594152140127985,0.10914454277286136,0.10914454277286136,0.7521426995389204,0.612356118897061,1.0,3,339,1501,1e-09,6.792095186819493e-05,2.5503306000027806
CE_s20262002_p+00_Nd1501,CE,20262002,atomic,0,1.928654933106574e-15,0.08770748836108433,0.08770748836108434,1.928654933106574e-15,5245685.577392577,5000000.0,0.7854192398605642,3927096.199302821,0.7486335468194083,0.02654867256637168,0.02654867256637168,0.6088654028651217,0.4932788731362868,1.0,3,339,1501,1e-09,6.792095186819493e-05,2.45577550001326
CE_s20262002_p+00_Nd1501,CE,20262002,static,0,1.928654933106574e-15,0.08770748836108433,0.08770748836108434,1.928654933106574e-15,5245685.577392577,5000000.0,0.9920856203361645,4960428.101680823,0.9456205539765605,0.0,0.0,0.5510216859286351,0.3060769569340826,1.0,3,339,1501,1e-09,6.792095186819493e-05,2.4668189999938477
CE_s20262002_p+00_Nd1501,CE,20262002,static_lti,0,1.928654933106574e-15,0.08770748836108433,0.08770748836108434,1.928654933106574e-15,5245685.577392577,5000000.0,0.7071182778766384,3535591.389383192,0.6739998685053851,0.10324483775811209,0.10324483775811209,0.751717380353144,0.5952339124862706,1.0,3,339,1501,1e-09,6.792095186819493e-05,2.4776768000156153
CE_s20262002_p+03_Nd1501,CE,20262002,atomic,3,3.0000000000000018,0.12389012025459487,0.1238901202545949,1.928654933106574e-15,5245685.577392577,5000000.0,-0.22591276449184122,-1129563.8224592062,-0.21533197249322514,0.0855457227138643,0.0855457227138643,1.0184689035490175,0.7693138775508459,1.0,3,339,1501,1e-09,6.792095186819493e-05,2.432842099980917
CE_s20262002_p+03_Nd1501,CE,20262002,static,3,3.0000000000000018,0.12389012025459487,0.1238901202545949,1.928654933106574e-15,5245685.577392577,5000000.0,0.9925685140431616,4962842.570215808,0.9460808309983842,0.0,0.0,0.5509980634072085,0.3048123845364024,1.0,3,339,1501,1e-09,6.792095186819493e-05,2.4480384000053164
CE_s20262002_p+03_Nd1501,CE,20262002,static_lti,3,3.0000000000000018,0.12389012025459487,0.1238901202545949,1.928654933106574e-15,5245685.577392577,5000000.0,0.7086474807901871,3543237.4039509357,0.6754574500654953,0.10914454277286136,0.10914454277286136,0.7518674521283956,0.5917008677509441,1.0,3,339,1501,1e-09,6.792095186819493e-05,2.46306119998917
QPSK_s20262003_p-06_Nd1501,QPSK,20262003,atomic,-6,-0.968922841566564,0.04395787346008803,0.0784495636695766,5.031077158433436,5352973.93798828,5000000.0,1.903754876934656,9518774.38467328,1.7782216941356086,0.02654867256637168,0.01327433628318584,0.4751537548596751,0.20632337557602173,1.0,,339,1501,1e-09,6.792095186819493e-05,2.4308461000036914
QPSK_s20262003_p-06_Nd1501,QPSK,20262003,static,-6,-0.968922841566564,0.04395787346008803,0.0784495636695766,5.031077158433436,5352973.93798828,5000000.0,2.0,10000000.0,1.868120434705149,0.0,0.0,0.1463790437409154,0.023550060750005323,1.0,,339,1501,1e-09,6.792095186819493e-05,2.439897700009169
QPSK_s20262003_p-06_Nd1501,QPSK,20262003,static_lti,-6,-0.968922841566564,0.04395787346008803,0.0784495636695766,5.031077158433436,5352973.93798828,5000000.0,1.9282816695010476,9641408.347505238,1.8011311953311337,0.017699115044247787,0.008849557522123894,0.46616310386369414,0.19412924592201042,1.0,,339,1501,1e-09,6.792095186819493e-05,2.4480649000033736
QPSK_s20262003_p+00_Nd1501,QPSK,20262003,atomic,0,5.031077158433436,0.08770748836108433,0.15652745801565796,5.031077158433436,5352973.93798828,5000000.0,1.684899125258484,8424495.62629242,1.5737972431561025,0.09144542772861357,0.045722713864306784,0.5798212576109096,0.3286870488032614,1.0,,339,1501,1e-09,6.792095186819493e-05,2.438108200003626
QPSK_s20262003_p+00_Nd1501,QPSK,20262003,static,0,5.031077158433436,0.08770748836108433,0.15652745801565796,5.031077158433436,5352973.93798828,5000000.0,2.0,10000000.0,1.868120434705149,0.0,0.0,0.1398849574895329,0.022165721311551187,1.0,,339,1501,1e-09,6.792095186819493e-05,2.446630999998888
QPSK_s20262003_p+00_Nd1501,QPSK,20262003,static_lti,0,5.031077158433436,0.08770748836108433,0.15652745801565796,5.031077158433436,5352973.93798828,5000000.0,1.9342815244398035,9671407.622199018,1.806735421139312,0.014749262536873156,0.007374631268436578,0.4614896417477418,0.1926006914791936,1.0,,339,1501,1e-09,6.792095186819493e-05,2.4562155999883544
QPSK_s20262003_p+03_Nd1501,QPSK,20262003,atomic,3,8.031077158433437,0.12389012025459487,0.22110091121147876,5.031077158433436,5352973.93798828,5000000.0,1.2746182019326682,6373091.009663341,1.1905701547387757,0.20648967551622419,0.11209439528023599,0.738883396861949,0.5376500590819041,1.0,,339,1501,1e-09,6.792095186819493e-05,2.432118500000797
QPSK_s20262003_p+03_Nd1501,QPSK,20262003,static,3,8.031077158433437,0.12389012025459487,0.22110091121147876,5.031077158433436,5352973.93798828,5000000.0,1.9999999999998779,9999999.999999389,1.8681204347050349,0.0,0.0,0.17062978184630112,0.03295715802279292,1.0,,339,1501,1e-09,6.792095186819493e-05,2.440890199999558
QPSK_s20262003_p+03_Nd1501,QPSK,20262003,static_lti,3,8.031077158433437,0.12389012025459487,0.22110091121147876,5.031077158433436,5352973.93798828,5000000.0,1.9293381437867134,9646690.718933567,1.8021180059320303,0.017699115044247787,0.008849557522123894,0.4629651154378752,0.1992486927830158,1.0,,339,1501,1e-09,6.792095186819493e-05,2.4493690000090282
16QAM_s20262004_p-06_Nd1501,16QAM,20262004,atomic,-6,0.3160131026816613,0.04395787346008803,0.09095725171816098,6.316013102681661,5370616.912841796,5000000.0,2.2313355471957945,11156677.735978972,2.0773549700225318,0.5250737463126843,0.14896755162241887,0.4786587895391726,0.22106016226747074,1.0,,339,1501,1e-09,6.792095186819493e-05,2.4221973000094295
16QAM_s20262004_p-06_Nd1501,16QAM,20262004,static,-6,0.3160131026816613,0.04395787346008803,0.09095725171816098,6.316013102681661,5370616.912841796,5000000.0,3.9974753144285713,19987376.572142858,3.721616510079246,0.0,0.0,0.15145841767890508,0.021875991930134533,1.0,,339,1501,1e-09,6.792095186819493e-05,2.430675000010524
16QAM_s20262004_p-06_Nd1501,16QAM,20262004,static_lti,-6,0.3160131026816613,0.04395787346008803,0.09095725171816098,6.316013102681661,5370616.912841796,5000000.0,2.307386224228494,11536931.121142471,2.1481575223800213,0.49852507374631266,0.14085545722713863,0.4718674898815059,0.21558735998985082,1.0,,339,1501,1e-09,6.792095186819493e-05,2.4395908000005875
16QAM_s20262004_p+00_Nd1501,16QAM,20262004,atomic,0,6.316013102681661,0.08770748836108433,0.181483576626385,6.316013102681661,5370616.912841796,5000000.0,1.5759127189994049,7879563.594997024,1.467161728879979,0.6696165191740413,0.21312684365781712,0.6065999383119219,0.3465814042587304,1.0,,339,1501,1e-09,6.792095186819493e-05,2.41213839998818
16QAM_s20262004_p+00_Nd1501,16QAM,20262004,static,0,6.316013102681661,0.08770748836108433,0.181483576626385,6.316013102681661,5370616.912841796,5000000.0,3.946701851081233,19733509.255406164,3.674346834945712,0.008849557522123894,0.0022123893805309734,0.16110353062145535,0.026102964873412144,1.0,,339,1501,1e-09,6.792095186819493e-05,2.422704700002214
16QAM_s20262004_p+00_Nd1501,16QAM,20262004,static_lti,0,6.316013102681661,0.08770748836108433,0.181483576626385,6.316013102681661,5370616.912841796,5000000.0,2.2687167701604434,11343583.850802217,2.112156579941186,0.5073746312684366,0.14380530973451328,0.480366988264654,0.22641138150531717,1.0,,339,1501,1e-09,6.792095186819493e-05,2.433373900013976
16QAM_s20262004_p+03_Nd1501,16QAM,20262004,atomic,3,9.316013102681662,0.12389012025459487,0.2563523657171894,6.316013102681661,5370616.912841796,5000000.0,1.2444717241638246,6222358.6208191225,1.1585928994378112,0.7669616519174042,0.2640117994100295,0.7382115104586533,0.534822351963453,1.0,,339,1501,1e-09,6.792095186819493e-05,2.4677439000224695
16QAM_s20262004_p+03_Nd1501,16QAM,20262004,static,3,9.316013102681662,0.12389012025459487,0.2563523657171894,6.316013102681661,5370616.912841796,5000000.0,3.6225380651224652,18112690.325612325,3.3725530268790327,0.07079646017699115,0.018436578171091445,0.2408304586979833,0.05923959044730542,1.0,,339,1501,1e-09,6.792095186819493e-05,2.4762598000233993
16QAM_s20262004_p+03_Nd1501,16QAM,20262004,static_lti,3,9.316013102681662,0.12389012025459487,0.2563523657171894,6.316013102681661,5370616.912841796,5000000.0,2.1192414907034074,10596207.453517037,1.972996329002767,0.5250737463126843,0.15781710914454278,0.5214260409364014,0.2679269224209884,1.0,,339,1501,1e-09,6.792095186819493e-05,2.4846933000080753
OFDM_s20262005_p-06_Nd1501,OFDM,20262005,atomic,-6,4.012506406472831,0.04395787346008803,0.13920729507688293,10.01250640647283,5348682.403564452,5000000.0,2.0,10000000.0,1.8696193278060091,0.0,0.0,0.16181243645034457,0.025530181692918298,1.0,,340,1501,1e-09,6.792095186819493e-05,2.4010445999738295
OFDM_s20262005_p-06_Nd1501,OFDM,20262005,static,-6,4.012506406472831,0.04395787346008803,0.13920729507688293,10.01250640647283,5348682.403564452,5000000.0,2.0,10000000.0,1.8696193278060091,0.0,0.0,0.12057413338944936,0.01619543940208408,1.0,,340,1501,1e-09,6.792095186819493e-05,2.4099333999911323
OFDM_s20262005_p-06_Nd1501,OFDM,20262005,static_lti,-6,4.012506406472831,0.04395787346008803,0.13920729507688293,10.01250640647283,5348682.403564452,5000000.0,2.0,10000000.0,1.8696193278060091,0.0,0.0,0.13296748536133535,0.01815603779141891,1.0,,340,1501,1e-09,6.792095186819493e-05,2.418767700000899
OFDM_s20262005_p+00_Nd1501,OFDM,20262005,atomic,0,10.01250640647283,0.08770748836108433,0.2777550698356574,10.01250640647283,5348682.403564452,5000000.0,1.9485034703132067,9742517.351566033,1.8214798741973268,0.008823529411764706,0.004411764705882353,0.3449285876858372,0.1288689775361979,1.0,,340,1501,1e-09,6.792095186819493e-05,2.4927418000006583
OFDM_s20262005_p+00_Nd1501,OFDM,20262005,static,0,10.01250640647283,0.08770748836108433,0.2777550698356574,10.01250640647283,5348682.403564452,5000000.0,1.9999950997565317,9999975.498782659,1.8696147470110596,0.0,0.0,0.25696634379243005,0.07658406146106757,1.0,,340,1501,1e-09,6.792095186819493e-05,2.5030305000254884
OFDM_s20262005_p+00_Nd1501,OFDM,20262005,static_lti,0,10.01250640647283,0.08770748836108433,0.2777550698356574,10.01250640647283,5348682.403564452,5000000.0,1.9999952297343522,9999976.148671761,1.8696148685155822,0.0,0.0,0.2575766008168608,0.07322627737564677,1.0,,340,1501,1e-09,6.792095186819493e-05,2.5121230000222567
OFDM_s20262005_p+03_Nd1501,OFDM,20262005,atomic,3,13.01250640647283,0.12389012025459487,0.39233946435218114,10.01250640647283,5348682.403564452,5000000.0,1.683544639604105,8417723.198020525,1.5737937987140183,0.052941176470588235,0.027941176470588237,0.49070086990465095,0.22582628090153709,1.0,,340,1501,1e-09,6.792095186819493e-05,2.398301100009121
OFDM_s20262005_p+03_Nd1501,OFDM,20262005,static,3,13.01250640647283,0.12389012025459487,0.39233946435218114,10.01250640647283,5348682.403564452,5000000.0,1.9145144917188608,9572572.458594304,1.7897066485411397,0.014705882352941176,0.007352941176470588,0.4791293022145674,0.24847038902917767,1.0,,340,1501,1e-09,6.792095186819493e-05,2.4072907000081614
OFDM_s20262005_p+03_Nd1501,OFDM,20262005,static_lti,3,13.01250640647283,0.12389012025459487,0.39233946435218114,10.01250640647283,5348682.403564452,5000000.0,1.9319682636408408,9659841.318204204,1.8060226032053657,0.020588235294117647,0.010294117647058823,0.4710351581378908,0.23672009864700913,1.0,,340,1501,1e-09,6.792095186819493e-05,2.4160445000161417
