config_version,modulation,seed,Pavg_over_P1dB_dB,sample_rate_Hz,information_symbol_rate_Hz,n_information_symbols,E_rms_Vpm,E_peak_Vpm,E_peak_over_E1dB,PAPR_linear,PAPR_dB,B_occ_99_Hz,amplitude_mean_norm,amplitude_std_norm,amplitude_q01_norm,amplitude_q50_norm,amplitude_q90_norm,amplitude_q99_norm,amplitude_q999_norm,exceedance_theta_0.50,occupancy_theta_0.50,dwell_mean_ns_theta_0.50,dwell_median_ns_theta_0.50,dwell_p90_ns_theta_0.50,dwell_max_ns_theta_0.50,crest_event_rate_Hz_theta_0.50,exceedance_theta_0.75,occupancy_theta_0.75,dwell_mean_ns_theta_0.75,dwell_median_ns_theta_0.75,dwell_p90_ns_theta_0.75,dwell_max_ns_theta_0.75,crest_event_rate_Hz_theta_0.75,exceedance_theta_1.00,occupancy_theta_1.00,dwell_mean_ns_theta_1.00,dwell_median_ns_theta_1.00,dwell_p90_ns_theta_1.00,dwell_max_ns_theta_1.00,crest_event_rate_Hz_theta_1.00,exceedance_theta_1.25,occupancy_theta_1.25,dwell_mean_ns_theta_1.25,dwell_median_ns_theta_1.25,dwell_p90_ns_theta_1.25,dwell_max_ns_theta_1.25,crest_event_rate_Hz_theta_1.25,exceedance_theta_1.50,occupancy_theta_1.50,dwell_mean_ns_theta_1.50,dwell_median_ns_theta_1.50,dwell_p90_ns_theta_1.50,dwell_max_ns_theta_1.50,crest_event_rate_Hz_theta_1.50,envelope_corr_1e_ns,envelope_corr_1e_s,seed_group
fair_v3_balanced_ofdm_training,OFDM,20262005,-15,1000000000.0,5000000.0,1020,0.0155968420658744,0.1210206885925671,1.37982161904278,60.20684787927389,17.796458903781733,5351066.589355468,0.7185331421417704,0.6954927200509537,0.0041026057942993,0.612408377288,1.44078198922765,2.6975297989020275,7.595589372575275,0.0096372549019607,0.0096372549019607,178.72727272727275,129.0,254.00000000000003,254.00000000000003,53921.56862745097,0.0050490196078431,0.0050490196078431,206.00000000000003,206.00000000000003,206.00000000000003,206.00000000000003,24509.803921568626,0.0037745098039215,0.0037745098039215,154.0,154.0,154.0,154.0,24509.803921568626,0.0021323529411764,0.0021323529411764,87.00000000000001,87.00000000000001,87.00000000000001,87.00000000000001,24509.803921568626,0.0,0.0,0.0,0.0,0.0,0.0,0.0,169.00000000000003,1.6900000000000004e-07,0
fair_v3_balanced_ofdm_training,OFDM,20262005,-10,1000000000.0,5000000.0,1020,0.0277355431073735,0.2152085987128945,2.4537083746703456,60.20684787927389,17.796458903781733,5351066.589355468,0.7185331421417704,0.6954927200509537,0.0041026057942993,0.612408377288,1.44078198922765,2.6975297989020275,7.595589372575275,0.0679558823529411,0.0679558823529411,115.525,109.5,194.00000000000003,297.0,588235.294117647,0.0124754901960784,0.0124754901960784,149.7058823529412,153.0,268.0,268.0,83333.33333333333,0.0085539215686274,0.0085539215686274,174.5,174.5,242.00000000000003,242.00000000000003,49019.60784313725,0.0059313725490196,0.0059313725490196,121.0,121.0,215.0,215.0,49019.60784313725,0.0045833333333333,0.0045833333333333,187.00000000000003,187.00000000000003,187.00000000000003,187.00000000000003,24509.803921568626,169.00000000000003,1.6900000000000004e-07,0
fair_v3_balanced_ofdm_training,OFDM,20262005,-6,1000000000.0,5000000.0,1020,0.043957873460088,0.3410826430591619,3.8888656992998536,60.20684787927389,17.796458903781733,5351066.589355468,0.7185331421417704,0.6954927200509537,0.0041026057942993,0.612408377288,1.44078198922765,2.6975297989020275,7.595589372575275,0.2707058823529412,0.2707058823529412,185.93939393939397,169.00000000000003,319.00000000000006,596.0,1455882.3529411764,0.0865245098039215,0.0865245098039215,120.07482993197276,116.0,198.0,300.00000000000006,720588.2352941176,0.0232843137254901,0.0232843137254901,128.3783783783784,111.0,282.0,282.0,181372.54901960783,0.0112794117647058,0.0112794117647058,164.3571428571429,147.0,264.00000000000006,264.00000000000006,68627.45098039215,0.0089460784313725,0.0089460784313725,182.50000000000003,182.50000000000003,247.00000000000003,247.00000000000003,49019.60784313725,169.00000000000003,1.6900000000000004e-07,0
fair_v3_balanced_ofdm_training,OFDM,20262005,-3,1000000000.0,5000000.0,1020,0.0620921466441504,0.481792039140228,5.493168806256667,60.20684787927389,17.796458903781733,5351066.589355468,0.7185331421417704,0.6954927200509537,0.0041026057942993,0.612408377288,1.44078198922765,2.6975297989020275,7.595589372575275,0.4446862745098039,0.4446862745098039,260.6781609195403,214.0,467.9,1161.0,1705882.3529411762,0.2407009803921568,0.2407009803921568,174.7437722419929,157.00000000000003,298.0,588.0,1377450.9803921566,0.1074901960784313,0.1074901960784313,131.3053892215569,128.0,202.0,303.0,818627.450980392,0.0399558823529411,0.0399558823529411,119.86764705882352,112.5,185.80000000000004,290.00000000000006,333333.3333333333,0.0186764705882352,0.0186764705882352,131.3793103448276,97.0,278.0,278.0,142156.862745098,169.00000000000003,1.6900000000000004e-07,0
fair_v3_balanced_ofdm_training,OFDM,20262005,0,1000000000.0,5000000.0,1020,0.0877074883610843,0.6805493439859277,7.759307177788098,60.20684787927389,17.796458903781733,5351066.589355468,0.7185331421417704,0.6954927200509537,0.0041026057942993,0.612408377288,1.44078198922765,2.6975297989020275,7.595589372575275,0.5690049019607843,0.5690049019607843,348.5795795795796,277.0,702.2000000000004,1574.0,1632352.9411764704,0.4169950980392157,0.4169950980392157,246.5710144927536,205.00000000000003,442.8000000000004,956.0,1691176.4705882352,0.2695441176470588,0.2695441176470588,185.14141414141412,169.00000000000003,319.00000000000006,596.0,1455882.3529411764,0.1631519607843137,0.1631519607843137,147.92444444444445,142.0,234.6,441.00000000000006,1102941.1764705882,0.0856078431372549,0.0856078431372549,120.44137931034484,115.0,198.0,300.00000000000006,710784.3137254901,169.00000000000003,1.6900000000000004e-07,0
fair_v3_balanced_ofdm_training,OFDM,20262005,3,1000000000.0,5000000.0,1020,0.1238901202545948,0.9613014993485084,10.960312708886512,60.20684787927389,17.796458903781733,5351066.589355468,0.7185331421417704,0.6954927200509537,0.0041026057942993,0.612408377288,1.44078198922765,2.6975297989020275,7.595589372575275,0.6517843137254902,0.6517843137254902,478.2877697841727,343.5,1045.6,2160.0,1362745.0980392154,0.550485294117647,0.550485294117647,322.698275862069,249.00000000000003,620.9000000000001,1567.0000000000002,1705882.3529411762,0.4436274509803921,0.4436274509803921,258.5714285714286,210.5,467.3000000000001,1160.0000000000002,1715686.2745098036,0.3337794117647059,0.3337794117647059,207.594512195122,187.5,364.30000000000007,870.0,1607843.1372549017,0.239563725490196,0.239563725490196,173.30141843971631,157.00000000000003,292.8,587.0,1382352.9411764704,169.00000000000003,1.6900000000000004e-07,0
fair_v3_balanced_ofdm_training,OFDM,20262005,6,1000000000.0,5000000.0,1020,0.1749994462674431,1.3578744595319143,15.481853202108123,60.20684787927389,17.796458903781733,5351066.589355468,0.7185331421417704,0.6954927200509537,0.0041026057942993,0.612408377288,1.44078198922765,2.6975297989020275,7.595589372575275,0.7124264705882353,0.7124264705882353,515.372340425532,266.0,1169.0000000000005,5673.000000000001,1382352.9411764704,0.6400490196078431,0.6400490196078431,441.1148648648649,319.00000000000006,952.0,2150.0,1450980.392156863,0.5682990196078431,0.5682990196078431,342.9970414201184,269.5,676.7000000000002,1573.0,1656862.745098039,0.4918186274509804,0.4918186274509804,286.66,233.00000000000003,532.6000000000003,1176.0,1715686.2745098036,0.4159166666666666,0.4159166666666666,245.93333333333337,203.0,441.8000000000003,955.0,1691176.4705882352,169.00000000000003,1.6900000000000004e-07,0
fair_v3_balanced_ofdm_training,OFDM,20262105,-15,1000000000.0,5000000.0,1020,0.0155968420658744,0.1209753453789979,1.3793046368053854,60.16174054151641,17.79320392354886,5349636.077880858,0.7153624927749886,0.6987535358985701,0.0041010686576917,0.5957571018216263,1.447290587480541,2.731788569707365,7.592743508491131,0.009485294117647,0.009485294117647,175.9090909090909,129.0,254.00000000000003,254.00000000000003,53921.56862745097,0.0050490196078431,0.0050490196078431,206.00000000000003,206.00000000000003,206.00000000000003,206.00000000000003,24509.803921568626,0.0037745098039215,0.0037745098039215,154.0,154.0,154.0,154.0,24509.803921568626,0.0021323529411764,0.0021323529411764,87.00000000000001,87.00000000000001,87.00000000000001,87.00000000000001,24509.803921568626,0.0,0.0,0.0,0.0,0.0,0.0,0.0,162.00000000000003,1.6200000000000005e-07,1
fair_v3_balanced_ofdm_training,OFDM,20262105,-10,1000000000.0,5000000.0,1020,0.0277355431073735,0.2151279658098194,2.452789035802231,60.16174054151641,17.79320392354886,5349636.077880858,0.7153624927749886,0.6987535358985701,0.0041010686576917,0.5957571018216263,1.447290587480541,2.731788569707365,7.592743508491131,0.0726862745098039,0.0726862745098039,121.5409836065574,112.0,194.00000000000003,344.0,598039.2156862745,0.013406862745098,0.013406862745098,160.8823529411765,153.0,268.0,268.0,83333.33333333333,0.0085294117647058,0.0085294117647058,174.0,174.00000000000003,242.00000000000003,242.00000000000003,49019.60784313725,0.005906862745098,0.005906862745098,120.5,120.5,215.0,215.0,49019.60784313725,0.0045833333333333,0.0045833333333333,187.00000000000003,187.00000000000003,187.00000000000003,187.00000000000003,24509.803921568626,162.00000000000003,1.6200000000000005e-07,1
fair_v3_balanced_ofdm_training,OFDM,20262105,-6,1000000000.0,5000000.0,1020,0.043957873460088,0.34095484851999,3.887408645386214,60.16174054151641,17.79320392354886,5349636.077880858,0.7153624927749886,0.6987535358985701,0.0041010686576917,0.5957571018216263,1.447290587480541,2.731788569707365,7.592743508491131,0.2678529411764705,0.2678529411764705,172.37223974763404,155.0,301.6000000000003,618.0,1553921.5686274508,0.0897107843137254,0.0897107843137254,127.09027777777776,119.0,206.40000000000003,376.00000000000006,705882.3529411764,0.0239901960784313,0.0239901960784313,132.27027027027032,113.0,282.0,282.0,181372.54901960783,0.012063725490196,0.012063725490196,153.81250000000003,146.0,264.00000000000006,264.00000000000006,78431.3725490196,0.0089460784313725,0.0089460784313725,182.50000000000003,182.50000000000003,247.00000000000003,247.00000000000003,49019.60784313725,162.00000000000003,1.6200000000000005e-07,1
fair_v3_balanced_ofdm_training,OFDM,20262105,-3,1000000000.0,5000000.0,1020,0.0620921466441504,0.4816115245556498,5.491110662899111,60.16174054151641,17.79320392354886,5349636.077880858,0.7153624927749886,0.6987535358985701,0.0041010686576917,0.5957571018216263,1.447290587480541,2.731788569707365,7.592743508491131,0.4336617647058823,0.4336617647058823,245.0609418282549,208.0,464.0,957.0,1769607.8431372547,0.2357794117647058,0.2357794117647058,165.8586206896552,152.0,292.30000000000007,608.0,1421568.6274509802,0.1075343137254902,0.1075343137254902,135.41358024691357,128.0,216.9,402.0,794117.6470588234,0.0449901960784313,0.0449901960784313,117.66666666666669,94.5,196.69999999999996,319.00000000000006,382352.94117647054,0.0193872549019607,0.0193872549019607,136.3793103448276,126.0,278.0,278.0,142156.862745098,162.00000000000003,1.6200000000000005e-07,1
fair_v3_balanced_ofdm_training,OFDM,20262105,0,1000000000.0,5000000.0,1020,0.0877074883610843,0.680294360357859,7.756399973023335,60.16174054151641,17.79320392354886,5349636.077880858,0.7153624927749886,0.6987535358985701,0.0041010686576917,0.5957571018216263,1.447290587480541,2.731788569707365,7.592743508491131,0.5616127450980393,0.5616127450980393,316.48895027624314,236.00000000000003,616.9000000000001,1514.0,1774509.8039215684,0.4085196078431372,0.4085196078431372,236.08498583569408,201.0,432.4,950.0,1730392.1568627448,0.2665980392156862,0.2665980392156862,171.5646687697161,154.0,301.0000000000004,618.0,1553921.5686274508,0.1597892156862745,0.1597892156862745,144.23451327433628,130.5,246.5,479.0,1107843.137254902,0.0888970588235294,0.0888970588235294,126.8181818181818,119.0,206.4,374.00000000000006,700980.3921568627,162.00000000000003,1.6200000000000005e-07,1
fair_v3_balanced_ofdm_training,OFDM,20262105,3,1000000000.0,5000000.0,1020,0.1238901202545948,0.9609413254005972,10.95620617300638,60.16174054151641,17.79320392354886,5349636.077880858,0.7153624927749886,0.6987535358985701,0.0041010686576917,0.5957571018216263,1.447290587480541,2.731788569707365,7.592743508491131,0.6473823529411765,0.6473823529411765,426.0193548387097,280.5,926.3,2546.0000000000005,1519607.8431372547,0.5414803921568627,0.5414803921568627,296.94086021505376,230.00000000000003,590.6000000000003,1111.0,1823529.4117647056,0.4326862745098039,0.4326862745098039,243.8342541436464,208.0,456.8000000000001,956.0,1774509.8039215684,0.3325147058823529,0.3325147058823529,197.76384839650143,176.00000000000003,338.6,929.0,1681372.5490196077,0.234563725490196,0.234563725490196,165.00344827586207,152.0,291.30000000000007,607.0000000000001,1421568.6274509802,162.00000000000003,1.6200000000000005e-07,1
fair_v3_balanced_ofdm_training,OFDM,20262105,6,1000000000.0,5000000.0,1020,0.1749994462674431,1.3573657003078947,15.476052565999092,60.16174054151641,17.79320392354886,5349636.077880858,0.7153624927749886,0.6987535358985701,0.0041010686576917,0.5957571018216263,1.447290587480541,2.731788569707365,7.592743508491131,0.7113921568627452,0.7113921568627452,488.6329966329967,266.0,1210.4000000000017,2962.0,1455882.3529411764,0.6357696078431373,0.6357696078431373,400.2993827160495,260.0,883.0000000000001,2540.0000000000005,1588235.2941176468,0.5609852941176471,0.5609852941176471,315.2644628099174,236.00000000000003,616.6,1514.0,1779411.7647058822,0.4813431372549019,0.4813431372549019,263.2546916890081,222.0,494.00000000000006,968.0,1828431.3725490195,0.407593137254902,0.407593137254902,235.5495750708215,201.0,429.00000000000006,950.0,1730392.1568627448,162.00000000000003,1.6200000000000005e-07,1
fair_v3_balanced_ofdm_training,OFDM,20262205,-15,1000000000.0,5000000.0,1020,0.0155968420658744,0.1214733510490474,1.3849826658922428,60.658082273516975,17.828886758197687,5338191.986083983,0.7132747003363225,0.7008845852636009,0.0041108701949666,0.5923430103957514,1.4487659264288792,2.674181734065591,7.623999706244597,0.0093872549019607,0.0093872549019607,191.50000000000003,191.5,254.00000000000003,254.00000000000003,49019.60784313725,0.0050490196078431,0.0050490196078431,206.00000000000003,206.00000000000003,206.00000000000003,206.00000000000003,24509.803921568626,0.0037990196078431,0.0037990196078431,155.0,155.0,155.0,155.0,24509.803921568626,0.0021813725490196,0.0021813725490196,89.0,89.0,89.0,89.0,24509.803921568626,0.0,0.0,0.0,0.0,0.0,0.0,0.0,172.0,1.72e-07,2
fair_v3_balanced_ofdm_training,OFDM,20262205,-10,1000000000.0,5000000.0,1020,0.0277355431073735,0.216013559038951,2.462886158016992,60.658082273516975,17.828886758197687,5338191.986083983,0.7132747003363225,0.7008845852636009,0.0041108701949666,0.5923430103957514,1.4487659264288792,2.674181734065591,7.623999706244597,0.0712401960784313,0.0712401960784313,129.75892857142858,126.0,199.4000000000001,407.00000000000006,549019.6078431372,0.0127794117647058,0.0127794117647058,162.9375,153.0,269.00000000000006,269.00000000000006,78431.3725490196,0.008578431372549,0.008578431372549,175.00000000000003,175.00000000000003,242.00000000000003,242.00000000000003,49019.60784313725,0.0060049019607843,0.0060049019607843,122.5,122.5,215.0,215.0,49019.60784313725,0.0046078431372549,0.0046078431372549,188.00000000000003,188.00000000000003,188.00000000000003,188.00000000000003,24509.803921568626,172.0,1.72e-07,2
fair_v3_balanced_ofdm_training,OFDM,20262205,-6,1000000000.0,5000000.0,1020,0.043957873460088,0.3423584192001302,3.903411505647836,60.658082273516975,17.828886758197687,5338191.986083983,0.7132747003363225,0.7008845852636009,0.0041108701949666,0.5923430103957514,1.4487659264288792,2.674181734065591,7.623999706244597,0.268656862745098,0.268656862745098,186.41496598639452,161.00000000000003,319.7,671.0,1441176.4705882352,0.0885980392156862,0.0885980392156862,126.3916083916084,122.0,203.6,418.0,700980.3921568627,0.0261813725490196,0.0261813725490196,111.27083333333336,92.5,205.70000000000047,282.0,235294.1176470588,0.0115539215686274,0.0115539215686274,157.13333333333338,148.0,264.00000000000006,264.00000000000006,73529.41176470587,0.0089705882352941,0.0089705882352941,183.00000000000003,183.0,247.00000000000003,247.00000000000003,49019.60784313725,172.0,1.72e-07,2
fair_v3_balanced_ofdm_training,OFDM,20262205,-3,1000000000.0,5000000.0,1020,0.0620921466441505,0.4835941208378796,5.513715303840003,60.658082273516975,17.828886758197687,5338191.986083983,0.7132747003363225,0.7008845852636009,0.0041108701949666,0.5923430103957514,1.4487659264288792,2.674181734065591,7.623999706244597,0.4297549019607843,0.4297549019607843,242.85318559556785,205.00000000000003,435.0,1433.0,1769607.8431372547,0.2379607843137255,0.2379607843137255,174.61870503597123,152.0,302.30000000000007,662.0000000000001,1362745.0980392154,0.1087990196078431,0.1087990196078431,137.00617283950618,127.5,208.0,432.0,794117.6470588234,0.0454656862745098,0.0454656862745098,127.05479452054796,118.0,185.0,383.0,357843.1372549019,0.0189558823529411,0.0189558823529411,124.741935483871,101.0,278.0,278.0,151960.78431372548,172.0,1.72e-07,2
fair_v3_balanced_ofdm_training,OFDM,20262205,0,1000000000.0,5000000.0,1020,0.0877074883610843,0.6830948520423381,7.788329877035062,60.658082273516975,17.828886758197687,5338191.986083983,0.7132747003363225,0.7008845852636009,0.0041108701949666,0.5923430103957514,1.4487659264288792,2.674181734065591,7.623999706244597,0.5580637254901961,0.5580637254901961,329.9855072463768,246.0,626.0,2238.0,1691176.4705882352,0.4027352941176471,0.4027352941176471,237.45086705202317,202.50000000000003,409.0,930.0,1696078.431372549,0.2675882352941176,0.2675882352941176,185.6734693877551,160.0,319.7,671.0,1441176.4705882352,0.1606715686274509,0.1606715686274509,153.88262910798122,140.0,247.00000000000003,638.0000000000001,1044117.6470588234,0.0876519607843137,0.0876519607843137,127.72142857142858,123.0,204.40000000000003,417.00000000000006,686274.5098039214,172.0,1.72e-07,2
fair_v3_balanced_ofdm_training,OFDM,20262205,3,1000000000.0,5000000.0,1020,0.1238901202545948,0.964897125048328,11.001308361219143,60.658082273516975,17.828886758197687,5338191.986083983,0.7132747003363225,0.7008845852636009,0.0041108701949666,0.5923430103957514,1.4487659264288792,2.674181734065591,7.623999706244597,0.6438627450980392,0.6438627450980392,432.06578947368416,276.5,979.0,2479.0000000000005,1490196.0784313723,0.5392107843137255,0.5392107843137255,309.85633802816903,238.0,574.8000000000002,1934.0,1740196.0784313723,0.4286666666666666,0.4286666666666666,242.2382271468144,205.00000000000003,433.0,1433.0,1769607.8431372547,0.3257794117647059,0.3257794117647059,201.39090909090916,173.0,338.8000000000002,904.0,1617647.0588235292,0.2366617647058823,0.2366617647058823,174.92391304347828,152.50000000000003,302.5,662.0000000000001,1352941.176470588,172.0,1.72e-07,2
fair_v3_balanced_ofdm_training,OFDM,20262205,6,1000000000.0,5000000.0,1020,0.1749994462674432,1.3629534158293195,15.539761100194267,60.658082273516975,17.828886758197687,5338191.986083983,0.7132747003363225,0.7008845852636009,0.0041108701949666,0.5923430103957514,1.4487659264288792,2.674181734065591,7.623999706244597,0.7113382352941177,0.7113382352941177,521.9892086330934,248.0,1423.0000000000002,2896.0000000000005,1362745.0980392154,0.6317254901960784,0.6317254901960784,407.8227848101266,271.5,942.5,2473.0000000000005,1549019.607843137,0.5573284313725491,0.5573284313725491,330.5087209302326,245.50000000000003,626.0,2238.0,1686274.5098039214,0.4795392156862745,0.4795392156862745,271.73888888888894,223.00000000000003,481.2000000000001,1450.0,1764705.882352941,0.401828431372549,0.401828431372549,236.91618497109823,201.5,409.0,930.0,1696078.431372549,172.0,1.72e-07,2
fair_v3_balanced_ofdm_training,OFDM,20262305,-15,1000000000.0,5000000.0,1020,0.0155968420658744,0.1210218325143078,1.3798346615065653,60.207986068926,17.7965410048766,5342006.683349608,0.7156209730190174,0.6984888137796588,0.0040955900197608,0.596713093763075,1.4521879509015678,2.628821374263089,7.595661168232013,0.0093872549019607,0.0093872549019607,191.50000000000003,191.5,254.00000000000003,254.00000000000003,49019.60784313725,0.0050490196078431,0.0050490196078431,206.00000000000003,206.00000000000003,206.00000000000003,206.00000000000003,24509.803921568626,0.0037745098039215,0.0037745098039215,154.0,154.0,154.0,154.0,24509.803921568626,0.0021323529411764,0.0021323529411764,87.00000000000001,87.00000000000001,87.00000000000001,87.00000000000001,24509.803921568626,0.0,0.0,0.0,0.0,0.0,0.0,0.0,166.0,1.66e-07,3
fair_v3_balanced_ofdm_training,OFDM,20262305,-10,1000000000.0,5000000.0,1020,0.0277355431073735,0.2152106329253726,2.4537315678151512,60.207986068926,17.7965410048766,5342006.683349608,0.7156209730190174,0.6984888137796588,0.0040955900197608,0.596713093763075,1.4521879509015678,2.628821374263089,7.595661168232013,0.0722794117647058,0.0722794117647058,120.86065573770492,119.5,192.50000000000003,306.0,598039.2156862745,0.011563725490196,0.011563725490196,157.26666666666668,153.0,268.0,268.0,73529.41176470587,0.0085539215686274,0.0085539215686274,174.5,174.5,242.00000000000003,242.00000000000003,49019.60784313725,0.0059313725490196,0.0059313725490196,121.0,121.0,215.0,215.0,49019.60784313725,0.0045833333333333,0.0045833333333333,187.00000000000003,187.00000000000003,187.00000000000003,187.00000000000003,24509.803921568626,166.0,1.66e-07,3
fair_v3_balanced_ofdm_training,OFDM,20262305,-6,1000000000.0,5000000.0,1020,0.043957873460088,0.3410858670686706,3.888902457957169,60.207986068926,17.7965410048766,5342006.683349608,0.7156209730190174,0.6984888137796588,0.0040955900197608,0.596713093763075,1.4521879509015678,2.628821374263089,7.595661168232013,0.2682303921568627,0.2682303921568627,186.7542662116041,173.0,311.00000000000006,591.0,1436274.5098039214,0.0892990196078431,0.0892990196078431,125.63448275862068,125.0,196.0,318.0,710784.3137254901,0.0244901960784313,0.0244901960784313,118.95238095238096,99.5,276.1,282.0,205882.35294117645,0.0104656862745098,0.0104656862745098,194.09090909090912,147.0,264.00000000000006,264.00000000000006,53921.56862745097,0.0089460784313725,0.0089460784313725,182.50000000000003,182.50000000000003,247.00000000000003,247.00000000000003,49019.60784313725,166.0,1.66e-07,3
fair_v3_balanced_ofdm_training,OFDM,20262305,-3,1000000000.0,5000000.0,1020,0.0620921466441504,0.4817965931747032,5.493220729240213,60.207986068926,17.7965410048766,5342006.683349608,0.7156209730190174,0.6984888137796588,0.0040955900197608,0.596713093763075,1.4521879509015678,2.628821374263089,7.595661168232013,0.4329950980392157,0.4329950980392157,250.9403409090909,205.5,457.70000000000016,1132.0000000000002,1725490.196078431,0.2404558823529411,0.2404558823529411,175.1892857142857,168.5,270.5,507.00000000000006,1372549.019607843,0.1097549019607843,0.1097549019607843,134.07185628742516,132.00000000000003,202.0,331.00000000000006,818627.450980392,0.0465,0.0465,115.68292682926833,105.0,184.0,290.00000000000006,401960.7843137254,0.0190931372549019,0.0190931372549019,118.03030303030306,80.0,278.0,278.0,161764.70588235292,166.0,1.66e-07,3
fair_v3_balanced_ofdm_training,OFDM,20262305,0,1000000000.0,5000000.0,1020,0.0877074883610843,0.6805557767306033,7.759380520951787,60.207986068926,17.7965410048766,5342006.683349608,0.7156209730190174,0.6984888137796588,0.0040955900197608,0.596713093763075,1.4521879509015678,2.628821374263089,7.595661168232013,0.5651274509803922,0.5651274509803922,337.09356725146205,250.00000000000003,698.0,1981.0,1676470.588235294,0.4075,0.4075,236.16477272727272,198.0,420.1000000000003,946.0,1725490.196078431,0.2670833333333333,0.2670833333333333,186.59246575342468,173.0,311.5000000000002,591.0,1431372.5490196077,0.1615882352941176,0.1615882352941176,147.82062780269058,142.0,227.8,458.00000000000006,1093137.2549019607,0.0885294117647058,0.0885294117647058,125.41666666666669,125.5,196.50000000000009,318.0,705882.3529411764,166.0,1.66e-07,3
fair_v3_balanced_ofdm_training,OFDM,20262305,3,1000000000.0,5000000.0,1020,0.1238901202545948,0.9613105858418778,10.960416308858866,60.207986068926,17.7965410048766,5342006.683349608,0.7156209730190174,0.6984888137796588,0.0040955900197608,0.596713093763075,1.4521879509015678,2.628821374263089,7.595661168232013,0.6476862745098039,0.6476862745098039,449.4149659863946,294.0,1002.3999999999996,2794.0000000000005,1441176.4705882352,0.5453676470588236,0.5453676470588236,312.51404494382024,234.0,638.5000000000001,1969.0,1745098.039215686,0.4319656862745098,0.4319656862745098,251.05698005698008,207.0,457.00000000000006,1131.0,1720588.2352941174,0.3268627450980392,0.3268627450980392,203.2926829268293,181.00000000000003,356.0,717.0000000000001,1607843.1372549017,0.2394264705882353,0.2394264705882353,175.06451612903228,168.00000000000003,271.00000000000006,507.00000000000006,1367647.0588235292,166.0,1.66e-07,3
fair_v3_balanced_ofdm_training,OFDM,20262305,6,1000000000.0,5000000.0,1020,0.1749994462674432,1.3578872945449474,15.481999540958691,60.207986068926,17.7965410048766,5342006.683349608,0.7156209730190174,0.6984888137796588,0.0040955900197608,0.596713093763075,1.4521879509015678,2.628821374263089,7.595661168232013,0.7104411764705882,0.7104411764705882,513.936170212766,255.0,1471.1,3428.0,1382352.9411764704,0.6360931372549019,0.6360931372549019,428.26072607260727,283.00000000000006,965.6,2409.0,1485294.1176470586,0.5644166666666667,0.5644166666666667,335.68804664723035,250.00000000000003,689.8000000000005,1980.0,1681372.5490196077,0.4812254901960784,0.4812254901960784,272.6944444444445,223.00000000000003,507.60000000000025,1375.0000000000002,1764705.882352941,0.4063872549019607,0.4063872549019607,234.8526912181303,197.0,411.00000000000006,944.0,1730392.1568627448,166.0,1.66e-07,3
fair_v3_balanced_ofdm_training,OFDM,20262405,-15,1000000000.0,5000000.0,1020,0.0155968420658744,0.1213160228769985,1.383188883229112,60.501059435328834,17.817629796588946,5342960.357666015,0.7167343189118093,0.6973463386969382,0.0041126176374036,0.6033735035556698,1.4461056908980583,2.6773470366835164,7.614125359919861,0.0095588235294117,0.0095588235294117,177.2727272727273,129.0,254.00000000000003,254.00000000000003,53921.56862745097,0.0050490196078431,0.0050490196078431,206.00000000000003,206.00000000000003,206.00000000000003,206.00000000000003,24509.803921568626,0.0037745098039215,0.0037745098039215,154.0,154.0,154.0,154.0,24509.803921568626,0.0021813725490196,0.0021813725490196,89.0,89.0,89.0,89.0,24509.803921568626,0.0,0.0,0.0,0.0,0.0,0.0,0.0,166.0,1.66e-07,4
fair_v3_balanced_ofdm_training,OFDM,20262405,-10,1000000000.0,5000000.0,1020,0.0277355431073735,0.2157337855899774,2.459696311241061,60.501059435328834,17.817629796588946,5342960.357666015,0.7167343189118093,0.6973463386969382,0.0041126176374036,0.6033735035556698,1.4461056908980583,2.6773470366835164,7.614125359919861,0.070235294117647,0.070235294117647,127.92857142857142,122.5,206.00000000000003,328.0,549019.6078431372,0.0123676470588235,0.0123676470588235,140.16666666666666,153.0,268.0,268.0,88235.29411764705,0.008578431372549,0.008578431372549,175.00000000000003,175.00000000000003,242.00000000000003,242.00000000000003,49019.60784313725,0.0059803921568627,0.0059803921568627,122.0,122.0,215.0,215.0,49019.60784313725,0.0045833333333333,0.0045833333333333,187.00000000000003,187.00000000000003,187.00000000000003,187.00000000000003,24509.803921568626,166.0,1.66e-07,4
fair_v3_balanced_ofdm_training,OFDM,20262405,-6,1000000000.0,5000000.0,1020,0.043957873460088,0.3419150081654207,3.8983559392076703,60.501059435328834,17.817629796588946,5342960.357666015,0.7167343189118093,0.6973463386969382,0.0041126176374036,0.6033735035556698,1.4461056908980583,2.6773470366835164,7.614125359919861,0.2688970588235294,0.2688970588235294,178.68078175895766,161.0,317.8000000000001,580.0000000000001,1504901.9607843135,0.0873970588235294,0.0873970588235294,126.44680851063828,122.0,215.0,449.0,691176.4705882352,0.0239362745098039,0.0239362745098039,119.09756097560977,93.0,282.0,282.0,200980.3921568627,0.0105686274509803,0.0105686274509803,196.0,147.0,264.00000000000006,264.00000000000006,53921.56862745097,0.0089460784313725,0.0089460784313725,182.50000000000003,182.50000000000003,247.00000000000003,247.00000000000003,49019.60784313725,166.0,1.66e-07,4
fair_v3_balanced_ofdm_training,OFDM,20262405,-3,1000000000.0,5000000.0,1020,0.0620921466441504,0.4829677861036524,5.506574126433934,60.501059435328834,17.817629796588946,5342960.357666015,0.7167343189118093,0.6973463386969382,0.0041126176374036,0.6033735035556698,1.4461056908980583,2.6773470366835164,7.614125359919861,0.4372892156862745,0.4372892156862745,241.75338753387533,205.00000000000003,458.00000000000006,860.0,1808823.5294117648,0.2395441176470588,0.2395441176470588,170.26829268292684,156.00000000000003,293.8000000000001,565.0,1406862.745098039,0.1086078431372549,0.1086078431372549,133.4698795180723,122.0,222.0,474.00000000000006,813725.4901960783,0.0435833333333333,0.0435833333333333,120.14864864864865,111.5,201.00000000000009,292.0,362745.09803921566,0.017813725490196,0.017813725490196,129.78571428571428,116.5,278.0,278.0,137254.9019607843,166.0,1.66e-07,4
fair_v3_balanced_ofdm_training,OFDM,20262405,0,1000000000.0,5000000.0,1020,0.0877074883610843,0.6822101307147408,7.778242695836178,60.501059435328834,17.817629796588946,5342960.357666015,0.7167343189118093,0.6973463386969382,0.0041126176374036,0.6033735035556698,1.4461056908980583,2.6773470366835164,7.614125359919861,0.5648676470588235,0.5648676470588235,333.0433526011561,251.50000000000009,640.5,1810.0,1696078.431372549,0.4099019607843137,0.4099019607843137,230.9944751381216,199.5,420.8000000000001,845.0000000000001,1774509.8039215684,0.2677254901960784,0.2677254901960784,178.483660130719,161.00000000000003,318.00000000000006,580.0000000000001,1499999.9999999998,0.1602401960784313,0.1602401960784313,145.28444444444446,133.0,241.6,517.0,1102941.1764705882,0.086485294117647,0.086485294117647,126.92805755395683,122.0,215.4,449.0,681372.5490196077,166.0,1.66e-07,4
fair_v3_balanced_ofdm_training,OFDM,20262405,3,1000000000.0,5000000.0,1020,0.1238901202545948,0.9636474229565682,10.98705983905631,60.501059435328834,17.817629796588946,5342960.357666015,0.7167343189118093,0.6973463386969382,0.0041126176374036,0.6033735035556698,1.4461056908980583,2.6773470366835164,7.614125359919861,0.6504411764705882,0.6504411764705882,442.3,291.0,997.0000000000005,2522.0,1470588.2352941174,0.5460833333333334,0.5460833333333334,307.7375690607735,241.0,587.6000000000003,1804.0,1774509.8039215684,0.4361470588235294,0.4361470588235294,239.17741935483875,204.5,445.7000000000005,860.0,1823529.4117647056,0.3314411764705882,0.3314411764705882,195.9826086956522,174.00000000000003,351.2000000000001,648.0000000000001,1691176.4705882352,0.2385147058823529,0.2385147058823529,169.53658536585368,154.0,293.8000000000001,564.0,1406862.745098039,166.0,1.66e-07,4
