noise_scale,table,modulation,Pavg_over_P1dB_dB,AIR_full_mean,AIR_ref_mean,loss_mean,loss_ci_lo,loss_ci_hi,rel_loss_pct,rel_loss_ci_lo,rel_loss_ci_hi,n,control,excess_mean,ci_lo,ci_hi,limit_pct,P_minus_P1dB_dB,boot_lo,boot_hi,n_seeds,censored_at_grid_top,below_grid,eff_SNR_dB
0.25,loss_full,CE,-15.0,0.7154447827165039,0.8117080691257349,0.09626328640923099,0.06566138147774844,0.12686519134071353,11.833253080338736,8.432392021415067,15.234114139262404,4.0,,,,,,,,,,,,
0.25,loss_full,CE,-10.0,0.7516010378084605,0.8117080691257349,0.06010703131727427,0.04590464244911486,0.07430942018543367,7.405630188530805,5.745180650428908,9.066079726632703,4.0,,,,,,,,,,,,
0.25,loss_full,CE,-6.0,0.8115210300831961,0.8115210300831961,0.0,0.0,0.0,0.0,0.0,0.0,8.0,,,,,,,,,,,,
0.25,loss_full,CE,-3.0,0.889290114725936,0.8115210300831961,-0.07776908464273993,-0.08656462977222211,-0.06897353951325776,-9.602199723098535,-10.76763437573365,-8.43676507046342,8.0,,,,,,,,,,,,
0.25,loss_full,CE,0.0,0.9380062961840525,0.8115210300831961,-0.12648526610085653,-0.14904935330962224,-0.10392117889209081,-15.579772945372085,-18.344086705976817,-12.81545918476735,8.0,,,,,,,,,,,,
0.25,loss_full,CE,3.0,0.4039831757894852,0.8115210300831961,0.4075378542937108,0.12181051205988525,0.6932651965275364,50.067991920123326,14.568696428355999,85.56728741189065,8.0,,,,,,,,,,,,
0.25,loss_full,CE,6.0,-0.011800303951967822,0.8115210300831961,0.8233213340351638,0.673001573751756,0.9736410943185717,101.25487753627057,84.01249494756105,118.49726012498009,8.0,,,,,,,,,,,,
0.25,loss_full,QPSK,-15.0,1.9441593438009825,1.9389111595108837,-0.005248184290098934,-0.01711613615578728,0.0066197675755894116,-0.27095181099531007,-0.883494469856523,0.3415908478659029,4.0,,,,,,,,,,,,
0.25,loss_full,QPSK,-10.0,1.9452709242601127,1.9389111595108837,-0.00635976474922878,-0.012081477690089572,-0.0006380518083679869,-0.3281385305278959,-0.6236823648433949,-0.03259469621239691,4.0,,,,,,,,,,,,
0.25,loss_full,QPSK,-6.0,1.9370391684174226,1.9370391684174226,0.0,0.0,0.0,0.0,0.0,0.0,8.0,,,,,,,,,,,,
0.25,loss_full,QPSK,-3.0,1.9163021785140173,1.9370391684174226,0.02073698990340539,0.018247527642686077,0.0232264521641247,1.0705954787725187,0.9418643745395423,1.199326583005495,8.0,,,,,,,,,,,,
0.25,loss_full,QPSK,0.0,1.8329360620766528,1.9370391684174226,0.10410310634076997,0.09201345529663343,0.1161927573849065,5.375033686903237,4.74571203405458,6.004355339751894,8.0,,,,,,,,,,,,
0.25,loss_full,QPSK,3.0,1.536172217329618,1.9370391684174226,0.4008669510878048,0.36821159557868466,0.4335223065969249,20.693350365499732,19.023855481548424,22.36284524945104,8.0,,,,,,,,,,,,
0.25,loss_full,QPSK,6.0,1.1000122724439791,1.9370391684174226,0.8370268959734435,0.7700580322687886,0.9039957596780984,43.21008240990757,39.77485005879906,46.64531476101608,8.0,,,,,,,,,,,,
0.25,loss_full,16QAM,-15.0,2.378321130445533,2.3464102576038908,-0.031910872841641846,-0.03720290302951979,-0.0266188426537639,-1.360595574348893,-1.5961708754475428,-1.1250202732502435,4.0,,,,,,,,,,,,
0.25,loss_full,16QAM,-10.0,2.378515191483305,2.3464102576038908,-0.032104933879414044,-0.038983121490409986,-0.025226746268418105,-1.368187629937282,-1.6589169703148983,-1.0774582895596656,4.0,,,,,,,,,,,,
0.25,loss_full,16QAM,-6.0,2.3658257231302025,2.3658257231302025,0.0,0.0,0.0,0.0,0.0,0.0,8.0,,,,,,,,,,,,
0.25,loss_full,16QAM,-3.0,2.283319431958012,2.3658257231302025,0.08250629117219105,0.06602933032978928,0.09898325201459282,3.4889078627686096,2.7890356887647165,4.188780036772503,8.0,,,,,,,,,,,,
0.25,loss_full,16QAM,0.0,2.027679515699183,2.3658257231302025,0.3381462074310202,0.28763175078859016,0.38866066407345023,14.310949775987497,12.080194084855782,16.541705467119215,8.0,,,,,,,,,,,,
0.25,loss_full,16QAM,3.0,1.5207670591264304,2.3658257231302025,0.8450586640037724,0.7332390935457845,0.9568782344617602,35.75685305952699,30.84020169526762,40.673504423786355,8.0,,,,,,,,,,,,
0.25,loss_full,16QAM,6.0,1.0643041412207899,2.3658257231302025,1.301521581909413,1.2170074037144971,1.386035760104329,55.00246479956311,51.67510137660439,58.329828222521826,8.0,,,,,,,,,,,,
0.25,loss_full,OFDM,-15.0,2.0,2.0,0.0,0.0,0.0,0.0,0.0,0.0,4.0,,,,,,,,,,,,
0.25,loss_full,OFDM,-10.0,2.0,2.0,0.0,0.0,0.0,0.0,0.0,0.0,4.0,,,,,,,,,,,,
0.25,loss_full,OFDM,-6.0,2.0,2.0,0.0,0.0,0.0,0.0,0.0,0.0,8.0,,,,,,,,,,,,
0.25,loss_full,OFDM,-3.0,2.0,2.0,0.0,0.0,0.0,0.0,0.0,0.0,8.0,,,,,,,,,,,,
0.25,loss_full,OFDM,0.0,1.9913524218987537,2.0,0.00864757810124625,-0.0035297435877017676,0.02082489979019427,0.4323789050623125,-0.17648717938508846,1.0412449895097136,8.0,,,,,,,,,,,,
0.25,loss_full,OFDM,3.0,1.8883103704967914,2.0,0.11168962950320846,0.05089506763622836,0.17248419137018856,5.584481475160422,2.544753381811418,8.624209568509427,8.0,,,,,,,,,,,,
0.25,loss_full,OFDM,6.0,1.7687058003820715,2.0,0.23129419961792844,0.17581791362266821,0.28677048561318863,11.564709980896422,8.79089568113341,14.338524280659435,8.0,,,,,,,,,,,,
0.25,surrogate_minus_full,CE,-15.0,,,,,,,,,4.0,static_mh,0.2703831080211399,0.22614420746598377,0.314622008576296,,,,,,,,
0.25,surrogate_minus_full,CE,-15.0,,,,,,,,,4.0,static_lti_mh,-0.017042342715303166,-0.027867617438532357,-0.006217067992073975,,,,,,,,
0.25,surrogate_minus_full,CE,-15.0,,,,,,,,,4.0,dsh,-0.017042342715296338,-0.02786761743847583,-0.006217067992116845,,,,,,,,
0.25,surrogate_minus_full,CE,-10.0,,,,,,,,,4.0,static_mh,0.23651979940235907,0.18995786266819534,0.28308173613652277,,,,,,,,
0.25,surrogate_minus_full,CE,-10.0,,,,,,,,,4.0,static_lti_mh,-0.04519936468747679,-0.055275399164821715,-0.035123330210131865,,,,,,,,
0.25,surrogate_minus_full,CE,-10.0,,,,,,,,,4.0,dsh,-0.0451993646874668,-0.055275399164781615,-0.03512333021015198,,,,,,,,
0.25,surrogate_minus_full,CE,-6.0,,,,,,,,,8.0,static_mh,0.17824569615371394,0.15609903390422036,0.20039235840320752,,,,,,,,
0.25,surrogate_minus_full,CE,-6.0,,,,,,,,,8.0,static_lti_mh,-0.10993877314199038,-0.12320194508740777,-0.096675601196573,,,,,,,,
0.25,surrogate_minus_full,CE,-6.0,,,,,,,,,8.0,dsh,-0.10993877314200788,-0.1232019450874304,-0.09667560119658536,,,,,,,,
0.25,surrogate_minus_full,CE,-3.0,,,,,,,,,8.0,static_mh,0.10046682537491403,0.07916475259506982,0.12176889815475823,,,,,,,,
0.25,surrogate_minus_full,CE,-3.0,,,,,,,,,8.0,static_lti_mh,-0.18866578850723398,-0.20889139327753165,-0.1684401837369363,,,,,,,,
0.25,surrogate_minus_full,CE,-3.0,,,,,,,,,8.0,dsh,-0.188665788507234,-0.2088913932775346,-0.16844018373693342,,,,,,,,
0.25,surrogate_minus_full,CE,0.0,,,,,,,,,8.0,static_mh,0.05138109661159522,0.017839183996973207,0.08492300922621723,,,,,,,,
0.25,surrogate_minus_full,CE,0.0,,,,,,,,,8.0,static_lti_mh,-0.2397608305258233,-0.26932300650108465,-0.210198654550562,,,,,,,,
0.25,surrogate_minus_full,CE,0.0,,,,,,,,,8.0,dsh,-0.23976083052583233,-0.26932300650108704,-0.21019865455057762,,,,,,,,
0.25,surrogate_minus_full,CE,3.0,,,,,,,,,8.0,static_mh,0.5839749988833726,0.2988818178394898,0.8690681799272553,,,,,,,,
0.25,surrogate_minus_full,CE,3.0,,,,,,,,,8.0,static_lti_mh,0.28847193222863704,0.005231541174836318,0.5717123232824377,,,,,,,,
0.25,surrogate_minus_full,CE,3.0,,,,,,,,,8.0,dsh,0.2884719322286163,0.005231541174807064,0.5717123232824255,,,,,,,,
0.25,surrogate_minus_full,CE,6.0,,,,,,,,,8.0,static_mh,0.996823478514949,0.8541011842903383,1.1395457727395597,,,,,,,,
0.25,surrogate_minus_full,CE,6.0,,,,,,,,,8.0,static_lti_mh,0.6927966630483458,0.542975615761684,0.8426177103350075,,,,,,,,
0.25,surrogate_minus_full,CE,6.0,,,,,,,,,8.0,dsh,0.6927966630483645,0.5429756157617021,0.842617710335027,,,,,,,,
0.25,surrogate_minus_full,QPSK,-15.0,,,,,,,,,4.0,static_mh,0.05584065619901729,0.04654612040790747,0.06513519199012711,,,,,,,,
0.25,surrogate_minus_full,QPSK,-15.0,,,,,,,,,4.0,static_lti_mh,0.0018654338489626499,-3.306687104463377e-05,0.0037639345689699337,,,,,,,,
0.25,surrogate_minus_full,QPSK,-15.0,,,,,,,,,4.0,dsh,0.001738725062053359,-0.00012474609539667582,0.003602196219503394,,,,,,,,
0.25,surrogate_minus_full,QPSK,-10.0,,,,,,,,,4.0,static_mh,0.05472907573975716,0.05089554836260717,0.05856260311690715,,,,,,,,
0.25,surrogate_minus_full,QPSK,-10.0,,,,,,,,,4.0,static_lti_mh,0.004047669014642152,-5.677149062268457e-05,0.00815210951990699,,,,,,,,
0.25,surrogate_minus_full,QPSK,-10.0,,,,,,,,,4.0,dsh,0.003650775650992033,-0.00041694184907741134,0.0077184931510614774,,,,,,,,
0.25,surrogate_minus_full,QPSK,-6.0,,,,,,,,,8.0,static_mh,0.06296080493391198,0.057295376557759466,0.0686262333100645,,,,,,,,
0.25,surrogate_minus_full,QPSK,-6.0,,,,,,,,,8.0,static_lti_mh,0.01047718777331419,0.006882940845011195,0.014071434701617183,,,,,,,,
0.25,surrogate_minus_full,QPSK,-6.0,,,,,,,,,8.0,dsh,0.009377906133204494,0.005932037744656669,0.01282377452175232,,,,,,,,
0.25,surrogate_minus_full,QPSK,-3.0,,,,,,,,,8.0,static_mh,0.08369764656565618,0.07735263457621118,0.09004265855510117,,,,,,,,
0.25,surrogate_minus_full,QPSK,-3.0,,,,,,,,,8.0,static_lti_mh,0.03218223940444759,0.027042394316948517,0.03732208449194666,,,,,,,,
0.25,surrogate_minus_full,QPSK,-3.0,,,,,,,,,8.0,dsh,0.030641647779309195,0.025815454814555248,0.035467840744063145,,,,,,,,
0.25,surrogate_minus_full,QPSK,0.0,,,,,,,,,8.0,static_mh,0.16706393792071283,0.1523706966070283,0.18175717923439738,,,,,,,,
0.25,surrogate_minus_full,QPSK,0.0,,,,,,,,,8.0,static_lti_mh,0.11597313991476033,0.10393233117770787,0.1280139486518128,,,,,,,,
0.25,surrogate_minus_full,QPSK,0.0,,,,,,,,,8.0,dsh,0.11459600481831397,0.10325107251404939,0.12594093712257856,,,,,,,,
0.25,surrogate_minus_full,QPSK,3.0,,,,,,,,,8.0,static_mh,0.4027469453607414,0.36701837830577927,0.43847551241570354,,,,,,,,
0.25,surrogate_minus_full,QPSK,3.0,,,,,,,,,8.0,static_lti_mh,0.40698134226446003,0.37866711465539393,0.43529556987352613,,,,,,,,
0.25,surrogate_minus_full,QPSK,3.0,,,,,,,,,8.0,dsh,0.4085961356052902,0.37854364331463575,0.4386486278959446,,,,,,,,
0.25,surrogate_minus_full,QPSK,6.0,,,,,,,,,8.0,static_mh,0.011660210247287167,-0.0833808598049391,0.10670128029951344,,,,,,,,
0.25,surrogate_minus_full,QPSK,6.0,,,,,,,,,8.0,static_lti_mh,0.8160765931886864,0.7514568192243111,0.8806963671530618,,,,,,,,
0.25,surrogate_minus_full,QPSK,6.0,,,,,,,,,8.0,dsh,0.8385081233069733,0.7720059807622486,0.9050102658516981,,,,,,,,
0.25,surrogate_minus_full,16QAM,-15.0,,,,,,,,,4.0,static_mh,1.5726137968662282,1.4901046874936132,1.655122906238843,,,,,,,,
0.25,surrogate_minus_full,16QAM,-15.0,,,,,,,,,4.0,static_lti_mh,0.002414900511335749,-0.006867958416776402,0.0116977594394479,,,,,,,,
0.25,surrogate_minus_full,16QAM,-15.0,,,,,,,,,4.0,dsh,0.003131939159100261,-0.005528526061129085,0.011792404379329607,,,,,,,,
0.25,surrogate_minus_full,16QAM,-10.0,,,,,,,,,4.0,static_mh,1.4106436547721903,1.3204178495634513,1.5008694599809294,,,,,,,,
0.25,surrogate_minus_full,16QAM,-10.0,,,,,,,,,4.0,static_lti_mh,0.009806752823841025,-0.0026349614028001195,0.022248467050482168,,,,,,,,
0.25,surrogate_minus_full,16QAM,-10.0,,,,,,,,,4.0,dsh,0.012161487751193745,0.001408792568332021,0.02291418293405547,,,,,,,,
0.25,surrogate_minus_full,16QAM,-6.0,,,,,,,,,8.0,static_mh,1.1965626800579798,1.1289276830318253,1.2641976770841343,,,,,,,,
0.25,surrogate_minus_full,16QAM,-6.0,,,,,,,,,8.0,static_lti_mh,0.033849682613135645,0.025063068761767837,0.042636296464503454,,,,,,,,
0.25,surrogate_minus_full,16QAM,-6.0,,,,,,,,,8.0,dsh,0.03941115955042812,0.03059307416359202,0.04822924493726422,,,,,,,,
0.25,surrogate_minus_full,16QAM,-3.0,,,,,,,,,8.0,static_mh,1.254549167753634,1.1756678616737826,1.3334304738334855,,,,,,,,
0.25,surrogate_minus_full,16QAM,-3.0,,,,,,,,,8.0,static_lti_mh,0.1078408887695615,0.08688717821670858,0.1287945993224144,,,,,,,,
0.25,surrogate_minus_full,16QAM,-3.0,,,,,,,,,8.0,dsh,0.12156753018309402,0.09813100212921758,0.14500405823697046,,,,,,,,
0.25,surrogate_minus_full,16QAM,0.0,,,,,,,,,8.0,static_mh,1.5068489896374189,1.4112739515084467,1.602424027766391,,,,,,,,
0.25,surrogate_minus_full,16QAM,0.0,,,,,,,,,8.0,static_lti_mh,0.33755131741749783,0.2839382727207587,0.39116436211423694,,,,,,,,
0.25,surrogate_minus_full,16QAM,0.0,,,,,,,,,8.0,dsh,0.3744048039062249,0.3161012889917266,0.43270831882072314,,,,,,,,
0.25,surrogate_minus_full,16QAM,3.0,,,,,,,,,8.0,static_mh,0.6082718364197206,0.4461098289615034,0.7704338438779378,,,,,,,,
0.25,surrogate_minus_full,16QAM,3.0,,,,,,,,,8.0,static_lti_mh,0.749660950757155,0.6425922138341527,0.8567296876801573,,,,,,,,
0.25,surrogate_minus_full,16QAM,3.0,,,,,,,,,8.0,dsh,0.8693827147825774,0.7523047432344583,0.9864606863306966,,,,,,,,
0.25,surrogate_minus_full,16QAM,6.0,,,,,,,,,8.0,static_mh,-0.024592493512270636,-0.15448391347469614,0.10529892645015487,,,,,,,,
0.25,surrogate_minus_full,16QAM,6.0,,,,,,,,,8.0,static_lti_mh,0.8933355954277287,0.8250231130366512,0.9616480778188061,,,,,,,,
0.25,surrogate_minus_full,16QAM,6.0,,,,,,,,,8.0,dsh,1.2974159615207643,1.227093264607755,1.3677386584337736,,,,,,,,
0.25,surrogate_minus_full,OFDM,-15.0,,,,,,,,,4.0,static_mh,-8.51624326614342e-12,-3.378901124764708e-11,1.6756524715360242e-11,,,,,,,,
0.25,surrogate_minus_full,OFDM,-15.0,,,,,,,,,4.0,static_lti_mh,0.0,0.0,0.0,,,,,,,,
0.25,surrogate_minus_full,OFDM,-15.0,,,,,,,,,4.0,dsh,0.0,0.0,0.0,,,,,,,,
0.25,surrogate_minus_full,OFDM,-10.0,,,,,,,,,4.0,static_mh,-0.008901029291242757,-0.021728049064153696,0.003925990481668182,,,,,,,,
0.25,surrogate_minus_full,OFDM,-10.0,,,,,,,,,4.0,static_lti_mh,0.0,0.0,0.0,,,,,,,,
0.25,surrogate_minus_full,OFDM,-10.0,,,,,,,,,4.0,dsh,0.0,0.0,0.0,,,,,,,,
0.25,surrogate_minus_full,OFDM,-6.0,,,,,,,,,8.0,static_mh,-0.0548988938756694,-0.08297905610893111,-0.026818731642407702,,,,,,,,
0.25,surrogate_minus_full,OFDM,-6.0,,,,,,,,,8.0,static_lti_mh,0.0,0.0,0.0,,,,,,,,
0.25,surrogate_minus_full,OFDM,-6.0,,,,,,,,,8.0,dsh,0.0,0.0,0.0,,,,,,,,
0.25,surrogate_minus_full,OFDM,-3.0,,,,,,,,,8.0,static_mh,-0.027235146306069685,-0.04699464748574664,-0.007475645126392729,,,,,,,,
0.25,surrogate_minus_full,OFDM,-3.0,,,,,,,,,8.0,static_lti_mh,0.0,0.0,0.0,,,,,,,,
0.25,surrogate_minus_full,OFDM,-3.0,,,,,,,,,8.0,dsh,0.0,0.0,0.0,,,,,,,,
0.25,surrogate_minus_full,OFDM,0.0,,,,,,,,,8.0,static_mh,-0.18359156504008092,-0.2616971414101814,-0.10548598866998042,,,,,,,,
0.25,surrogate_minus_full,OFDM,0.0,,,,,,,,,8.0,static_lti_mh,0.008647578093517877,-0.003529743599771243,0.020824899786806995,,,,,,,,
0.25,surrogate_minus_full,OFDM,0.0,,,,,,,,,8.0,dsh,0.00864757810124625,-0.0035297435877017676,0.02082489979019427,,,,,,,,
0.25,surrogate_minus_full,OFDM,3.0,,,,,,,,,8.0,static_mh,-0.8794411546464719,-0.9685453382803874,-0.7903369710125564,,,,,,,,
0.25,surrogate_minus_full,OFDM,3.0,,,,,,,,,8.0,static_lti_mh,0.10552514694502807,0.0435510171632783,0.16749927672677783,,,,,,,,
0.25,surrogate_minus_full,OFDM,3.0,,,,,,,,,8.0,dsh,0.11168962950320846,0.05089506763622836,0.17248419137018856,,,,,,,,
0.25,surrogate_minus_full,OFDM,6.0,,,,,,,,,8.0,static_mh,-1.4343889121277131,-1.5634537189671431,-1.3053241052882831,,,,,,,,
0.25,surrogate_minus_full,OFDM,6.0,,,,,,,,,8.0,static_lti_mh,-0.10983009840191116,-0.19151285771831714,-0.02814733908550518,,,,,,,,
0.25,surrogate_minus_full,OFDM,6.0,,,,,,,,,8.0,dsh,0.23129417510143518,0.1758178727754321,0.2867704774274383,,,,,,,,
0.25,threshold,CE,,,,,,,,,,,,,,,5.0,0.9404633800193029,0.6422464911496693,1.6423785500319517,8.0,False,False,
0.25,threshold,CE,,,,,,,,,,,,,,,10.0,1.1689555462146524,0.8059190718634185,2.005381147974804,8.0,False,False,
0.25,threshold,QPSK,,,,,,,,,,,,,,,5.0,-0.2613816266625668,-0.5420635229621715,0.021234660939299085,8.0,False,False,
0.25,threshold,QPSK,,,,,,,,,,,,,,,10.0,0.905771778349313,0.7974068397417895,1.0571761514854343,8.0,False,False,
0.25,threshold,16QAM,,,,,,,,,,,,,,,5.0,-2.581107110095658,-2.7552847755203067,-2.370303617668601,8.0,False,False,
0.25,threshold,16QAM,,,,,,,,,,,,,,,10.0,-1.1950470559687354,-1.5125120911244334,-0.8282204601378929,8.0,False,False,
0.25,threshold,OFDM,,,,,,,,,,,,,,,5.0,2.659664301782742,1.7216657994532458,3.6474907043562093,8.0,False,False,
0.25,threshold,OFDM,,,,,,,,,,,,,,,10.0,5.215058431598919,4.270666843490543,6.0,8.0,False,False,
0.25,effective_SNR_dB,16QAM,-15.0,,,,,,,,,,,,,,,,,,,,,27.282209512296028
0.25,effective_SNR_dB,16QAM,-10.0,,,,,,,,,,,,,,,,,,,,,32.2822093835329
0.25,effective_SNR_dB,16QAM,-6.0,,,,,,,,,,,,,,,,,,,,,36.2476061646074
0.25,effective_SNR_dB,16QAM,-3.0,,,,,,,,,,,,,,,,,,,,,39.24760615261918
0.25,effective_SNR_dB,16QAM,0.0,,,,,,,,,,,,,,,,,,,,,42.24760615094126
0.25,effective_SNR_dB,16QAM,3.0,,,,,,,,,,,,,,,,,,,,,45.247606153166075
0.25,effective_SNR_dB,16QAM,6.0,,,,,,,,,,,,,,,,,,,,,48.24760615645145
0.25,effective_SNR_dB,CE,-15.0,,,,,,,,,,,,,,,,,,,,,26.22506757147442
0.25,effective_SNR_dB,CE,-10.0,,,,,,,,,,,,,,,,,,,,,31.22506693471808
0.25,effective_SNR_dB,CE,-6.0,,,,,,,,,,,,,,,,,,,,,35.18310851465053
0.25,effective_SNR_dB,CE,-3.0,,,,,,,,,,,,,,,,,,,,,38.183108513803276
0.25,effective_SNR_dB,CE,0.0,,,,,,,,,,,,,,,,,,,,,41.183108521795994
0.25,effective_SNR_dB,CE,3.0,,,,,,,,,,,,,,,,,,,,,44.18310853176085
0.25,effective_SNR_dB,CE,6.0,,,,,,,,,,,,,,,,,,,,,47.183108540973784
0.25,effective_SNR_dB,OFDM,-15.0,,,,,,,,,,,,,,,,,,,,,27.53570024100554
0.25,effective_SNR_dB,OFDM,-10.0,,,,,,,,,,,,,,,,,,,,,32.53570024461491
0.25,effective_SNR_dB,OFDM,-6.0,,,,,,,,,,,,,,,,,,,,,36.545662186184664
0.25,effective_SNR_dB,OFDM,-3.0,,,,,,,,,,,,,,,,,,,,,39.54566222628246
0.25,effective_SNR_dB,OFDM,0.0,,,,,,,,,,,,,,,,,,,,,42.54566226100725
0.25,effective_SNR_dB,OFDM,3.0,,,,,,,,,,,,,,,,,,,,,45.54566228876692
0.25,effective_SNR_dB,OFDM,6.0,,,,,,,,,,,,,,,,,,,,,48.54566231001122
0.25,effective_SNR_dB,QPSK,-15.0,,,,,,,,,,,,,,,,,,,,,27.292207511912455
0.25,effective_SNR_dB,QPSK,-10.0,,,,,,,,,,,,,,,,,,,,,32.29220727188432
0.25,effective_SNR_dB,QPSK,-6.0,,,,,,,,,,,,,,,,,,,,,36.24743540484455
0.25,effective_SNR_dB,QPSK,-3.0,,,,,,,,,,,,,,,,,,,,,39.247435391175095
0.25,effective_SNR_dB,QPSK,0.0,,,,,,,,,,,,,,,,,,,,,42.247435388288466
0.25,effective_SNR_dB,QPSK,3.0,,,,,,,,,,,,,,,,,,,,,45.24743538964827
0.25,effective_SNR_dB,QPSK,6.0,,,,,,,,,,,,,,,,,,,,,48.24743539231666
0.5,loss_full,CE,-15.0,0.6718968142193328,0.8055607561439933,0.13366394192466044,0.07630799471722371,0.19101988913209716,16.526668582785682,9.862913086874334,23.190424078697028,4.0,,,,,,,,,,,,
0.5,loss_full,CE,-10.0,0.7374505736489084,0.8055607561439933,0.06811018249508474,0.04819478035551941,0.08802558463465007,8.441816703400683,6.166926606023135,10.71670680077823,4.0,,,,,,,,,,,,
0.5,loss_full,CE,-6.0,0.8040087101227804,0.8040087101227804,0.0,0.0,0.0,0.0,0.0,0.0,8.0,,,,,,,,,,,,
0.5,loss_full,CE,-3.0,0.8850488086076915,0.8040087101227804,-0.0810400984849113,-0.09048405742967298,-0.07159613954014961,-10.087774367110612,-11.288069817260011,-8.887478916961213,8.0,,,,,,,,,,,,
0.5,loss_full,CE,0.0,0.88622022598478,0.8040087101227804,-0.08221151586199966,-0.1485671709397345,-0.01585586078426482,-10.128307971468855,-18.30283607504924,-1.9537798678884712,8.0,,,,,,,,,,,,
0.5,loss_full,CE,3.0,0.40556594801314927,0.8040087101227804,0.3984427621096311,0.13135135980283397,0.6655341644164282,49.56487448045815,15.889244306986761,83.24050465392955,8.0,,,,,,,,,,,,
0.5,loss_full,CE,6.0,0.0029270566267163914,0.8040087101227804,0.8010816534960639,0.6678682697675284,0.9342950372245993,99.54011766334622,83.73781984512537,115.34241548156707,8.0,,,,,,,,,,,,
0.5,loss_full,QPSK,-15.0,1.9295053897666832,1.9366976653009524,0.007192275534269488,-0.010599713184198525,0.0249842642527375,0.371411612224922,-0.5477317398156922,1.2905549642655363,4.0,,,,,,,,,,,,
0.5,loss_full,QPSK,-10.0,1.9404545853987445,1.9366976653009524,-0.0037569200977917716,-0.011047177283651068,0.0035333370880675247,-0.19401110347109207,-0.5705531742081809,0.1825309672659967,4.0,,,,,,,,,,,,
0.5,loss_full,QPSK,-6.0,1.934530317898793,1.934530317898793,0.0,0.0,0.0,0.0,0.0,0.0,8.0,,,,,,,,,,,,
0.5,loss_full,QPSK,-3.0,1.9146453619294799,1.934530317898793,0.01988495596931289,0.017506985372886745,0.022262926565739034,1.0279644389014129,0.904788439678125,1.1511404381247008,8.0,,,,,,,,,,,,
0.5,loss_full,QPSK,0.0,1.8318297477535261,1.934530317898793,0.10270057014526657,0.09097740298003762,0.11442373731049552,5.309760164492253,4.696887659836017,5.92263266914849,8.0,,,,,,,,,,,,
0.5,loss_full,QPSK,3.0,1.535336055175233,1.934530317898793,0.39919426272355985,0.3668230051066869,0.4315655203404328,20.63450974676703,18.971599464224738,22.297420029309322,8.0,,,,,,,,,,,,
0.5,loss_full,QPSK,6.0,1.0993871203804433,1.934530317898793,0.8351431975183495,0.7678525921784574,0.9024338028582417,43.169155153540466,39.71134521054725,46.62696509653368,8.0,,,,,,,,,,,,
0.5,loss_full,16QAM,-15.0,2.3437887290397046,2.3402689513882122,-0.003519777651492473,-0.012908029886941626,0.00586847458395668,-0.14921401878523136,-0.5463654726592491,0.24793743508878638,4.0,,,,,,,,,,,,
0.5,loss_full,16QAM,-10.0,2.3656250844630025,2.3402689513882122,-0.025356133074790232,-0.030832549901348375,-0.01987971624823209,-1.0829986755466385,-1.3095992027093661,-0.8563981483839109,4.0,,,,,,,,,,,,
0.5,loss_full,16QAM,-6.0,2.3617152835685298,2.3617152835685298,0.0,0.0,0.0,0.0,0.0,0.0,8.0,,,,,,,,,,,,
0.5,loss_full,16QAM,-3.0,2.2810930535369973,2.3617152835685298,0.0806222300315328,0.06468536904295928,0.0965590910201063,3.415474660733154,2.7358527872854874,4.095096534180821,8.0,,,,,,,,,,,,
0.5,loss_full,16QAM,0.0,2.0265453806921867,2.3617152835685298,0.33516990287634285,0.28573212328676745,0.38460768246591825,14.211569310233628,12.01210733288896,16.411031287578297,8.0,,,,,,,,,,,,
0.5,loss_full,16QAM,3.0,1.5203531508661785,2.3617152835685298,0.8413621327023513,0.7308927137398645,0.951831551664838,35.66680076349509,30.772685511172515,40.56091601581767,8.0,,,,,,,,,,,,
0.5,loss_full,16QAM,6.0,1.0642180954353981,2.3617152835685298,1.2974971881331314,1.2125812939727152,1.3824130822935476,54.92676343370113,51.59264354158718,58.26088332581509,8.0,,,,,,,,,,,,
0.5,loss_full,OFDM,-15.0,2.0,2.0,0.0,0.0,0.0,0.0,0.0,0.0,4.0,,,,,,,,,,,,
0.5,loss_full,OFDM,-10.0,2.0,2.0,0.0,0.0,0.0,0.0,0.0,0.0,4.0,,,,,,,,,,,,
0.5,loss_full,OFDM,-6.0,2.0,2.0,0.0,0.0,0.0,0.0,0.0,0.0,8.0,,,,,,,,,,,,
0.5,loss_full,OFDM,-3.0,2.0,2.0,0.0,0.0,0.0,0.0,0.0,0.0,8.0,,,,,,,,,,,,
0.5,loss_full,OFDM,0.0,1.9910517489821942,2.0,0.00894825101780572,-0.003013688793720935,0.020910190829332376,0.447412550890286,-0.15068443968604672,1.0455095414666187,8.0,,,,,,,,,,,,
0.5,loss_full,OFDM,3.0,1.8875768779777484,2.0,0.11242312202225163,0.051114337784597154,0.17373190625990612,5.6211561011125815,2.555716889229858,8.686595312995305,8.0,,,,,,,,,,,,
0.5,loss_full,OFDM,6.0,1.766760846598142,2.0,0.233239153401858,0.17766694721703247,0.2888113595866835,11.6619576700929,8.883347360851623,14.440567979334176,8.0,,,,,,,,,,,,
0.5,surrogate_minus_full,CE,-15.0,,,,,,,,,4.0,static_mh,0.2997184418478247,0.24632626208647346,0.35311062160917595,,,,,,,,
0.5,surrogate_minus_full,CE,-15.0,,,,,,,,,4.0,static_lti_mh,-0.016870571392650857,-0.025311056521069866,-0.008430086264231848,,,,,,,,
0.5,surrogate_minus_full,CE,-15.0,,,,,,,,,4.0,dsh,-0.01687057139263251,-0.025311056521013973,-0.008430086264251048,,,,,,,,
0.5,surrogate_minus_full,CE,-10.0,,,,,,,,,4.0,static_mh,0.24718508592807686,0.20909470656885557,0.2852754652872982,,,,,,,,
0.5,surrogate_minus_full,CE,-10.0,,,,,,,,,4.0,static_lti_mh,-0.04318178324465724,-0.05408836836604056,-0.032275198123273924,,,,,,,,
0.5,surrogate_minus_full,CE,-10.0,,,,,,,,,4.0,dsh,-0.043181783244648414,-0.054088368365992553,-0.032275198123304275,,,,,,,,
0.5,surrogate_minus_full,CE,-6.0,,,,,,,,,8.0,static_mh,0.18450221957921195,0.16551017082476505,0.20349426833365886,,,,,,,,
0.5,surrogate_minus_full,CE,-6.0,,,,,,,,,8.0,static_lti_mh,-0.10756014827665643,-0.1206732092580255,-0.09444708729528736,,,,,,,,
0.5,surrogate_minus_full,CE,-6.0,,,,,,,,,8.0,dsh,-0.10756014827667468,-0.12067320925804746,-0.0944470872953019,,,,,,,,
0.5,surrogate_minus_full,CE,-3.0,,,,,,,,,8.0,static_mh,0.1040658591544405,0.08390771733177305,0.12422400097710795,,,,,,,,
0.5,surrogate_minus_full,CE,-3.0,,,,,,,,,8.0,static_lti_mh,-0.18666649674380387,-0.2069126304667363,-0.16642036302087143,,,,,,,,
0.5,surrogate_minus_full,CE,-3.0,,,,,,,,,8.0,dsh,-0.18666649674380442,-0.20691263046673983,-0.16642036302086902,,,,,,,,
0.5,surrogate_minus_full,CE,0.0,,,,,,,,,8.0,static_mh,0.10281025517787197,0.025798549341685115,0.17982196101405884,,,,,,,,
0.5,surrogate_minus_full,CE,0.0,,,,,,,,,8.0,static_lti_mh,-0.188874229577003,-0.24486764556778629,-0.13288081358621973,,,,,,,,
0.5,surrogate_minus_full,CE,0.0,,,,,,,,,8.0,dsh,-0.18887422957701194,-0.24486764556778623,-0.13288081358623766,,,,,,,,
0.5,surrogate_minus_full,CE,3.0,,,,,,,,,8.0,static_mh,0.5821582065300992,0.31272632714482634,0.851590085915372,,,,,,,,
0.5,surrogate_minus_full,CE,3.0,,,,,,,,,8.0,static_lti_mh,0.2865933512730467,0.021471100730074688,0.5517156018160188,,,,,,,,
0.5,surrogate_minus_full,CE,3.0,,,,,,,,,8.0,dsh,0.2865933512730262,0.0214711007300466,0.5517156018160059,,,,,,,,
0.5,surrogate_minus_full,CE,6.0,,,,,,,,,8.0,static_mh,0.9818674851181517,0.8526344154610908,1.1111005547752126,,,,,,,,
0.5,surrogate_minus_full,CE,6.0,,,,,,,,,8.0,static_lti_mh,0.678018655975309,0.5439819843436282,0.8120553276069897,,,,,,,,
0.5,surrogate_minus_full,CE,6.0,,,,,,,,,8.0,dsh,0.678018655975329,0.5439819843436474,0.8120553276070105,,,,,,,,
0.5,surrogate_minus_full,QPSK,-15.0,,,,,,,,,4.0,static_mh,0.07049461023314707,0.052044542924200056,0.08894467754209409,,,,,,,,
0.5,surrogate_minus_full,QPSK,-15.0,,,,,,,,,4.0,static_lti_mh,0.0018450647914185492,-0.0006660703144293211,0.004356199897266419,,,,,,,,
0.5,surrogate_minus_full,QPSK,-15.0,,,,,,,,,4.0,dsh,0.0017486058231052093,-0.0007010552827571145,0.004198266928967533,,,,,,,,
0.5,surrogate_minus_full,QPSK,-10.0,,,,,,,,,4.0,static_mh,0.059545414596175905,0.05181393916390142,0.0672768900284504,,,,,,,,
0.5,surrogate_minus_full,QPSK,-10.0,,,,,,,,,4.0,static_lti_mh,0.00410428699877452,-0.0006343279263200186,0.008842901923869058,,,,,,,,
0.5,surrogate_minus_full,QPSK,-10.0,,,,,,,,,4.0,dsh,0.003754410157023158,-0.0008968687947570816,0.008405689108803398,,,,,,,,
0.5,surrogate_minus_full,QPSK,-6.0,,,,,,,,,8.0,static_mh,0.06546964104444641,0.05901035445862022,0.07192892763027262,,,,,,,,
0.5,surrogate_minus_full,QPSK,-6.0,,,,,,,,,8.0,static_lti_mh,0.0107463852568703,0.006863368906615632,0.014629401607124969,,,,,,,,
0.5,surrogate_minus_full,QPSK,-6.0,,,,,,,,,8.0,dsh,0.009678491673592693,0.005944510176171624,0.013412473171013762,,,,,,,,
0.5,surrogate_minus_full,QPSK,-3.0,,,,,,,,,8.0,static_mh,0.08535442911629776,0.07824127992454027,0.09246757830805524,,,,,,,,
0.5,surrogate_minus_full,QPSK,-3.0,,,,,,,,,8.0,static_lti_mh,0.03254482349789031,0.02699325813818019,0.03809638885760044,,,,,,,,
0.5,surrogate_minus_full,QPSK,-3.0,,,,,,,,,8.0,dsh,0.031048125634087043,0.025818993325336978,0.03627725794283711,,,,,,,,
0.5,surrogate_minus_full,QPSK,0.0,,,,,,,,,8.0,static_mh,0.1681702522452745,0.15297522862943638,0.1833652758611126,,,,,,,,
0.5,surrogate_minus_full,QPSK,0.0,,,,,,,,,8.0,static_lti_mh,0.11626309270960974,0.10396536133570182,0.12856082408351768,,,,,,,,
0.5,surrogate_minus_full,QPSK,0.0,,,,,,,,,8.0,dsh,0.11495499947027138,0.10339135566989806,0.12651864327064472,,,,,,,,
0.5,surrogate_minus_full,QPSK,3.0,,,,,,,,,8.0,static_mh,0.403810759925484,0.36818494646321875,0.4394365733877492,,,,,,,,
0.5,surrogate_minus_full,QPSK,3.0,,,,,,,,,8.0,static_lti_mh,0.40716156669436465,0.3785276954519928,0.43579543793673653,,,,,,,,
0.5,surrogate_minus_full,QPSK,3.0,,,,,,,,,8.0,dsh,0.4089092052740585,0.37866094773897,0.43915746280914697,,,,,,,,
0.5,surrogate_minus_full,QPSK,6.0,,,,,,,,,8.0,static_mh,0.0120162788877171,-0.08309263260724722,0.10712519038268142,,,,,,,,
0.5,surrogate_minus_full,QPSK,6.0,,,,,,,,,8.0,static_lti_mh,0.8159762037704616,0.7507852062249931,0.8811672013159302,,,,,,,,
0.5,surrogate_minus_full,QPSK,6.0,,,,,,,,,8.0,dsh,0.8385953207482778,0.7716464546475136,0.905544186849042,,,,,,,,
0.5,surrogate_minus_full,16QAM,-15.0,,,,,,,,,4.0,static_mh,1.5369218802791198,1.4697605094741648,1.6040832510840748,,,,,,,,
0.5,surrogate_minus_full,16QAM,-15.0,,,,,,,,,4.0,static_lti_mh,0.0023344256348725168,-0.00675331619472087,0.011422167464465904,,,,,,,,
0.5,surrogate_minus_full,16QAM,-15.0,,,,,,,,,4.0,dsh,0.0031272579304157944,-0.005354304716553661,0.01160882057738525,,,,,,,,
0.5,surrogate_minus_full,16QAM,-10.0,,,,,,,,,4.0,static_mh,1.4012742519836467,1.3231225815656389,1.4794259224016546,,,,,,,,
0.5,surrogate_minus_full,16QAM,-10.0,,,,,,,,,4.0,static_lti_mh,0.00974452340936205,-0.002533101215165366,0.022022148033889466,,,,,,,,
0.5,surrogate_minus_full,16QAM,-10.0,,,,,,,,,4.0,dsh,0.012182898065021708,0.0015749833325371457,0.02279081279750627,,,,,,,,
0.5,surrogate_minus_full,16QAM,-6.0,,,,,,,,,8.0,static_mh,1.1901158955077782,1.123927163455288,1.2563046275602683,,,,,,,,
0.5,surrogate_minus_full,16QAM,-6.0,,,,,,,,,8.0,static_lti_mh,0.03381697382860488,0.025022902826677754,0.042611044830532005,,,,,,,,
0.5,surrogate_minus_full,16QAM,-6.0,,,,,,,,,8.0,dsh,0.03939735900313429,0.03048705678325317,0.04830766122301541,,,,,,,,
0.5,surrogate_minus_full,16QAM,-3.0,,,,,,,,,8.0,static_mh,1.2506860593861897,1.173368756064058,1.3280033627083214,,,,,,,,
0.5,surrogate_minus_full,16QAM,-3.0,,,,,,,,,8.0,static_lti_mh,0.10789860287647823,0.08715977293134924,0.12863743282160722,,,,,,,,
0.5,surrogate_minus_full,16QAM,-3.0,,,,,,,,,8.0,dsh,0.1216103133239319,0.09829098341737783,0.144929643230486,,,,,,,,
0.5,surrogate_minus_full,16QAM,0.0,,,,,,,,,8.0,static_mh,1.5039210229339735,1.4072764147304109,1.600565631137536,,,,,,,,
0.5,surrogate_minus_full,16QAM,0.0,,,,,,,,,8.0,static_lti_mh,0.33759410095298703,0.28447830055754075,0.3907099013484333,,,,,,,,
0.5,surrogate_minus_full,16QAM,0.0,,,,,,,,,8.0,dsh,0.37439220369370096,0.3164658131622017,0.43231859422520025,,,,,,,,
0.5,surrogate_minus_full,16QAM,3.0,,,,,,,,,8.0,static_mh,0.6076746795333726,0.44498626124379215,0.7703630978229531,,,,,,,,
0.5,surrogate_minus_full,16QAM,3.0,,,,,,,,,8.0,static_lti_mh,0.7496040543843742,0.6431976260221364,0.856010482746612,,,,,,,,
0.5,surrogate_minus_full,16QAM,3.0,,,,,,,,,8.0,dsh,0.8692232150634296,0.7527302535493119,0.9857161765775473,,,,,,,,
0.5,surrogate_minus_full,16QAM,6.0,,,,,,,,,8.0,static_mh,-0.024605494969487232,-0.1541041648409585,0.10489317490198406,,,,,,,,
0.5,surrogate_minus_full,16QAM,6.0,,,,,,,,,8.0,static_lti_mh,0.8933262376524573,0.8249901439217736,0.9616623313831411,,,,,,,,
0.5,surrogate_minus_full,16QAM,6.0,,,,,,,,,8.0,dsh,1.2971685205461674,1.227097553086829,1.3672394880055057,,,,,,,,
0.5,surrogate_minus_full,OFDM,-15.0,,,,,,,,,4.0,static_mh,-1.028192151975027e-07,-3.926632446663438e-07,1.870248142713384e-07,,,,,,,,
0.5,surrogate_minus_full,OFDM,-15.0,,,,,,,,,4.0,static_lti_mh,0.0,0.0,0.0,,,,,,,,
0.5,surrogate_minus_full,OFDM,-15.0,,,,,,,,,4.0,dsh,0.0,0.0,0.0,,,,,,,,
0.5,surrogate_minus_full,OFDM,-10.0,,,,,,,,,4.0,static_mh,-0.010797184309476682,-0.028586368754758187,0.006992000135804824,,,,,,,,
0.5,surrogate_minus_full,OFDM,-10.0,,,,,,,,,4.0,static_lti_mh,0.0,0.0,0.0,,,,,,,,
0.5,surrogate_minus_full,OFDM,-10.0,,,,,,,,,4.0,dsh,0.0,0.0,0.0,,,,,,,,
0.5,surrogate_minus_full,OFDM,-6.0,,,,,,,,,8.0,static_mh,-0.05770733679077769,-0.08799785522927671,-0.027416818352278678,,,,,,,,
0.5,surrogate_minus_full,OFDM,-6.0,,,,,,,,,8.0,static_lti_mh,0.0,0.0,0.0,,,,,,,,
0.5,surrogate_minus_full,OFDM,-6.0,,,,,,,,,8.0,dsh,0.0,0.0,0.0,,,,,,,,
0.5,surrogate_minus_full,OFDM,-3.0,,,,,,,,,8.0,static_mh,-0.029384254927760395,-0.04965667275665579,-0.009111837098864994,,,,,,,,
0.5,surrogate_minus_full,OFDM,-3.0,,,,,,,,,8.0,static_lti_mh,0.0,0.0,0.0,,,,,,,,
0.5,surrogate_minus_full,OFDM,-3.0,,,,,,,,,8.0,dsh,0.0,0.0,0.0,,,,,,,,
0.5,surrogate_minus_full,OFDM,0.0,,,,,,,,,8.0,static_mh,-0.1840673524814116,-0.26129003724978295,-0.10684466771304023,,,,,,,,
0.5,surrogate_minus_full,OFDM,0.0,,,,,,,,,8.0,static_lti_mh,0.008948251010991282,-0.0030136888045168356,0.0209101908264994,,,,,,,,
0.5,surrogate_minus_full,OFDM,0.0,,,,,,,,,8.0,dsh,0.00894825101780572,-0.003013688793720935,0.020910190829332376,,,,,,,,
0.5,surrogate_minus_full,OFDM,3.0,,,,,,,,,8.0,static_mh,-0.8795787114612618,-0.9699693442759575,-0.789188078646566,,,,,,,,
0.5,surrogate_minus_full,OFDM,3.0,,,,,,,,,8.0,static_lti_mh,0.10597153876725979,0.043657860662849095,0.16828521687167047,,,,,,,,
0.5,surrogate_minus_full,OFDM,3.0,,,,,,,,,8.0,dsh,0.11242312202225163,0.051114337784597154,0.17373190625990612,,,,,,,,
0.5,surrogate_minus_full,OFDM,6.0,,,,,,,,,8.0,static_mh,-1.4304057927433265,-1.5576062380317799,-1.303205347454873,,,,,,,,
0.5,surrogate_minus_full,OFDM,6.0,,,,,,,,,8.0,static_lti_mh,-0.1084624973899379,-0.19074637472440614,-0.026178620055469656,,,,,,,,
0.5,surrogate_minus_full,OFDM,6.0,,,,,,,,,8.0,dsh,0.23323911040184692,0.1776668739218938,0.28881134688180005,,,,,,,,
0.5,threshold,CE,,,,,,,,,,,,,,,5.0,0.760303305171518,0.3818597273668421,1.4521396635569936,8.0,False,False,
0.5,threshold,CE,,,,,,,,,,,,,,,10.0,1.0115882825151206,0.5931038962707974,1.8729987445288843,8.0,False,False,
0.5,threshold,QPSK,,,,,,,,,,,,,,,5.0,-0.21703055284089467,-0.49886133732045485,0.029435301539036313,8.0,False,False,
0.5,threshold,QPSK,,,,,,,,,,,,,,,10.0,0.9181696203896214,0.811347769281099,1.0659636356558597,8.0,False,False,
0.5,threshold,16QAM,,,,,,,,,,,,,,,5.0,-2.5596948552113257,-2.731495305116757,-2.352330954318389,8.0,False,False,
0.5,threshold,16QAM,,,,,,,,,,,,,,,10.0,-1.1703035533581105,-1.4846119409160545,-0.8000147648821561,8.0,False,False,
0.5,threshold,OFDM,,,,,,,,,,,,,,,5.0,2.639822058196588,1.7157942112159803,3.636215800437555,8.0,False,False,
0.5,threshold,OFDM,,,,,,,,,,,,,,,10.0,5.174633870464923,4.220165434794371,6.0,8.0,False,False,
0.5,effective_SNR_dB,16QAM,-15.0,,,,,,,,,,,,,,,,,,,,,21.261609599016403
0.5,effective_SNR_dB,16QAM,-10.0,,,,,,,,,,,,,,,,,,,,,26.261609470253276
0.5,effective_SNR_dB,16QAM,-6.0,,,,,,,,,,,,,,,,,,,,,30.227006251327772
0.5,effective_SNR_dB,16QAM,-3.0,,,,,,,,,,,,,,,,,,,,,33.22700623933956
0.5,effective_SNR_dB,16QAM,0.0,,,,,,,,,,,,,,,,,,,,,36.22700623766164
0.5,effective_SNR_dB,16QAM,3.0,,,,,,,,,,,,,,,,,,,,,39.22700623988645
0.5,effective_SNR_dB,16QAM,6.0,,,,,,,,,,,,,,,,,,,,,42.22700624317182
0.5,effective_SNR_dB,CE,-15.0,,,,,,,,,,,,,,,,,,,,,20.204467658194798
0.5,effective_SNR_dB,CE,-10.0,,,,,,,,,,,,,,,,,,,,,25.204467021438454
0.5,effective_SNR_dB,CE,-6.0,,,,,,,,,,,,,,,,,,,,,29.1625086013709
0.5,effective_SNR_dB,CE,-3.0,,,,,,,,,,,,,,,,,,,,,32.16250860052365
0.5,effective_SNR_dB,CE,0.0,,,,,,,,,,,,,,,,,,,,,35.16250860851637
0.5,effective_SNR_dB,CE,3.0,,,,,,,,,,,,,,,,,,,,,38.16250861848122
0.5,effective_SNR_dB,CE,6.0,,,,,,,,,,,,,,,,,,,,,41.16250862769416
0.5,effective_SNR_dB,OFDM,-15.0,,,,,,,,,,,,,,,,,,,,,21.515100327725918
0.5,effective_SNR_dB,OFDM,-10.0,,,,,,,,,,,,,,,,,,,,,26.515100331335287
0.5,effective_SNR_dB,OFDM,-6.0,,,,,,,,,,,,,,,,,,,,,30.525062272905043
0.5,effective_SNR_dB,OFDM,-3.0,,,,,,,,,,,,,,,,,,,,,33.525062313002834
0.5,effective_SNR_dB,OFDM,0.0,,,,,,,,,,,,,,,,,,,,,36.525062347727626
0.5,effective_SNR_dB,OFDM,3.0,,,,,,,,,,,,,,,,,,,,,39.525062375487295
0.5,effective_SNR_dB,OFDM,6.0,,,,,,,,,,,,,,,,,,,,,42.52506239673159
0.5,effective_SNR_dB,QPSK,-15.0,,,,,,,,,,,,,,,,,,,,,21.271607598632833
0.5,effective_SNR_dB,QPSK,-10.0,,,,,,,,,,,,,,,,,,,,,26.271607358604697
0.5,effective_SNR_dB,QPSK,-6.0,,,,,,,,,,,,,,,,,,,,,30.226835491564927
0.5,effective_SNR_dB,QPSK,-3.0,,,,,,,,,,,,,,,,,,,,,33.22683547789548
0.5,effective_SNR_dB,QPSK,0.0,,,,,,,,,,,,,,,,,,,,,36.22683547500884
0.5,effective_SNR_dB,QPSK,3.0,,,,,,,,,,,,,,,,,,,,,39.22683547636864
0.5,effective_SNR_dB,QPSK,6.0,,,,,,,,,,,,,,,,,,,,,42.22683547903704
1.0,loss_full,CE,-15.0,0.5151667657994174,0.7766704055716099,0.2615036397721924,0.16766588677159008,0.35534139277279464,33.59637712731271,22.23186413319214,44.96089012143327,4.0,,,,,,,,,,,,
1.0,loss_full,CE,-10.0,0.6775620761045705,0.7766704055716099,0.09910832946703937,0.05786461188239775,0.140352047051681,12.743560969986003,7.533624754333416,17.95349718563859,4.0,,,,,,,,,,,,
1.0,loss_full,CE,-6.0,0.7728668041419696,0.7728668041419696,0.0,0.0,0.0,0.0,0.0,0.0,8.0,,,,,,,,,,,,
1.0,loss_full,CE,-3.0,0.8668844426241654,0.7728668041419696,-0.09401763848219571,-0.10626270930706452,-0.0817725676573269,-12.165782186447569,-13.749753826419605,-10.581810546475532,8.0,,,,,,,,,,,,
1.0,loss_full,CE,0.0,0.8812093414362292,0.7728668041419696,-0.1083425372942595,-0.17329211916441625,-0.043392955424102736,-13.920705129954058,-22.2091759794921,-5.632234280416016,8.0,,,,,,,,,,,,
1.0,loss_full,CE,3.0,0.3951428571786704,0.7728668041419696,0.37772394696329925,0.10027113472093419,0.6551767592056643,49.04313127066366,12.795741009491813,85.29052153183551,8.0,,,,,,,,,,,,
1.0,loss_full,CE,6.0,0.004516762330660968,0.7728668041419696,0.7683500418113087,0.6273260096936072,0.9093740739290103,99.34253069827764,81.6461260807665,117.03893531578878,8.0,,,,,,,,,,,,
1.0,loss_full,QPSK,-15.0,1.8706287100198935,1.9283865254320196,0.05775781541212588,0.026626791413886575,0.08888883941036518,2.997062617576274,1.3700491973581124,4.624076037794435,4.0,,,,,,,,,,,,
1.0,loss_full,QPSK,-10.0,1.9214459615797501,1.9283865254320196,0.006940563852269377,-0.003928170470577469,0.01780929817511622,0.36045867713500396,-0.20481411394652843,0.9257314682165363,4.0,,,,,,,,,,,,
1.0,loss_full,QPSK,-6.0,1.925806738722851,1.925806738722851,0.0,0.0,0.0,0.0,0.0,0.0,8.0,,,,,,,,,,,,
1.0,loss_full,QPSK,-3.0,1.9092552754270202,1.925806738722851,0.016551463295830987,0.014206521521862275,0.0188964050697997,0.859441548033985,0.7381532671618044,0.9807298289061656,8.0,,,,,,,,,,,,
1.0,loss_full,QPSK,0.0,1.828300555037028,1.925806738722851,0.09750618368582331,0.08633427492338638,0.10867809244826024,5.064349565597984,4.475857706956525,5.652841424239444,8.0,,,,,,,,,,,,
1.0,loss_full,QPSK,3.0,1.5327862541883477,1.925806738722851,0.39302048453450344,0.3611363427567998,0.4249046263122071,20.408837657941348,18.75402153598704,22.063653779895656,8.0,,,,,,,,,,,,
1.0,loss_full,QPSK,6.0,1.0976566276521735,1.925806738722851,0.8281501110706776,0.7602421245748394,0.8960580975665158,43.00246408608069,39.49454695269633,46.51038121946505,8.0,,,,,,,,,,,,
1.0,loss_full,16QAM,-15.0,2.2283627544323634,2.3205596022125534,0.09219684778019033,0.06611741286168836,0.1182762826986923,3.9796185927252785,2.802236903574051,5.157000281876506,4.0,,,,,,,,,,,,
1.0,loss_full,16QAM,-10.0,2.322512457066255,2.3205596022125534,-0.0019528548537015578,-0.008594453966597828,0.004688744259194712,-0.08224888391068413,-0.3680237959389097,0.20352602811754145,4.0,,,,,,,,,,,,
1.0,loss_full,16QAM,-6.0,2.345856496834844,2.345856496834844,0.0,0.0,0.0,0.0,0.0,0.0,8.0,,,,,,,,,,,,
1.0,loss_full,16QAM,-3.0,2.2726571898051713,2.345856496834844,0.07319930702967226,0.05819615225567769,0.08820246180366682,3.1222997522063696,2.4765848421461785,3.7680146622665607,8.0,,,,,,,,,,,,
1.0,loss_full,16QAM,0.0,2.0222511814192057,2.345856496834844,0.3236053154156384,0.27615279041360474,0.3710578404176721,13.817580115174565,11.67135506299405,15.96380516735508,8.0,,,,,,,,,,,,
1.0,loss_full,16QAM,3.0,1.5185603813510558,2.345856496834844,0.827296115483788,0.7194554173874458,0.9351368135801302,35.31644758348056,30.452929303271617,40.1799658636895,8.0,,,,,,,,,,,,
1.0,loss_full,16QAM,6.0,1.0635705419292778,2.345856496834844,1.2822859549055659,1.1965454783176408,1.368026431493491,54.64745169073443,51.290538455494456,58.0043649259744,8.0,,,,,,,,,,,,
1.0,loss_full,OFDM,-15.0,1.990155482124053,2.0,0.009844517875947034,-0.007898314705618335,0.027587350457512403,0.4922258937973517,-0.3949157352809167,1.3793675228756201,4.0,,,,,,,,,,,,
1.0,loss_full,OFDM,-10.0,1.9999999999998705,2.0,1.29396493520062e-13,-2.7326691186315023e-13,5.320598989032742e-13,6.4698246760031e-12,-1.366334559315751e-11,2.660299494516371e-11,4.0,,,,,,,,,,,,
1.0,loss_full,OFDM,-6.0,2.0,2.0,0.0,0.0,0.0,0.0,0.0,0.0,8.0,,,,,,,,,,,,
1.0,loss_full,OFDM,-3.0,1.9999999999999956,2.0,4.440892098500626e-15,-5.402458751748001e-15,1.4284242948749253e-14,2.220446049250313e-13,-2.701229375874001e-13,7.142121474374627e-13,8.0,,,,,,,,,,,,
1.0,loss_full,OFDM,0.0,1.990005805259128,2.0,0.009994194740871903,-0.0018639310624635561,0.02185232054420736,0.49970973704359517,-0.09319655312317782,1.0926160272103682,8.0,,,,,,,,,,,,
1.0,loss_full,OFDM,3.0,1.8844675077164317,2.0,0.11553249228356843,0.053250730999136256,0.17781425356800062,5.776624614178422,2.662536549956813,8.89071267840003,8.0,,,,,,,,,,,,
1.0,loss_full,OFDM,6.0,1.7605388052272137,2.0,0.23946119477278632,0.1833479524347062,0.29557443711086645,11.973059738639318,9.167397621735311,14.778721855543324,8.0,,,,,,,,,,,,
1.0,surrogate_minus_full,CE,-15.0,,,,,,,,,4.0,static_mh,0.3662365180836133,0.29187803494901604,0.44059500121821055,,,,,,,,
1.0,surrogate_minus_full,CE,-15.0,,,,,,,,,4.0,static_lti_mh,-0.00813097646303576,-0.022150210587821656,0.005888257661750133,,,,,,,,
1.0,surrogate_minus_full,CE,-15.0,,,,,,,,,4.0,dsh,-0.008130976463051262,-0.022150210587773264,0.005888257661670742,,,,,,,,
1.0,surrogate_minus_full,CE,-10.0,,,,,,,,,4.0,static_mh,0.28708204049668146,0.23450560184261593,0.339658479150747,,,,,,,,
1.0,surrogate_minus_full,CE,-10.0,,,,,,,,,4.0,static_lti_mh,-0.03868923992087986,-0.050123533105468666,-0.02725494673629105,,,,,,,,
1.0,surrogate_minus_full,CE,-10.0,,,,,,,,,4.0,dsh,-0.038689239920872615,-0.05012353310541568,-0.027254946736329548,,,,,,,,
1.0,surrogate_minus_full,CE,-6.0,,,,,,,,,8.0,static_mh,0.20942133332601937,0.1953684019990065,0.22347426465303222,,,,,,,,
1.0,surrogate_minus_full,CE,-6.0,,,,,,,,,8.0,static_lti_mh,-0.10050695316256936,-0.11442394093240543,-0.08658996539273328,,,,,,,,
1.0,surrogate_minus_full,CE,-6.0,,,,,,,,,8.0,dsh,-0.10050695316258929,-0.11442394093242758,-0.08658996539275099,,,,,,,,
1.0,surrogate_minus_full,CE,-3.0,,,,,,,,,8.0,static_mh,0.11926474793809275,0.101865326245729,0.1366641696304565,,,,,,,,
1.0,surrogate_minus_full,CE,-3.0,,,,,,,,,8.0,static_lti_mh,-0.18068782865407296,-0.20243476348591435,-0.15894089382223156,,,,,,,,
1.0,surrogate_minus_full,CE,-3.0,,,,,,,,,8.0,dsh,-0.18068782865407457,-0.20243476348591685,-0.15894089382223228,,,,,,,,
1.0,surrogate_minus_full,CE,0.0,,,,,,,,,8.0,static_mh,0.10622248552028292,0.0326913412626689,0.17975362977789694,,,,,,,,
1.0,surrogate_minus_full,CE,0.0,,,,,,,,,8.0,static_lti_mh,-0.19009411526515055,-0.24340673261386986,-0.13678149791643124,,,,,,,,
1.0,surrogate_minus_full,CE,0.0,,,,,,,,,8.0,dsh,-0.1900941152651593,-0.24340673261386853,-0.13678149791645006,,,,,,,,
1.0,surrogate_minus_full,CE,3.0,,,,,,,,,8.0,static_mh,0.5915236463014039,0.3094445132175888,0.8736027793852189,,,,,,,,
1.0,surrogate_minus_full,CE,3.0,,,,,,,,,8.0,static_lti_mh,0.29359429894171546,0.015546593554224941,0.571642004329206,,,,,,,,
1.0,surrogate_minus_full,CE,3.0,,,,,,,,,8.0,dsh,0.2935942989416957,0.015546593554196297,0.5716420043291951,,,,,,,,
1.0,surrogate_minus_full,CE,6.0,,,,,,,,,8.0,static_mh,0.9792234141492806,0.8405405946560236,1.1179062336425376,,,,,,,,
1.0,surrogate_minus_full,CE,6.0,,,,,,,,,8.0,static_lti_mh,0.6738735661284903,0.5286367272053916,0.8191104050515889,,,,,,,,
1.0,surrogate_minus_full,CE,6.0,,,,,,,,,8.0,dsh,0.6738735661285129,0.5286367272054151,0.8191104050516107,,,,,,,,
1.0,surrogate_minus_full,QPSK,-15.0,,,,,,,,,4.0,static_mh,0.12935602423247777,0.0902161162024314,0.16849593226252413,,,,,,,,
1.0,surrogate_minus_full,QPSK,-15.0,,,,,,,,,4.0,static_lti_mh,0.0014753812017264112,-0.0014032888866403943,0.004354051290093216,,,,,,,,
1.0,surrogate_minus_full,QPSK,-15.0,,,,,,,,,4.0,dsh,0.0014629908827406557,-0.0013462982379469093,0.004272280003428221,,,,,,,,
1.0,surrogate_minus_full,QPSK,-10.0,,,,,,,,,4.0,static_mh,0.07855400043018668,0.06012355480168456,0.09698444605868879,,,,,,,,
1.0,surrogate_minus_full,QPSK,-10.0,,,,,,,,,4.0,static_lti_mh,0.0040593000403649215,-0.0020668135517938535,0.010185413632523697,,,,,,,,
1.0,surrogate_minus_full,QPSK,-10.0,,,,,,,,,4.0,dsh,0.003817083817422462,-0.002147659074182136,0.00978182670902706,,,,,,,,
1.0,surrogate_minus_full,QPSK,-6.0,,,,,,,,,8.0,static_mh,0.07419277779382816,0.06526665003759155,0.08311890555006476,,,,,,,,
1.0,surrogate_minus_full,QPSK,-6.0,,,,,,,,,8.0,static_lti_mh,0.011417063976225883,0.006778703862569772,0.016055424089881993,,,,,,,,
1.0,surrogate_minus_full,QPSK,-6.0,,,,,,,,,8.0,dsh,0.010422955229768438,0.005967741986082638,0.014878168473454238,,,,,,,,
1.0,surrogate_minus_full,QPSK,-3.0,,,,,,,,,8.0,static_mh,0.09074395008470593,0.08163757425890969,0.09985032591050216,,,,,,,,
1.0,surrogate_minus_full,QPSK,-3.0,,,,,,,,,8.0,static_lti_mh,0.03345307173849288,0.0269173410455043,0.03998880243148146,,,,,,,,
1.0,surrogate_minus_full,QPSK,-3.0,,,,,,,,,8.0,dsh,0.03205562483374824,0.025878734149225566,0.038232515518270914,,,,,,,,
1.0,surrogate_minus_full,QPSK,0.0,,,,,,,,,8.0,static_mh,0.17169944496182865,0.1553427119089186,0.1880561780147387,,,,,,,,
1.0,surrogate_minus_full,QPSK,0.0,,,,,,,,,8.0,static_lti_mh,0.11709704531674542,0.10414063626040022,0.13005345437309063,,,,,,,,
1.0,surrogate_minus_full,QPSK,0.0,,,,,,,,,8.0,dsh,0.11594655404689597,0.10379840137912207,0.12809470671466988,,,,,,,,
1.0,surrogate_minus_full,QPSK,3.0,,,,,,,,,8.0,static_mh,0.40605832847575096,0.3704290984135697,0.44168755853793223,,,,,,,,
1.0,surrogate_minus_full,QPSK,3.0,,,,,,,,,8.0,static_lti_mh,0.40768882911710713,0.37830628044227077,0.4370713777919435,,,,,,,,
1.0,surrogate_minus_full,QPSK,3.0,,,,,,,,,8.0,dsh,0.40976981170570204,0.379026507166945,0.44051311624445905,,,,,,,,
1.0,surrogate_minus_full,QPSK,6.0,,,,,,,,,8.0,static_mh,0.012791422666287772,-0.08245783813219128,0.10804068346476682,,,,,,,,
1.0,surrogate_minus_full,QPSK,6.0,,,,,,,,,8.0,static_lti_mh,0.8155487502673842,0.7492020318263443,0.8818954687084241,,,,,,,,
1.0,surrogate_minus_full,QPSK,6.0,,,,,,,,,8.0,dsh,0.838693736657256,0.7708280878571845,0.9065593854573275,,,,,,,,
1.0,surrogate_minus_full,16QAM,-15.0,,,,,,,,,4.0,static_mh,1.2458520979091032,1.2053615089539913,1.2863426868642152,,,,,,,,
1.0,surrogate_minus_full,16QAM,-15.0,,,,,,,,,4.0,static_lti_mh,0.002007587922991716,-0.00650210352576058,0.010517279371744011,,,,,,,,
1.0,surrogate_minus_full,16QAM,-15.0,,,,,,,,,4.0,dsh,0.0030428596799613183,-0.00490345048361528,0.010989169843537917,,,,,,,,
1.0,surrogate_minus_full,16QAM,-10.0,,,,,,,,,4.0,static_mh,1.3279489824226856,1.272099735466186,1.383798229379185,,,,,,,,
1.0,surrogate_minus_full,16QAM,-10.0,,,,,,,,,4.0,static_lti_mh,0.009403020867008949,-0.002439142845884184,0.02124518457990208,,,,,,,,
1.0,surrogate_minus_full,16QAM,-10.0,,,,,,,,,4.0,dsh,0.012150627162721639,0.0019300896239822663,0.022371164701461013,,,,,,,,
1.0,surrogate_minus_full,16QAM,-6.0,,,,,,,,,8.0,static_mh,1.1583126688204148,1.095600809693883,1.2210245279469467,,,,,,,,
1.0,surrogate_minus_full,16QAM,-6.0,,,,,,,,,8.0,static_lti_mh,0.03345216322178651,0.024664100747322077,0.04224022569625095,,,,,,,,
1.0,surrogate_minus_full,16QAM,-6.0,,,,,,,,,8.0,dsh,0.03924963322123187,0.030179607882096712,0.04831965856036703,,,,,,,,
1.0,surrogate_minus_full,16QAM,-3.0,,,,,,,,,8.0,static_mh,1.2326933625356142,1.1587900135097702,1.3065967115614583,,,,,,,,
1.0,surrogate_minus_full,16QAM,-3.0,,,,,,,,,8.0,static_lti_mh,0.10763641709283017,0.0873270962030387,0.12794573798262165,,,,,,,,
1.0,surrogate_minus_full,16QAM,-3.0,,,,,,,,,8.0,dsh,0.12149886094607748,0.09843149032861537,0.1445662315635396,,,,,,,,
1.0,surrogate_minus_full,16QAM,0.0,,,,,,,,,8.0,static_mh,1.4928365627657456,1.394301384728341,1.5913717408031502,,,,,,,,
1.0,surrogate_minus_full,16QAM,0.0,,,,,,,,,8.0,static_lti_mh,0.3371630497611427,0.2850369553881401,0.3892891441341453,,,,,,,,
1.0,surrogate_minus_full,16QAM,0.0,,,,,,,,,8.0,dsh,0.3740342999249642,0.3168802411878425,0.4311883586620858,,,,,,,,
1.0,surrogate_minus_full,16QAM,3.0,,,,,,,,,8.0,static_mh,0.6054756427374353,0.4418471362030569,0.7691041492718136,,,,,,,,
1.0,surrogate_minus_full,16QAM,3.0,,,,,,,,,8.0,static_lti_mh,0.7487931556879024,0.6437281345303687,0.8538581768454361,,,,,,,,
1.0,surrogate_minus_full,16QAM,3.0,,,,,,,,,8.0,dsh,0.8683919792324712,0.7531023450980481,0.9836816133668944,,,,,,,,
1.0,surrogate_minus_full,16QAM,6.0,,,,,,,,,8.0,static_mh,-0.02458489232748802,-0.15326051098439725,0.1040907263294212,,,,,,,,
1.0,surrogate_minus_full,16QAM,6.0,,,,,,,,,8.0,static_lti_mh,0.8925306012936625,0.8241623745548047,0.9608988280325202,,,,,,,,
1.0,surrogate_minus_full,16QAM,6.0,,,,,,,,,8.0,dsh,1.295907282240826,1.226321441373493,1.3654931231081588,,,,,,,,
1.0,surrogate_minus_full,OFDM,-15.0,,,,,,,,,4.0,static_mh,0.008217429592101755,-0.008905685082725066,0.025340544266928576,,,,,,,,
1.0,surrogate_minus_full,OFDM,-15.0,,,,,,,,,4.0,static_lti_mh,-0.0011593970673374754,-0.00408411145047205,0.0017653173157970996,,,,,,,,
1.0,surrogate_minus_full,OFDM,-15.0,,,,,,,,,4.0,dsh,-0.0004957067921544933,-0.0031545041882641445,0.002163090603955158,,,,,,,,
1.0,surrogate_minus_full,OFDM,-10.0,,,,,,,,,4.0,static_mh,-0.01670584047505147,-0.04331968129772472,0.009908000347621782,,,,,,,,
1.0,surrogate_minus_full,OFDM,-10.0,,,,,,,,,4.0,static_lti_mh,-1.7508217098338719e-13,-1.165225283757606e-12,8.150609417908317e-13,,,,,,,,
1.0,surrogate_minus_full,OFDM,-10.0,,,,,,,,,4.0,dsh,8.210099267103033e-14,-3.1638586490213286e-13,4.805878502441935e-13,,,,,,,,
1.0,surrogate_minus_full,OFDM,-6.0,,,,,,,,,8.0,static_mh,-0.06419335940119439,-0.09814010549798921,-0.030246613304399567,,,,,,,,
1.0,surrogate_minus_full,OFDM,-6.0,,,,,,,,,8.0,static_lti_mh,0.0,0.0,0.0,,,,,,,,
1.0,surrogate_minus_full,OFDM,-6.0,,,,,,,,,8.0,dsh,0.0,0.0,0.0,,,,,,,,
1.0,surrogate_minus_full,OFDM,-3.0,,,,,,,,,8.0,static_mh,-0.0346057734914291,-0.05608789501788358,-0.01312365196497461,,,,,,,,
1.0,surrogate_minus_full,OFDM,-3.0,,,,,,,,,8.0,static_lti_mh,4.440892098500626e-15,-5.402458751748001e-15,1.4284242948749253e-14,,,,,,,,
1.0,surrogate_minus_full,OFDM,-3.0,,,,,,,,,8.0,dsh,4.440892098500626e-15,-5.402458751748001e-15,1.4284242948749253e-14,,,,,,,,
1.0,surrogate_minus_full,OFDM,0.0,,,,,,,,,8.0,static_mh,-0.18590711102346003,-0.26111808610002807,-0.11069613594689197,,,,,,,,
1.0,surrogate_minus_full,OFDM,0.0,,,,,,,,,8.0,static_lti_mh,0.009994194718731808,-0.0018639310947917015,0.021852320532255318,,,,,,,,
1.0,surrogate_minus_full,OFDM,0.0,,,,,,,,,8.0,dsh,0.009994194740871903,-0.0018639310624635561,0.02185232054420736,,,,,,,,
1.0,surrogate_minus_full,OFDM,3.0,,,,,,,,,8.0,static_mh,-0.8792835265949107,-0.9720386943263647,-0.7865283588634567,,,,,,,,
1.0,surrogate_minus_full,OFDM,3.0,,,,,,,,,8.0,static_lti_mh,0.1079490235206432,0.045217663007499354,0.17068038403378705,,,,,,,,
1.0,surrogate_minus_full,OFDM,3.0,,,,,,,,,8.0,dsh,0.11553249228356843,0.053250730999136256,0.17781425356800062,,,,,,,,
1.0,surrogate_minus_full,OFDM,6.0,,,,,,,,,8.0,static_mh,-1.420354152529824,-1.5438354515137327,-1.2968728535459153,,,,,,,,
1.0,surrogate_minus_full,OFDM,6.0,,,,,,,,,8.0,static_lti_mh,-0.10566446298182927,-0.18932910293382102,-0.021999823029837523,,,,,,,,
1.0,surrogate_minus_full,OFDM,6.0,,,,,,,,,8.0,dsh,0.23946102662347546,0.18334766379325423,0.2955743894536967,,,,,,,,
1.0,threshold,CE,,,,,,,,,,,,,,,5.0,0.9015034444328317,0.5102235132153855,1.6474000036141365,8.0,False,False,
1.0,threshold,CE,,,,,,,,,,,,,,,10.0,1.1397354337379313,0.7033325337306243,2.0951291706981188,8.0,False,False,
1.0,threshold,QPSK,,,,,,,,,,,,,,,5.0,-0.04591032574020293,-0.33728674942575093,0.07530181533632416,8.0,False,False,
1.0,threshold,QPSK,,,,,,,,,,,,,,,10.0,0.9649687375751859,0.8597906950033497,1.1139470383809749,8.0,False,False,
1.0,threshold,16QAM,,,,,,,,,,,,,,,5.0,-2.4733096700405177,-2.6459352302902124,-2.263173728399068,8.0,False,False,
1.0,threshold,16QAM,,,,,,,,,,,,,,,10.0,-1.0708218912314038,-1.3865627101760736,-0.6910078691315271,8.0,False,False,
1.0,threshold,OFDM,,,,,,,,,,,,,,,5.0,2.558478031807801,1.6739516271985644,3.576273975617977,8.0,False,False,
1.0,threshold,OFDM,,,,,,,,,,,,,,,10.0,5.044744422070757,4.078667253142524,5.9988417887523315,8.0,False,False,
1.0,effective_SNR_dB,16QAM,-15.0,,,,,,,,,,,,,,,,,,,,,15.24100968573678
1.0,effective_SNR_dB,16QAM,-10.0,,,,,,,,,,,,,,,,,,,,,20.241009556973655
1.0,effective_SNR_dB,16QAM,-6.0,,,,,,,,,,,,,,,,,,,,,24.206406338048147
1.0,effective_SNR_dB,16QAM,-3.0,,,,,,,,,,,,,,,,,,,,,27.20640632605993
1.0,effective_SNR_dB,16QAM,0.0,,,,,,,,,,,,,,,,,,,,,30.206406324382016
1.0,effective_SNR_dB,16QAM,3.0,,,,,,,,,,,,,,,,,,,,,33.206406326606825
1.0,effective_SNR_dB,16QAM,6.0,,,,,,,,,,,,,,,,,,,,,36.2064063298922
1.0,effective_SNR_dB,CE,-15.0,,,,,,,,,,,,,,,,,,,,,14.183867744915172
1.0,effective_SNR_dB,CE,-10.0,,,,,,,,,,,,,,,,,,,,,19.18386710815883
1.0,effective_SNR_dB,CE,-6.0,,,,,,,,,,,,,,,,,,,,,23.141908688091277
1.0,effective_SNR_dB,CE,-3.0,,,,,,,,,,,,,,,,,,,,,26.141908687244026
1.0,effective_SNR_dB,CE,0.0,,,,,,,,,,,,,,,,,,,,,29.141908695236744
1.0,effective_SNR_dB,CE,3.0,,,,,,,,,,,,,,,,,,,,,32.1419087052016
1.0,effective_SNR_dB,CE,6.0,,,,,,,,,,,,,,,,,,,,,35.141908714414534
1.0,effective_SNR_dB,OFDM,-15.0,,,,,,,,,,,,,,,,,,,,,15.494500414446291
1.0,effective_SNR_dB,OFDM,-10.0,,,,,,,,,,,,,,,,,,,,,20.49450041805566
1.0,effective_SNR_dB,OFDM,-6.0,,,,,,,,,,,,,,,,,,,,,24.504462359625418
1.0,effective_SNR_dB,OFDM,-3.0,,,,,,,,,,,,,,,,,,,,,27.504462399723213
1.0,effective_SNR_dB,OFDM,0.0,,,,,,,,,,,,,,,,,,,,,30.504462434448005
1.0,effective_SNR_dB,OFDM,3.0,,,,,,,,,,,,,,,,,,,,,33.50446246220767
1.0,effective_SNR_dB,OFDM,6.0,,,,,,,,,,,,,,,,,,,,,36.504462483451974
1.0,effective_SNR_dB,QPSK,-15.0,,,,,,,,,,,,,,,,,,,,,15.251007685353208
1.0,effective_SNR_dB,QPSK,-10.0,,,,,,,,,,,,,,,,,,,,,20.251007445325072
1.0,effective_SNR_dB,QPSK,-6.0,,,,,,,,,,,,,,,,,,,,,24.206235578285302
1.0,effective_SNR_dB,QPSK,-3.0,,,,,,,,,,,,,,,,,,,,,27.206235564615852
1.0,effective_SNR_dB,QPSK,0.0,,,,,,,,,,,,,,,,,,,,,30.206235561729216
1.0,effective_SNR_dB,QPSK,3.0,,,,,,,,,,,,,,,,,,,,,33.20623556308902
1.0,effective_SNR_dB,QPSK,6.0,,,,,,,,,,,,,,,,,,,,,36.20623556575742
2.0,loss_full,CE,-15.0,0.21920645910431652,0.6685176804239211,0.44931122131960455,0.2951422915709907,0.6034801510682184,67.55596858707182,41.1016498970542,94.01028727708943,4.0,,,,,,,,,,,,
2.0,loss_full,CE,-10.0,0.4854016865636187,0.6685176804239211,0.18311599386030242,0.09536041001668329,0.27087157770392156,27.60334372625548,13.547672648697269,41.65901480381369,4.0,,,,,,,,,,,,
2.0,loss_full,CE,-6.0,0.6629947896030719,0.6629947896030719,0.0,0.0,0.0,0.0,0.0,0.0,8.0,,,,,,,,,,,,
2.0,loss_full,CE,-3.0,0.7977943143925268,0.6629947896030719,-0.13479952478945478,-0.15566762059706404,-0.11393142898184551,-20.429344891638365,-23.97008926431336,-16.888600518963372,8.0,,,,,,,,,,,,
2.0,loss_full,CE,0.0,0.83052175943245,0.6629947896030719,-0.1675269698293781,-0.27063202505437134,-0.06442191460438483,-25.121421415939004,-40.885809610271124,-9.35703322160688,8.0,,,,,,,,,,,,
2.0,loss_full,CE,3.0,0.35420160132134193,0.6629947896030719,0.30879318828172997,0.061448301675388395,0.5561380748880715,47.402628596223465,9.628121398751368,85.17713579369556,8.0,,,,,,,,,,,,
2.0,loss_full,CE,6.0,0.02487064636998917,0.6629947896030719,0.6381241432330828,0.5122317054769274,0.7640165809892381,96.42736430852634,76.74493889536613,116.10978972168654,8.0,,,,,,,,,,,,
2.0,loss_full,QPSK,-15.0,1.6566228892625863,1.8962611966931104,0.23963830743052378,0.18274065707639314,0.2965359577846544,12.648315054599543,9.5136534965595,15.782976612639585,4.0,,,,,,,,,,,,
2.0,loss_full,QPSK,-10.0,1.8460426773900216,1.8962611966931104,0.05021851930308857,0.03153504034752624,0.0689019982586509,2.651915075926482,1.6358261690631197,3.668003982789844,4.0,,,,,,,,,,,,
2.0,loss_full,QPSK,-6.0,1.8937232750463768,1.8937232750463768,0.0,0.0,0.0,0.0,0.0,0.0,8.0,,,,,,,,,,,,
2.0,loss_full,QPSK,-3.0,1.890272570126085,1.8937232750463768,0.003450704920291786,-0.0002728908648054404,0.007174300705389013,0.1809727531888216,-0.014542582350564104,0.3764880887282073,8.0,,,,,,,,,,,,
2.0,loss_full,QPSK,0.0,1.8159811936683785,1.8937232750463768,0.07774208137799818,0.06645175603550843,0.08903240672048793,4.105330138342983,3.509278783901177,4.701381492784789,8.0,,,,,,,,,,,,
2.0,loss_full,QPSK,3.0,1.5242106520641003,1.8937232750463768,0.3695126229822764,0.3380973541746081,0.40092789178994465,19.515055875605597,17.853377618759303,21.17673413245189,8.0,,,,,,,,,,,,
2.0,loss_full,QPSK,6.0,1.0923044149194663,1.8937232750463768,0.8014188601269105,0.7321295569633803,0.8707081632904408,42.32080780752203,38.68580879451764,45.95580682052642,8.0,,,,,,,,,,,,
2.0,loss_full,16QAM,-15.0,1.8934393841878314,2.254278555393431,0.3608391712055991,0.30752490152823675,0.41415344088296147,16.0274607993543,13.370111971764716,18.684809626943885,4.0,,,,,,,,,,,,
2.0,loss_full,16QAM,-10.0,2.1803505494493547,2.254278555393431,0.07392800594407589,0.05809592201569844,0.08976008987245335,3.2864773320826766,2.5037118236120612,4.069242840553292,4.0,,,,,,,,,,,,
2.0,loss_full,16QAM,-6.0,2.286131645054683,2.286131645054683,0.0,0.0,0.0,0.0,0.0,0.0,8.0,,,,,,,,,,,,
2.0,loss_full,16QAM,-3.0,2.2405995540319723,2.286131645054683,0.04553209102271094,0.03163579977713475,0.05942838226828713,1.9924639566889735,1.3798424599205283,2.6050854534574186,8.0,,,,,,,,,,,,
2.0,loss_full,16QAM,0.0,2.0057677680413963,2.286131645054683,0.2803638770132868,0.2359294427312354,0.3247983112953382,12.290590841722965,10.207768915036254,14.373412768409676,8.0,,,,,,,,,,,,
2.0,loss_full,16QAM,3.0,1.5111730979288036,2.286131645054683,0.7749585471258795,0.6718055537559495,0.8781115404958095,33.964369991637426,29.10300269622573,38.82573728704912,8.0,,,,,,,,,,,,
2.0,loss_full,16QAM,6.0,1.0603901572778196,2.286131645054683,1.2257414877768635,1.1384674860607296,1.3130154894929975,53.59681595987726,50.15993728026265,57.03369463949187,8.0,,,,,,,,,,,,
2.0,loss_full,OFDM,-15.0,1.679208249335879,1.999998528821462,0.32079027948558303,0.27149893298840344,0.3700816259827626,16.039526865399587,13.574933205385317,18.504120525413857,4.0,,,,,,,,,,,,
2.0,loss_full,OFDM,-10.0,1.9783785998981185,1.999998528821462,0.021619928923343357,-0.012933464284950576,0.05617332213163729,1.080998203823364,-0.6466760783356442,2.808672485982372,4.0,,,,,,,,,,,,
2.0,loss_full,OFDM,-6.0,1.9999880064357232,1.9999880064357232,0.0,0.0,0.0,0.0,0.0,0.0,8.0,,,,,,,,,,,,
2.0,loss_full,OFDM,-3.0,1.9999999807901454,1.9999880064357232,-1.197435442215622e-05,-3.8333242597851476e-05,1.4384533753539037e-05,-0.0005987430912167112,-0.0019167471202016643,0.000719260937768242,8.0,,,,,,,,,,,,
2.0,loss_full,OFDM,0.0,1.985266563594685,1.9999880064357232,0.014721442841038435,-0.00036640088616559166,0.02980928656824246,0.7360815434229036,-0.018319043478294605,1.4904821303241018,8.0,,,,,,,,,,,,
2.0,loss_full,OFDM,3.0,1.8707973763465562,1.9999880064357232,0.129190630089167,0.06517155007905129,0.19320971009928273,6.459553176952323,3.258604539807113,9.660501814097533,8.0,,,,,,,,,,,,
2.0,loss_full,OFDM,6.0,1.7397770534975154,1.9999880064357232,0.2602109529382078,0.2015495895778838,0.31887231629853174,13.010604623995299,10.077590537607954,15.943618710382644,8.0,,,,,,,,,,,,
2.0,surrogate_minus_full,CE,-15.0,,,,,,,,,4.0,static_mh,0.2881213833637162,0.11523915310513239,0.46100361362229997,,,,,,,,
2.0,surrogate_minus_full,CE,-15.0,,,,,,,,,4.0,static_lti_mh,-0.004777274146481209,-0.02353950208655773,0.01398495379359531,,,,,,,,
2.0,surrogate_minus_full,CE,-15.0,,,,,,,,,4.0,dsh,-0.00477727414646816,-0.023539502086524694,0.013984953793588372,,,,,,,,
2.0,surrogate_minus_full,CE,-10.0,,,,,,,,,4.0,static_mh,0.35939845524407155,0.23729697780440862,0.4814999326837345,,,,,,,,
2.0,surrogate_minus_full,CE,-10.0,,,,,,,,,4.0,static_lti_mh,-0.021462793227466692,-0.03919883605664442,-0.003726750398288965,,,,,,,,
2.0,surrogate_minus_full,CE,-10.0,,,,,,,,,4.0,dsh,-0.021462793227456506,-0.03919883605661214,-0.0037267503983008723,,,,,,,,
2.0,surrogate_minus_full,CE,-6.0,,,,,,,,,8.0,static_mh,0.28049092252437413,0.25921646773096674,0.3017653773177815,,,,,,,,
2.0,surrogate_minus_full,CE,-6.0,,,,,,,,,8.0,static_lti_mh,-0.07928906171469798,-0.09689249896254584,-0.06168562446685011,,,,,,,,
2.0,surrogate_minus_full,CE,-6.0,,,,,,,,,8.0,dsh,-0.07928906171472297,-0.09689249896257367,-0.06168562446687227,,,,,,,,
2.0,surrogate_minus_full,CE,-3.0,,,,,,,,,8.0,static_mh,0.17177991601671827,0.15943680448622075,0.1841230275472158,,,,,,,,
2.0,surrogate_minus_full,CE,-3.0,,,,,,,,,8.0,static_lti_mh,-0.1618861579077856,-0.19002629002192256,-0.13374602579364864,,,,,,,,
2.0,surrogate_minus_full,CE,-3.0,,,,,,,,,8.0,dsh,-0.1618861579077907,-0.19002629002192498,-0.13374602579365644,,,,,,,,
2.0,surrogate_minus_full,CE,0.0,,,,,,,,,8.0,static_mh,0.14883264486167025,0.038138073566647585,0.25952721615669294,,,,,,,,
2.0,surrogate_minus_full,CE,0.0,,,,,,,,,8.0,static_lti_mh,-0.16771871163674906,-0.2605145246659991,-0.07492289860749902,,,,,,,,
2.0,surrogate_minus_full,CE,0.0,,,,,,,,,8.0,dsh,-0.16771871163675728,-0.26051452466601444,-0.07492289860750015,,,,,,,,
2.0,surrogate_minus_full,CE,3.0,,,,,,,,,8.0,static_mh,0.6274306911688281,0.3663709603538459,0.8884904219838103,,,,,,,,
2.0,surrogate_minus_full,CE,3.0,,,,,,,,,8.0,static_lti_mh,0.3172618367744791,0.06722932835671247,0.5672943451922458,,,,,,,,
2.0,surrogate_minus_full,CE,3.0,,,,,,,,,8.0,dsh,0.3172618367744607,0.0672293283566881,0.5672943451922332,,,,,,,,
2.0,surrogate_minus_full,CE,6.0,,,,,,,,,8.0,static_mh,0.9539394541078344,0.8231017049491172,1.0847772032665517,,,,,,,,
2.0,surrogate_minus_full,CE,6.0,,,,,,,,,8.0,static_lti_mh,0.6392300735458523,0.5042642593375007,0.7741958877542038,,,,,,,,
2.0,surrogate_minus_full,CE,6.0,,,,,,,,,8.0,dsh,0.6392300735458807,0.5042642593375237,0.7741958877542376,,,,,,,,
2.0,surrogate_minus_full,QPSK,-15.0,,,,,,,,,4.0,static_mh,0.2325393218039472,0.15962516741733884,0.3054534761905556,,,,,,,,
2.0,surrogate_minus_full,QPSK,-15.0,,,,,,,,,4.0,static_lti_mh,0.0013147082427050205,-0.00108842722969636,0.003717843715106401,,,,,,,,
2.0,surrogate_minus_full,QPSK,-15.0,,,,,,,,,4.0,dsh,0.0015883421999927094,-0.0007487160480353608,0.003925400448020779,,,,,,,,
2.0,surrogate_minus_full,QPSK,-10.0,,,,,,,,,4.0,static_mh,0.15199538298826443,0.11053516302927155,0.1934556029472573,,,,,,,,
2.0,surrogate_minus_full,QPSK,-10.0,,,,,,,,,4.0,static_lti_mh,0.003200757688966771,-0.00416042408181606,0.010561939459749602,,,,,,,,
2.0,surrogate_minus_full,QPSK,-10.0,,,,,,,,,4.0,dsh,0.003306139602444358,-0.003971934855895234,0.010584214060783949,,,,,,,,
2.0,surrogate_minus_full,QPSK,-6.0,,,,,,,,,8.0,static_mh,0.10542762884819318,0.08856540731674137,0.12228985037964499,,,,,,,,
2.0,surrogate_minus_full,QPSK,-6.0,,,,,,,,,8.0,static_lti_mh,0.01279202046345912,0.006566578184524281,0.019017462742393958,,,,,,,,
2.0,surrogate_minus_full,QPSK,-6.0,,,,,,,,,8.0,dsh,0.012000328090547907,0.006112948914164572,0.017887707266931244,,,,,,,,
2.0,surrogate_minus_full,QPSK,-3.0,,,,,,,,,8.0,static_mh,0.10965734491250811,0.09551850723855122,0.123796182586465,,,,,,,,
2.0,surrogate_minus_full,QPSK,-3.0,,,,,,,,,8.0,static_lti_mh,0.035754146393632585,0.027204276645800052,0.04430401614146512,,,,,,,,
2.0,surrogate_minus_full,QPSK,-3.0,,,,,,,,,8.0,dsh,0.03461344997876423,0.026571190992497246,0.04265570896503121,,,,,,,,
2.0,surrogate_minus_full,QPSK,0.0,,,,,,,,,8.0,static_mh,0.1840188046294632,0.16484618558140998,0.20319142367751644,,,,,,,,
2.0,surrogate_minus_full,QPSK,0.0,,,,,,,,,8.0,static_lti_mh,0.11970022177092171,0.10511497358577304,0.13428546995607038,,,,,,,,
2.0,surrogate_minus_full,QPSK,0.0,,,,,,,,,8.0,dsh,0.11896154471534756,0.10533584934303915,0.132587240087656,,,,,,,,
2.0,surrogate_minus_full,QPSK,3.0,,,,,,,,,8.0,static_mh,0.4108921762158401,0.37452262925864965,0.4472617231730306,,,,,,,,
2.0,surrogate_minus_full,QPSK,3.0,,,,,,,,,8.0,static_lti_mh,0.40935192316218005,0.37813877041737737,0.44056507590698274,,,,,,,,
2.0,surrogate_minus_full,QPSK,3.0,,,,,,,,,8.0,dsh,0.4123714896246973,0.38028633035334763,0.4444566488960469,,,,,,,,
2.0,surrogate_minus_full,QPSK,6.0,,,,,,,,,8.0,static_mh,0.014586732774174063,-0.08096452884124312,0.11013799438959125,,,,,,,,
2.0,surrogate_minus_full,QPSK,6.0,,,,,,,,,8.0,static_lti_mh,0.8137647338943821,0.7451000781560035,0.8824293896327606,,,,,,,,
2.0,surrogate_minus_full,QPSK,6.0,,,,,,,,,8.0,dsh,0.8385467946945193,0.7687617725607054,0.9083318168283332,,,,,,,,
2.0,surrogate_minus_full,16QAM,-15.0,,,,,,,,,4.0,static_mh,0.4902552073621152,0.4403906151799532,0.5401197995442772,,,,,,,,
2.0,surrogate_minus_full,16QAM,-15.0,,,,,,,,,4.0,static_lti_mh,0.0009232959976634425,-0.00577066534999111,0.007617257345317995,,,,,,,,
2.0,surrogate_minus_full,16QAM,-15.0,,,,,,,,,4.0,dsh,0.0024506987280558667,-0.003777160473762099,0.008678557929873832,,,,,,,,
2.0,surrogate_minus_full,16QAM,-10.0,,,,,,,,,4.0,static_mh,0.967453011220717,0.9272880623750952,1.0076179600663389,,,,,,,,
2.0,surrogate_minus_full,16QAM,-10.0,,,,,,,,,4.0,static_lti_mh,0.008044347913537253,-0.002621888039724206,0.018710583866798712,,,,,,,,
2.0,surrogate_minus_full,16QAM,-10.0,,,,,,,,,4.0,dsh,0.011725947480340393,0.0026267018694486072,0.02082519309123218,,,,,,,,
2.0,surrogate_minus_full,16QAM,-6.0,,,,,,,,,8.0,static_mh,1.0165252346647304,0.9608861536726254,1.0721643156568355,,,,,,,,
2.0,surrogate_minus_full,16QAM,-6.0,,,,,,,,,8.0,static_lti_mh,0.03169564591385937,0.023015526303598897,0.040375765524119846,,,,,,,,
2.0,surrogate_minus_full,16QAM,-6.0,,,,,,,,,8.0,dsh,0.038516778280477504,0.02928137259938459,0.04775218396157042,,,,,,,,
2.0,surrogate_minus_full,16QAM,-3.0,,,,,,,,,8.0,static_mh,1.153999628987866,1.0872311260034526,1.2207681319722794,,,,,,,,
2.0,surrogate_minus_full,16QAM,-3.0,,,,,,,,,8.0,static_lti_mh,0.10572628776314019,0.08624555469269321,0.12520702083358717,,,,,,,,
2.0,surrogate_minus_full,16QAM,-3.0,,,,,,,,,8.0,dsh,0.12053884527773578,0.09803480207786232,0.14304288847760926,,,,,,,,
2.0,surrogate_minus_full,16QAM,0.0,,,,,,,,,8.0,static_mh,1.4475344568324064,1.3466440306287335,1.5484248830360794,,,,,,,,
2.0,surrogate_minus_full,16QAM,0.0,,,,,,,,,8.0,static_lti_mh,0.3343251507726166,0.28410149451131117,0.384548807033922,,,,,,,,
2.0,surrogate_minus_full,16QAM,0.0,,,,,,,,,8.0,dsh,0.37203851106384633,0.31646217400189014,0.4276148481258025,,,,,,,,
2.0,surrogate_minus_full,16QAM,3.0,,,,,,,,,8.0,static_mh,0.5971628586709681,0.43213825666042616,0.76218746068151,,,,,,,,
2.0,surrogate_minus_full,16QAM,3.0,,,,,,,,,8.0,static_lti_mh,0.7444387287753687,0.6420744189404561,0.8468030386102812,,,,,,,,
2.0,surrogate_minus_full,16QAM,3.0,,,,,,,,,8.0,dsh,0.8647185374363009,0.7519330991757849,0.9775039756968169,,,,,,,,
2.0,surrogate_minus_full,16QAM,6.0,,,,,,,,,8.0,static_mh,-0.024359639705123295,-0.15125132213667714,0.10253204272643056,,,,,,,,
2.0,surrogate_minus_full,16QAM,6.0,,,,,,,,,8.0,static_lti_mh,0.8878733403156039,0.8195060463986048,0.9562406342326031,,,,,,,,
2.0,surrogate_minus_full,16QAM,6.0,,,,,,,,,8.0,dsh,1.2903626830995991,1.2216577962707083,1.35906756992849,,,,,,,,
2.0,surrogate_minus_full,OFDM,-15.0,,,,,,,,,4.0,static_mh,0.10020904944295539,0.06526511549253967,0.13515298339337112,,,,,,,,
2.0,surrogate_minus_full,OFDM,-15.0,,,,,,,,,4.0,static_lti_mh,-0.005591635717484222,-0.009108499550545324,-0.002074771884423122,,,,,,,,
2.0,surrogate_minus_full,OFDM,-15.0,,,,,,,,,4.0,dsh,-0.0023009346926151086,-0.004051945384165964,-0.0005499240010642531,,,,,,,,
2.0,surrogate_minus_full,OFDM,-10.0,,,,,,,,,4.0,static_mh,-0.026409104557414798,-0.051220631967683845,-0.0015975771471457498,,,,,,,,
2.0,surrogate_minus_full,OFDM,-10.0,,,,,,,,,4.0,static_lti_mh,-0.004694445231096023,-0.011263144651442993,0.001874254189250947,,,,,,,,
2.0,surrogate_minus_full,OFDM,-10.0,,,,,,,,,4.0,dsh,-0.0020584359155890186,-0.006239234251329402,0.002122362420151365,,,,,,,,
2.0,surrogate_minus_full,OFDM,-6.0,,,,,,,,,8.0,static_mh,-0.08057598857223752,-0.1168871506781398,-0.04426482646633524,,,,,,,,
2.0,surrogate_minus_full,OFDM,-6.0,,,,,,,,,8.0,static_lti_mh,-2.0362450926791897e-06,-4.209118819207194e-05,3.801869800671356e-05,,,,,,,,
2.0,surrogate_minus_full,OFDM,-6.0,,,,,,,,,8.0,dsh,1.0725115724169454e-05,-1.529635842216396e-05,3.674658987050287e-05,,,,,,,,
2.0,surrogate_minus_full,OFDM,-3.0,,,,,,,,,8.0,static_mh,-0.04725404907174616,-0.07173376702143824,-0.022774331122054077,,,,,,,,
2.0,surrogate_minus_full,OFDM,-3.0,,,,,,,,,8.0,static_lti_mh,1.9135457746122242e-08,-2.1275410828412657e-08,5.954632632065714e-08,,,,,,,,
2.0,surrogate_minus_full,OFDM,-3.0,,,,,,,,,8.0,dsh,1.9209848406420704e-08,-2.11744933738778e-08,5.959419018671921e-08,,,,,,,,
2.0,surrogate_minus_full,OFDM,0.0,,,,,,,,,8.0,static_mh,-0.19239538593605462,-0.263198964727029,-0.12159180714508025,,,,,,,,
2.0,surrogate_minus_full,OFDM,0.0,,,,,,,,,8.0,static_lti_mh,0.01473323867970705,-0.00036524756700186296,0.029831724926415962,,,,,,,,
2.0,surrogate_minus_full,OFDM,0.0,,,,,,,,,8.0,dsh,0.014733436405315103,-0.00036498736393229987,0.029831860174562505,,,,,,,,
2.0,surrogate_minus_full,OFDM,3.0,,,,,,,,,8.0,static_mh,-0.8754503170644559,-0.9722201857349256,-0.7786804483939861,,,,,,,,
2.0,surrogate_minus_full,OFDM,3.0,,,,,,,,,8.0,static_lti_mh,0.11657476108799647,0.05367698871427458,0.17947253346171838,,,,,,,,
2.0,surrogate_minus_full,OFDM,3.0,,,,,,,,,8.0,dsh,0.12920262365344368,0.06519205553259808,0.19321319177428928,,,,,,,,
2.0,surrogate_minus_full,OFDM,6.0,,,,,,,,,8.0,static_mh,-1.3935695656605258,-1.5109504160191924,-1.2761887153018592,,,,,,,,
2.0,surrogate_minus_full,OFDM,6.0,,,,,,,,,8.0,static_lti_mh,-0.1008946192283493,-0.18799856016088135,-0.013790678295817274,,,,,,,,
2.0,surrogate_minus_full,OFDM,6.0,,,,,,,,,8.0,dsh,0.26021908382820313,0.20156672493017275,0.3188714427262335,,,,,,,,
2.0,threshold,CE,,,,,,,,,,,,,,,5.0,1.2459903195238364,0.6813615378872857,2.1415319977383915,8.0,False,False,
2.0,threshold,CE,,,,,,,,,,,,,,,10.0,1.452818261392561,0.8410369442485364,2.4970213783558743,8.0,False,False,
2.0,threshold,QPSK,,,,,,,,,,,,,,,5.0,0.17417633712200245,0.08649333618738154,0.2674108468373732,8.0,False,False,
2.0,threshold,QPSK,,,,,,,,,,,,,,,10.0,1.1475875616792408,1.03617700261016,1.3027341463910422,8.0,False,False,
2.0,threshold,16QAM,,,,,,,,,,,,,,,5.0,-2.1238592968741328,-2.3201212697185807,-1.865171518661606,8.0,False,False,
2.0,threshold,16QAM,,,,,,,,,,,,,,,10.0,-0.6672837305156412,-1.0157269440791663,-0.22438244937897944,8.0,False,False,
2.0,threshold,OFDM,,,,,,,,,,,,,,,5.0,2.2349644042602095,1.5027203147630002,3.3207355685898223,8.0,False,False,
2.0,threshold,OFDM,,,,,,,,,,,,,,,10.0,4.621318433384813,3.5472854494784727,5.5116446113852415,8.0,False,False,
2.0,effective_SNR_dB,16QAM,-15.0,,,,,,,,,,,,,,,,,,,,,9.220409772457156
2.0,effective_SNR_dB,16QAM,-10.0,,,,,,,,,,,,,,,,,,,,,14.22040964369403
2.0,effective_SNR_dB,16QAM,-6.0,,,,,,,,,,,,,,,,,,,,,18.185806424768522
2.0,effective_SNR_dB,16QAM,-3.0,,,,,,,,,,,,,,,,,,,,,21.18580641278031
2.0,effective_SNR_dB,16QAM,0.0,,,,,,,,,,,,,,,,,,,,,24.18580641110239
2.0,effective_SNR_dB,16QAM,3.0,,,,,,,,,,,,,,,,,,,,,27.1858064133272
2.0,effective_SNR_dB,16QAM,6.0,,,,,,,,,,,,,,,,,,,,,30.18580641661257
2.0,effective_SNR_dB,CE,-15.0,,,,,,,,,,,,,,,,,,,,,8.16326783163555
2.0,effective_SNR_dB,CE,-10.0,,,,,,,,,,,,,,,,,,,,,13.163267194879205
2.0,effective_SNR_dB,CE,-6.0,,,,,,,,,,,,,,,,,,,,,17.121308774811652
2.0,effective_SNR_dB,CE,-3.0,,,,,,,,,,,,,,,,,,,,,20.121308773964405
2.0,effective_SNR_dB,CE,0.0,,,,,,,,,,,,,,,,,,,,,23.12130878195712
2.0,effective_SNR_dB,CE,3.0,,,,,,,,,,,,,,,,,,,,,26.121308791921976
2.0,effective_SNR_dB,CE,6.0,,,,,,,,,,,,,,,,,,,,,29.12130880113491
2.0,effective_SNR_dB,OFDM,-15.0,,,,,,,,,,,,,,,,,,,,,9.473900501166668
2.0,effective_SNR_dB,OFDM,-10.0,,,,,,,,,,,,,,,,,,,,,14.473900504776038
2.0,effective_SNR_dB,OFDM,-6.0,,,,,,,,,,,,,,,,,,,,,18.483862446345793
2.0,effective_SNR_dB,OFDM,-3.0,,,,,,,,,,,,,,,,,,,,,21.48386248644359
2.0,effective_SNR_dB,OFDM,0.0,,,,,,,,,,,,,,,,,,,,,24.48386252116838
2.0,effective_SNR_dB,OFDM,3.0,,,,,,,,,,,,,,,,,,,,,27.483862548928045
2.0,effective_SNR_dB,OFDM,6.0,,,,,,,,,,,,,,,,,,,,,30.48386257017235
2.0,effective_SNR_dB,QPSK,-15.0,,,,,,,,,,,,,,,,,,,,,9.230407772073585
2.0,effective_SNR_dB,QPSK,-10.0,,,,,,,,,,,,,,,,,,,,,14.230407532045449
2.0,effective_SNR_dB,QPSK,-6.0,,,,,,,,,,,,,,,,,,,,,18.18563566500568
2.0,effective_SNR_dB,QPSK,-3.0,,,,,,,,,,,,,,,,,,,,,21.185635651336227
2.0,effective_SNR_dB,QPSK,0.0,,,,,,,,,,,,,,,,,,,,,24.185635648449594
2.0,effective_SNR_dB,QPSK,3.0,,,,,,,,,,,,,,,,,,,,,27.18563564980939
2.0,effective_SNR_dB,QPSK,6.0,,,,,,,,,,,,,,,,,,,,,30.185635652477792
4.0,loss_full,CE,-15.0,0.04769870023678164,0.368748137956911,0.3210494377201294,0.0804512445812611,0.5616476308589977,85.03605543887588,63.344786931617094,106.72732394613466,4.0,,,,,,,,,,,,
4.0,loss_full,CE,-10.0,0.1747407626176221,0.368748137956911,0.19400737533928894,0.018656843982249177,0.36935790669632873,50.29803706880966,14.117267269729794,86.47880686788953,4.0,,,,,,,,,,,,
4.0,loss_full,CE,-6.0,0.34804790561453947,0.34804790561453947,0.0,0.0,0.0,0.0,0.0,0.0,8.0,,,,,,,,,,,,
4.0,loss_full,CE,-3.0,0.5508357435415121,0.34804790561453947,-0.20278783792697258,-0.29421760779568584,-0.11135806805825932,-66.47647174438484,-100.11896758005321,-32.833975908716475,8.0,,,,,,,,,,,,
4.0,loss_full,CE,0.0,0.6563314945910397,0.34804790561453947,-0.30828358897650016,-0.4456916145962311,-0.17087556335676926,-105.66968374361976,-167.6316580532484,-43.70770943399112,8.0,,,,,,,,,,,,
4.0,loss_full,CE,3.0,0.2746542157255922,0.34804790561453947,0.07339368988894729,-0.17756249832218374,0.3243498781000783,25.848298973385575,-71.62153818392025,123.31813613069141,8.0,,,,,,,,,,,,
4.0,loss_full,CE,6.0,0.023701943420750993,0.34804790561453947,0.32434596219378853,0.22632790031181504,0.422364024075762,96.78051760458354,64.99682330798043,128.56421190118664,8.0,,,,,,,,,,,,
4.0,loss_full,QPSK,-15.0,1.1434501069907714,1.7728778251623292,0.6294277181715577,0.5032773155259513,0.7555781208171641,35.5630561215423,27.613111392280395,43.51300085080421,4.0,,,,,,,,,,,,
4.0,loss_full,QPSK,-10.0,1.584984166071535,1.7728778251623292,0.18789365909079414,0.14499202891856028,0.230795289263028,10.620552360687837,7.9321538141244865,13.308950907251187,4.0,,,,,,,,,,,,
4.0,loss_full,QPSK,-6.0,1.7751031821561618,1.7751031821561618,0.0,0.0,0.0,0.0,0.0,0.0,8.0,,,,,,,,,,,,
4.0,loss_full,QPSK,-3.0,1.8214004114988303,1.7751031821561618,-0.046297229342668195,-0.053252250928877184,-0.039342207756459205,-2.6157923047937137,-3.0424557648018298,-2.1891288447855977,8.0,,,,,,,,,,,,
4.0,loss_full,QPSK,0.0,1.77083435160276,1.7751031821561618,0.004268830553402048,-0.011186712068562176,0.019724373175366273,0.23081062793634613,-0.6381907319453508,1.099811987818043,8.0,,,,,,,,,,,,
4.0,loss_full,QPSK,3.0,1.4937752637889263,1.7751031821561618,0.2813279183672355,0.2475820375101267,0.31507379922434425,15.848391682317217,13.995497921324757,17.70128544330968,8.0,,,,,,,,,,,,
4.0,loss_full,QPSK,6.0,1.0743964235560166,1.7751031821561618,0.7007067586001453,0.6277202816018745,0.7736932355984161,39.47475613082925,35.443605849015235,43.50590641264326,8.0,,,,,,,,,,,,
4.0,loss_full,16QAM,-15.0,1.2330262070331979,2.0445826591930185,0.8115564521598206,0.7623183435295655,0.8607945607900758,39.741305935179874,36.17396614338037,43.30864572697938,4.0,,,,,,,,,,,,
4.0,loss_full,16QAM,-10.0,1.7885399005475242,2.0445826591930185,0.25604275864549425,0.2296414419083389,0.2824440753826496,12.546719992234905,10.816784341330457,14.276655643139353,4.0,,,,,,,,,,,,
4.0,loss_full,16QAM,-6.0,2.08399393999655,2.08399393999655,0.0,0.0,0.0,0.0,0.0,0.0,8.0,,,,,,,,,,,,
4.0,loss_full,16QAM,-3.0,2.1251933267268575,2.08399393999655,-0.04119938673030768,-0.05470958638147269,-0.02768918707914267,-1.982871066495703,-2.6546995955531503,-1.3110425374382557,8.0,,,,,,,,,,,,
4.0,loss_full,16QAM,0.0,1.9440284008169968,2.08399393999655,0.13996553917955307,0.09788927695903268,0.18204180140007345,6.7448530376466715,4.610507826409686,8.879198248883657,8.0,,,,,,,,,,,,
4.0,loss_full,16QAM,3.0,1.4819950250185343,2.08399393999655,0.6019989149780156,0.5052735539709174,0.6987242759851138,28.981927685639018,23.89891125243164,34.0649441188464,8.0,,,,,,,,,,,,
4.0,loss_full,16QAM,6.0,1.0467364504021783,2.08399393999655,1.0372574895943716,0.9489493658650339,1.1255656133237093,49.74022416764864,46.028219329182605,53.45222900611468,8.0,,,,,,,,,,,,
4.0,loss_full,OFDM,-15.0,0.5579788551713055,1.8969981072488915,1.339019252077586,0.999281688526553,1.6787568156286192,70.65986699965244,51.73248627171082,89.58724772759405,4.0,,,,,,,,,,,,
4.0,loss_full,OFDM,-10.0,1.545211302656822,1.8969981072488915,0.35178680459206974,0.2965280071105567,0.40704560207358276,18.555173109539922,15.427571404568864,21.682774814510978,4.0,,,,,,,,,,,,
4.0,loss_full,OFDM,-6.0,1.8892145171163393,1.8892145171163393,0.0,0.0,0.0,0.0,0.0,0.0,8.0,,,,,,,,,,,,
4.0,loss_full,OFDM,-3.0,1.9748929123375363,1.8892145171163393,-0.0856783952211973,-0.10960403967281315,-0.061752750769581456,-4.5789879393100525,-6.00847952171964,-3.149496356900465,8.0,,,,,,,,,,,,
4.0,loss_full,OFDM,0.0,1.949651227205207,1.8892145171163393,-0.060436710088867834,-0.09727467058376851,-0.02359874959396715,-3.2479656522227787,-5.2912134648796565,-1.2047178395659008,8.0,,,,,,,,,,,,
4.0,loss_full,OFDM,3.0,1.8082807937462653,1.8892145171163393,0.08093372337007396,-0.008783201308037877,0.1706506480481858,4.183537488758956,-0.7010939922577064,9.06816896977562,8.0,,,,,,,,,,,,
4.0,loss_full,OFDM,6.0,1.672299602729143,1.8892145171163393,0.2169149143871963,0.11697301488384036,0.3168568138905522,11.342600414354443,6.094716462940046,16.59048436576884,8.0,,,,,,,,,,,,
4.0,surrogate_minus_full,CE,-15.0,,,,,,,,,4.0,static_mh,0.03545150545395957,0.002941206191666018,0.06796180471625313,,,,,,,,
4.0,surrogate_minus_full,CE,-15.0,,,,,,,,,4.0,static_lti_mh,0.008035349061777972,-0.005452509007814783,0.02152320713137073,,,,,,,,
4.0,surrogate_minus_full,CE,-15.0,,,,,,,,,4.0,dsh,0.008035349061782288,-0.0054525090078189516,0.021523207131383528,,,,,,,,
4.0,surrogate_minus_full,CE,-10.0,,,,,,,,,4.0,static_mh,0.10421817880158102,-0.0715006552714948,0.27993701287465683,,,,,,,,
4.0,surrogate_minus_full,CE,-10.0,,,,,,,,,4.0,static_lti_mh,-0.008624166773279728,-0.053349933284782616,0.03610159973822316,,,,,,,,
4.0,surrogate_minus_full,CE,-10.0,,,,,,,,,4.0,dsh,-0.008624166773297352,-0.05334993328482483,0.03610159973823013,,,,,,,,
4.0,surrogate_minus_full,CE,-6.0,,,,,,,,,8.0,static_mh,0.39829755390054866,0.30491563027906915,0.4916794775220282,,,,,,,,
4.0,surrogate_minus_full,CE,-6.0,,,,,,,,,8.0,static_lti_mh,-0.03184087703356024,-0.09153559797789121,0.027853843910770726,,,,,,,,
4.0,surrogate_minus_full,CE,-6.0,,,,,,,,,8.0,dsh,-0.03184087703358836,-0.0915355979779095,0.027853843910732784,,,,,,,,
4.0,surrogate_minus_full,CE,-3.0,,,,,,,,,8.0,static_mh,0.31632538723178627,0.22613836118736735,0.4065124132762052,,,,,,,,
4.0,surrogate_minus_full,CE,-3.0,,,,,,,,,8.0,static_lti_mh,-0.07932147436582665,-0.12998618161216974,-0.028656767119483575,,,,,,,,
4.0,surrogate_minus_full,CE,-3.0,,,,,,,,,8.0,dsh,-0.07932147436584452,-0.12998618161216471,-0.028656767119524328,,,,,,,,
4.0,surrogate_minus_full,CE,0.0,,,,,,,,,8.0,static_mh,0.27299443602130485,0.16774502728130128,0.37824384476130846,,,,,,,,
4.0,surrogate_minus_full,CE,0.0,,,,,,,,,8.0,static_lti_mh,-0.09348888549631598,-0.18847708885227335,0.0014993178596413859,,,,,,,,
4.0,surrogate_minus_full,CE,0.0,,,,,,,,,8.0,dsh,-0.0934888854963225,-0.18847708885226838,0.0014993178596233586,,,,,,,,
4.0,surrogate_minus_full,CE,3.0,,,,,,,,,8.0,static_mh,0.6782871276987166,0.40328546577644847,0.9532887896209847,,,,,,,,
4.0,surrogate_minus_full,CE,3.0,,,,,,,,,8.0,static_lti_mh,0.329358030759303,0.07089292211273279,0.5878231394058732,,,,,,,,
4.0,surrogate_minus_full,CE,3.0,,,,,,,,,8.0,dsh,0.3293580307592835,0.07089292211271142,0.5878231394058555,,,,,,,,
4.0,surrogate_minus_full,CE,6.0,,,,,,,,,8.0,static_mh,0.9286916437690635,0.8275225611189048,1.0298607264192223,,,,,,,,
4.0,surrogate_minus_full,CE,6.0,,,,,,,,,8.0,static_lti_mh,0.5816755340037192,0.4814435850158726,0.6819074829915658,,,,,,,,
4.0,surrogate_minus_full,CE,6.0,,,,,,,,,8.0,dsh,0.581675534003758,0.48144358501589746,0.6819074829916186,,,,,,,,
4.0,surrogate_minus_full,QPSK,-15.0,,,,,,,,,4.0,static_mh,-0.0020539365677977317,-0.07942056045134935,0.07531268731575388,,,,,,,,
4.0,surrogate_minus_full,QPSK,-15.0,,,,,,,,,4.0,static_lti_mh,-0.00019495283306630862,-0.003030960294039695,0.0026410546279070778,,,,,,,,
4.0,surrogate_minus_full,QPSK,-15.0,,,,,,,,,4.0,dsh,0.0005198739660712826,-0.0023721860072838863,0.0034119339394264514,,,,,,,,
4.0,surrogate_minus_full,QPSK,-10.0,,,,,,,,,4.0,static_mh,0.20361392367251552,0.12599110039102904,0.281236746954002,,,,,,,,
4.0,surrogate_minus_full,QPSK,-10.0,,,,,,,,,4.0,static_lti_mh,0.0030625909087853564,-0.003432614033594475,0.009557795851165188,,,,,,,,
4.0,surrogate_minus_full,QPSK,-10.0,,,,,,,,,4.0,dsh,0.004212285328997256,-0.002372664738414785,0.010797235396409297,,,,,,,,
4.0,surrogate_minus_full,QPSK,-6.0,,,,,,,,,8.0,static_mh,0.1819854043633969,0.15009588010313732,0.2138749286236565,,,,,,,,
4.0,surrogate_minus_full,QPSK,-6.0,,,,,,,,,8.0,static_lti_mh,0.013460897782559406,0.005329121843198776,0.021592673721920037,,,,,,,,
4.0,surrogate_minus_full,QPSK,-6.0,,,,,,,,,8.0,dsh,0.013768503786489694,0.006107106258779741,0.021429901314199647,,,,,,,,
4.0,surrogate_minus_full,QPSK,-3.0,,,,,,,,,8.0,static_mh,0.1692033231033213,0.14091266114292172,0.1974939850637209,,,,,,,,
4.0,surrogate_minus_full,QPSK,-3.0,,,,,,,,,8.0,static_lti_mh,0.03990143103787891,0.028508409908000867,0.05129445216775695,,,,,,,,
4.0,surrogate_minus_full,QPSK,-3.0,,,,,,,,,8.0,dsh,0.039737514286024234,0.029171466351104094,0.05030356222094437,,,,,,,,
4.0,surrogate_minus_full,QPSK,0.0,,,,,,,,,8.0,static_mh,0.22841695583942181,0.20228776909813556,0.25454614258070807,,,,,,,,
4.0,surrogate_minus_full,QPSK,0.0,,,,,,,,,8.0,static_lti_mh,0.12757470141518662,0.109930858804764,0.14521854402560924,,,,,,,,
4.0,surrogate_minus_full,QPSK,0.0,,,,,,,,,8.0,dsh,0.12807690575572148,0.11175775223700414,0.14439605927443883,,,,,,,,
4.0,surrogate_minus_full,QPSK,3.0,,,,,,,,,8.0,static_mh,0.42190703408590613,0.38168743659054066,0.4621266315812716,,,,,,,,
4.0,surrogate_minus_full,QPSK,3.0,,,,,,,,,8.0,static_lti_mh,0.41439574192124407,0.37893786047748723,0.4498536233650009,,,,,,,,
4.0,surrogate_minus_full,QPSK,3.0,,,,,,,,,8.0,dsh,0.42018698972153584,0.3845816573375085,0.4557923221055632,,,,,,,,
4.0,surrogate_minus_full,QPSK,6.0,,,,,,,,,8.0,static_mh,0.019061618000062314,-0.07716262695866861,0.11528586295879324,,,,,,,,
4.0,surrogate_minus_full,QPSK,6.0,,,,,,,,,8.0,static_lti_mh,0.8063575594416141,0.7330714549650832,0.8796436639181451,,,,,,,,
4.0,surrogate_minus_full,QPSK,6.0,,,,,,,,,8.0,dsh,0.8363757254490749,0.7624238502820972,0.9103276006160526,,,,,,,,
4.0,surrogate_minus_full,16QAM,-15.0,,,,,,,,,4.0,static_mh,-0.04942892729096371,-0.11517571584543339,0.01631786126350597,,,,,,,,
4.0,surrogate_minus_full,16QAM,-15.0,,,,,,,,,4.0,static_lti_mh,-0.0008965414066116062,-0.004634234878064148,0.0028411520648409356,,,,,,,,
4.0,surrogate_minus_full,16QAM,-15.0,,,,,,,,,4.0,dsh,0.0009346573588194795,-0.0025609772018377664,0.004430291919476725,,,,,,,,
4.0,surrogate_minus_full,16QAM,-10.0,,,,,,,,,4.0,static_mh,0.2944850960130195,0.23753273493824595,0.351437457087793,,,,,,,,
4.0,surrogate_minus_full,16QAM,-10.0,,,,,,,,,4.0,static_lti_mh,0.004373314756530133,-0.0029932684174392822,0.011739897930499548,,,,,,,,
4.0,surrogate_minus_full,16QAM,-10.0,,,,,,,,,4.0,dsh,0.009709092018561905,0.003718447902375378,0.01569973613474843,,,,,,,,
4.0,surrogate_minus_full,16QAM,-6.0,,,,,,,,,8.0,static_mh,0.5820902152135792,0.5299276876666964,0.634252742760462,,,,,,,,
4.0,surrogate_minus_full,16QAM,-6.0,,,,,,,,,8.0,static_lti_mh,0.025636785072743057,0.01756726997091722,0.033706300174568896,,,,,,,,
4.0,surrogate_minus_full,16QAM,-6.0,,,,,,,,,8.0,dsh,0.035626310346270645,0.026756032721175983,0.04449658797136531,,,,,,,,
4.0,surrogate_minus_full,16QAM,-3.0,,,,,,,,,8.0,static_mh,0.8633851121682163,0.8031417350272005,0.9236284893092321,,,,,,,,
4.0,surrogate_minus_full,16QAM,-3.0,,,,,,,,,8.0,static_lti_mh,0.09773521449709388,0.07967325200160673,0.11579717699258103,,,,,,,,
4.0,surrogate_minus_full,16QAM,-3.0,,,,,,,,,8.0,dsh,0.11618532311508861,0.09496978290214672,0.1374008633280305,,,,,,,,
4.0,surrogate_minus_full,16QAM,0.0,,,,,,,,,8.0,static_mh,1.2604492151181188,1.160438339350815,1.3604600908854225,,,,,,,,
4.0,surrogate_minus_full,16QAM,0.0,,,,,,,,,8.0,static_lti_mh,0.32195830240698364,0.2749416239209879,0.36897498089297937,,,,,,,,
4.0,surrogate_minus_full,16QAM,0.0,,,,,,,,,8.0,dsh,0.36356805324118,0.311044976713696,0.416091129768664,,,,,,,,
4.0,surrogate_minus_full,16QAM,3.0,,,,,,,,,8.0,static_mh,0.5664345509351929,0.4006677336983007,0.7322013681720851,,,,,,,,
4.0,surrogate_minus_full,16QAM,3.0,,,,,,,,,8.0,static_lti_mh,0.7257107156286453,0.6284945748746912,0.8229268563825994,,,,,,,,
4.0,surrogate_minus_full,16QAM,3.0,,,,,,,,,8.0,dsh,0.8498835072609006,0.7422445653529273,0.9575224491688739,,,,,,,,
4.0,surrogate_minus_full,16QAM,6.0,,,,,,,,,8.0,static_mh,-0.023212670068446267,-0.14608783272606612,0.09966249258917359,,,,,,,,
4.0,surrogate_minus_full,16QAM,6.0,,,,,,,,,8.0,static_lti_mh,0.8670230230858793,0.7989240178183141,0.9351220283534445,,,,,,,,
4.0,surrogate_minus_full,16QAM,6.0,,,,,,,,,8.0,dsh,1.2678368345588409,1.2004699729179549,1.335203696199727,,,,,,,,
4.0,surrogate_minus_full,OFDM,-15.0,,,,,,,,,4.0,static_mh,0.2614965216159982,-0.02028856018723435,0.5432816034192307,,,,,,,,
4.0,surrogate_minus_full,OFDM,-15.0,,,,,,,,,4.0,static_lti_mh,-0.008868183295651172,-0.030231067923535526,0.012494701332233182,,,,,,,,
4.0,surrogate_minus_full,OFDM,-15.0,,,,,,,,,4.0,dsh,-0.002966709937620375,-0.016880250922661807,0.010946831047421056,,,,,,,,
4.0,surrogate_minus_full,OFDM,-10.0,,,,,,,,,4.0,static_mh,0.03561263819830335,-0.018321286867152724,0.08954656326375943,,,,,,,,
4.0,surrogate_minus_full,OFDM,-10.0,,,,,,,,,4.0,static_lti_mh,-0.017167725549239565,-0.027631947595530663,-0.006703503502948465,,,,,,,,
4.0,surrogate_minus_full,OFDM,-10.0,,,,,,,,,4.0,dsh,-0.0029371627150571733,-0.005576886041181434,-0.0002974393889329128,,,,,,,,
4.0,surrogate_minus_full,OFDM,-6.0,,,,,,,,,8.0,static_mh,-0.05774445387595312,-0.13767842361837052,0.02218951586646427,,,,,,,,
4.0,surrogate_minus_full,OFDM,-6.0,,,,,,,,,8.0,static_lti_mh,-0.01005583684790387,-0.01685936025107246,-0.003252313444735283,,,,,,,,
4.0,surrogate_minus_full,OFDM,-6.0,,,,,,,,,8.0,dsh,0.0015511598699000373,-0.0034171598037404808,0.006519479543540555,,,,,,,,
4.0,surrogate_minus_full,OFDM,-3.0,,,,,,,,,8.0,static_mh,-0.06639274391425642,-0.11757346296805782,-0.015212024860455024,,,,,,,,
4.0,surrogate_minus_full,OFDM,-3.0,,,,,,,,,8.0,static_lti_mh,0.0005103980127699193,-0.022136437732994608,0.023157233758534446,,,,,,,,
4.0,surrogate_minus_full,OFDM,-3.0,,,,,,,,,8.0,dsh,0.008168071068174021,-0.0069562227063901146,0.023292364842738156,,,,,,,,
4.0,surrogate_minus_full,OFDM,0.0,,,,,,,,,8.0,static_mh,-0.205557996500213,-0.28227905469553627,-0.1288369383048897,,,,,,,,
4.0,surrogate_minus_full,OFDM,0.0,,,,,,,,,8.0,static_lti_mh,0.0410833079262683,0.008108602242876323,0.07405801360966027,,,,,,,,
4.0,surrogate_minus_full,OFDM,0.0,,,,,,,,,8.0,dsh,0.0492565748000347,0.017353012364619683,0.08116013723544972,,,,,,,,
4.0,surrogate_minus_full,OFDM,3.0,,,,,,,,,8.0,static_mh,-0.8487037141347344,-0.9532444690426365,-0.7441629592268324,,,,,,,,
4.0,surrogate_minus_full,OFDM,3.0,,,,,,,,,8.0,static_lti_mh,0.14611204526919433,0.08243583786824345,0.20978825267014523,,,,,,,,
4.0,surrogate_minus_full,OFDM,3.0,,,,,,,,,8.0,dsh,0.19171918780126856,0.12243299350656643,0.2610053820959707,,,,,,,,
4.0,surrogate_minus_full,OFDM,6.0,,,,,,,,,8.0,static_mh,-1.3250303176463214,-1.4374586987171294,-1.2126019365755134,,,,,,,,
4.0,surrogate_minus_full,OFDM,6.0,,,,,,,,,8.0,static_lti_mh,-0.10106622926921593,-0.19407031274725123,-0.008062145791180628,,,,,,,,
4.0,surrogate_minus_full,OFDM,6.0,,,,,,,,,8.0,dsh,0.3255685070786519,0.25904088490052035,0.3920961292567835,,,,,,,,
4.0,threshold,CE,,,,,,,,,,,,,,,5.0,2.524438440827228,1.5146305440370793,3.9836630640779287,8.0,False,False,
4.0,threshold,CE,,,,,,,,,,,,,,,10.0,2.638491285085616,1.5675697193136833,4.0964532774892914,8.0,False,False,
4.0,threshold,QPSK,,,,,,,,,,,,,,,5.0,0.9161193443703987,0.7768455888961295,1.065629838386605,8.0,False,False,
4.0,threshold,QPSK,,,,,,,,,,,,,,,10.0,1.8765753809211017,1.7016126692592668,2.103909578430976,8.0,False,False,
4.0,threshold,16QAM,,,,,,,,,,,,,,,5.0,-0.5997622118297228,-0.9958814496180278,-0.03202556850793889,8.0,False,False,
4.0,threshold,16QAM,,,,,,,,,,,,,,,10.0,0.4391513291044174,0.2083243171633587,0.7337110259001485,8.0,False,False,
4.0,threshold,OFDM,,,,,,,,,,,,,,,5.0,3.3421380087282015,2.2723639075047224,5.067221960374521,8.0,False,False,
4.0,threshold,OFDM,,,,,,,,,,,,,,,10.0,5.43738429387694,4.15539803135912,6.0,8.0,False,False,
4.0,effective_SNR_dB,16QAM,-15.0,,,,,,,,,,,,,,,,,,,,,3.199809859177533
4.0,effective_SNR_dB,16QAM,-10.0,,,,,,,,,,,,,,,,,,,,,8.199809730414406
4.0,effective_SNR_dB,16QAM,-6.0,,,,,,,,,,,,,,,,,,,,,12.165206511488899
4.0,effective_SNR_dB,16QAM,-3.0,,,,,,,,,,,,,,,,,,,,,15.165206499500684
4.0,effective_SNR_dB,16QAM,0.0,,,,,,,,,,,,,,,,,,,,,18.165206497822766
4.0,effective_SNR_dB,16QAM,3.0,,,,,,,,,,,,,,,,,,,,,21.165206500047574
4.0,effective_SNR_dB,16QAM,6.0,,,,,,,,,,,,,,,,,,,,,24.165206503332946
4.0,effective_SNR_dB,CE,-15.0,,,,,,,,,,,,,,,,,,,,,2.142667918355925
4.0,effective_SNR_dB,CE,-10.0,,,,,,,,,,,,,,,,,,,,,7.142667281599582
4.0,effective_SNR_dB,CE,-6.0,,,,,,,,,,,,,,,,,,,,,11.100708861532029
4.0,effective_SNR_dB,CE,-3.0,,,,,,,,,,,,,,,,,,,,,14.10070886068478
4.0,effective_SNR_dB,CE,0.0,,,,,,,,,,,,,,,,,,,,,17.100708868677494
4.0,effective_SNR_dB,CE,3.0,,,,,,,,,,,,,,,,,,,,,20.10070887864235
4.0,effective_SNR_dB,CE,6.0,,,,,,,,,,,,,,,,,,,,,23.100708887855284
4.0,effective_SNR_dB,OFDM,-15.0,,,,,,,,,,,,,,,,,,,,,3.4533005878870435
4.0,effective_SNR_dB,OFDM,-10.0,,,,,,,,,,,,,,,,,,,,,8.453300591496415
4.0,effective_SNR_dB,OFDM,-6.0,,,,,,,,,,,,,,,,,,,,,12.463262533066171
4.0,effective_SNR_dB,OFDM,-3.0,,,,,,,,,,,,,,,,,,,,,15.463262573163966
4.0,effective_SNR_dB,OFDM,0.0,,,,,,,,,,,,,,,,,,,,,18.463262607888755
4.0,effective_SNR_dB,OFDM,3.0,,,,,,,,,,,,,,,,,,,,,21.46326263564842
4.0,effective_SNR_dB,OFDM,6.0,,,,,,,,,,,,,,,,,,,,,24.463262656892724
4.0,effective_SNR_dB,QPSK,-15.0,,,,,,,,,,,,,,,,,,,,,3.20980785879396
4.0,effective_SNR_dB,QPSK,-10.0,,,,,,,,,,,,,,,,,,,,,8.209807618765826
4.0,effective_SNR_dB,QPSK,-6.0,,,,,,,,,,,,,,,,,,,,,12.165035751726055
4.0,effective_SNR_dB,QPSK,-3.0,,,,,,,,,,,,,,,,,,,,,15.165035738056602
4.0,effective_SNR_dB,QPSK,0.0,,,,,,,,,,,,,,,,,,,,,18.16503573516997
4.0,effective_SNR_dB,QPSK,3.0,,,,,,,,,,,,,,,,,,,,,21.16503573652977
4.0,effective_SNR_dB,QPSK,6.0,,,,,,,,,,,,,,,,,,,,,24.165035739198167
