panel,series,x,y,ci_lo,ci_hi,source,note
a,a_H output (rel. pre-step),49.50000000000001,1.000001410712722,,,results/revision2/p4/step_aH_traces.npz,
a,a_H output (rel. pre-step),49.75,1.0015352260864645,,,results/revision2/p4/step_aH_traces.npz,
a,a_H output (rel. pre-step),50.0,1.0387198947960623,,,results/revision2/p4/step_aH_traces.npz,
a,a_H output (rel. pre-step),50.25,0.6162535022363903,,,results/revision2/p4/step_aH_traces.npz,
a,a_H output (rel. pre-step),50.5,0.5313892471976595,,,results/revision2/p4/step_aH_traces.npz,
a,a_H output (rel. pre-step),50.75,0.39249013405504457,,,results/revision2/p4/step_aH_traces.npz,
a,a_H output (rel. pre-step),51.00000000000001,0.13657291124369392,,,results/revision2/p4/step_aH_traces.npz,
a,a_H output (rel. pre-step),51.25000000000001,0.5262261761002501,,,results/revision2/p4/step_aH_traces.npz,
a,a_H output (rel. pre-step),51.50000000000001,0.6801548601907608,,,results/revision2/p4/step_aH_traces.npz,
a,a_H output (rel. pre-step),51.75000000000001,0.5932205199063125,,,results/revision2/p4/step_aH_traces.npz,
a,a_H output (rel. pre-step),52.00000000000001,0.5679319486786334,,,results/revision2/p4/step_aH_traces.npz,
a,a_H output (rel. pre-step),52.25,0.4869313784922335,,,results/revision2/p4/step_aH_traces.npz,
a,a_H output (rel. pre-step),52.5,0.37796365351223793,,,results/revision2/p4/step_aH_traces.npz,
a,a_H output (rel. pre-step),52.75,0.5804953977003339,,,results/revision2/p4/step_aH_traces.npz,
a,a_H output (rel. pre-step),53.0,0.7207056631556853,,,results/revision2/p4/step_aH_traces.npz,
a,a_H output (rel. pre-step),53.25,0.7094316449210069,,,results/revision2/p4/step_aH_traces.npz,
a,a_H output (rel. pre-step),53.50000000000001,0.6786249530697327,,,results/revision2/p4/step_aH_traces.npz,
a,a_H output (rel. pre-step),53.75000000000001,0.6106810760011787,,,results/revision2/p4/step_aH_traces.npz,
a,a_H output (rel. pre-step),54.00000000000001,0.5557539590008377,,,results/revision2/p4/step_aH_traces.npz,
a,a_H output (rel. pre-step),54.25000000000001,0.6568606310289533,,,results/revision2/p4/step_aH_traces.npz,
a,a_H output (rel. pre-step),54.5,0.7637285126424136,,,results/revision2/p4/step_aH_traces.npz,
a,a_H Im rho21 IF (rel. pre-step),49.50000000000001,1.000000408499657,,,results/revision2/p4/step_aH_traces.npz,
a,a_H Im rho21 IF (rel. pre-step),49.75,1.0018391064793086,,,results/revision2/p4/step_aH_traces.npz,
a,a_H Im rho21 IF (rel. pre-step),50.0,1.0056484207487235,,,results/revision2/p4/step_aH_traces.npz,
a,a_H Im rho21 IF (rel. pre-step),50.25,0.6284880678728954,,,results/revision2/p4/step_aH_traces.npz,
a,a_H Im rho21 IF (rel. pre-step),50.5,0.5367289613587365,,,results/revision2/p4/step_aH_traces.npz,
a,a_H Im rho21 IF (rel. pre-step),50.75,0.4072308995868781,,,results/revision2/p4/step_aH_traces.npz,
a,a_H Im rho21 IF (rel. pre-step),51.00000000000001,0.12891008169339752,,,results/revision2/p4/step_aH_traces.npz,
a,a_H Im rho21 IF (rel. pre-step),51.25000000000001,0.5128835757723172,,,results/revision2/p4/step_aH_traces.npz,
a,a_H Im rho21 IF (rel. pre-step),51.50000000000001,0.671688513992237,,,results/revision2/p4/step_aH_traces.npz,
a,a_H Im rho21 IF (rel. pre-step),51.75000000000001,0.5910221367559846,,,results/revision2/p4/step_aH_traces.npz,
a,a_H Im rho21 IF (rel. pre-step),52.00000000000001,0.5725070981481228,,,results/revision2/p4/step_aH_traces.npz,
a,a_H Im rho21 IF (rel. pre-step),52.25,0.4936938857045524,,,results/revision2/p4/step_aH_traces.npz,
a,a_H Im rho21 IF (rel. pre-step),52.5,0.37203397460022036,,,results/revision2/p4/step_aH_traces.npz,
a,a_H Im rho21 IF (rel. pre-step),52.75,0.5746797818949602,,,results/revision2/p4/step_aH_traces.npz,
a,a_H Im rho21 IF (rel. pre-step),53.0,0.7141304832404403,,,results/revision2/p4/step_aH_traces.npz,
a,a_H Im rho21 IF (rel. pre-step),53.25,0.708981020243959,,,results/revision2/p4/step_aH_traces.npz,
a,a_H Im rho21 IF (rel. pre-step),53.50000000000001,0.6827321626744146,,,results/revision2/p4/step_aH_traces.npz,
a,a_H Im rho21 IF (rel. pre-step),53.75000000000001,0.6120605290466966,,,results/revision2/p4/step_aH_traces.npz,
a,a_H Im rho21 IF (rel. pre-step),54.00000000000001,0.5549576502448856,,,results/revision2/p4/step_aH_traces.npz,
a,a_H Im rho21 IF (rel. pre-step),54.25000000000001,0.6540594862685999,,,results/revision2/p4/step_aH_traces.npz,
a,a_H Im rho21 IF (rel. pre-step),54.5,0.7590411550088634,,,results/revision2/p4/step_aH_traces.npz,
a,a_H rho43 +IF (rel. pre-step),49.50000000000001,1.0001247862260076,,,results/revision2/p4/step_aH_traces.npz,
a,a_H rho43 +IF (rel. pre-step),49.75,1.002853406019567,,,results/revision2/p4/step_aH_traces.npz,
a,a_H rho43 +IF (rel. pre-step),50.0,1.7942522956777163,,,results/revision2/p4/step_aH_traces.npz,
a,a_H rho43 +IF (rel. pre-step),50.25,1.394445720457237,,,results/revision2/p4/step_aH_traces.npz,
a,a_H rho43 +IF (rel. pre-step),50.5,1.0103348321357104,,,results/revision2/p4/step_aH_traces.npz,
a,a_H rho43 +IF (rel. pre-step),50.75,0.17901138836412292,,,results/revision2/p4/step_aH_traces.npz,
a,a_H rho43 +IF (rel. pre-step),51.00000000000001,0.256797909528432,,,results/revision2/p4/step_aH_traces.npz,
a,a_H rho43 +IF (rel. pre-step),51.25000000000001,0.457956741250499,,,results/revision2/p4/step_aH_traces.npz,
a,a_H rho43 +IF (rel. pre-step),51.50000000000001,0.3101837440811452,,,results/revision2/p4/step_aH_traces.npz,
a,a_H rho43 +IF (rel. pre-step),51.75000000000001,0.42768441857842987,,,results/revision2/p4/step_aH_traces.npz,
a,a_H rho43 +IF (rel. pre-step),52.00000000000001,0.6516900774037505,,,results/revision2/p4/step_aH_traces.npz,
a,a_H rho43 +IF (rel. pre-step),52.25,0.909181182074154,,,results/revision2/p4/step_aH_traces.npz,
a,a_H rho43 +IF (rel. pre-step),52.5,1.0079830629828426,,,results/revision2/p4/step_aH_traces.npz,
a,a_H rho43 +IF (rel. pre-step),52.75,0.894717221091838,,,results/revision2/p4/step_aH_traces.npz,
a,a_H rho43 +IF (rel. pre-step),53.0,0.46985101556696535,,,results/revision2/p4/step_aH_traces.npz,
a,a_H rho43 +IF (rel. pre-step),53.25,0.2454049748856864,,,results/revision2/p4/step_aH_traces.npz,
a,a_H rho43 +IF (rel. pre-step),53.50000000000001,0.5639930847582562,,,results/revision2/p4/step_aH_traces.npz,
a,a_H rho43 +IF (rel. pre-step),53.75000000000001,0.9165539959874673,,,results/revision2/p4/step_aH_traces.npz,
a,a_H rho43 +IF (rel. pre-step),54.00000000000001,1.347107089681427,,,results/revision2/p4/step_aH_traces.npz,
a,a_H rho43 +IF (rel. pre-step),54.25000000000001,1.4506758036720442,,,results/revision2/p4/step_aH_traces.npz,
a,a_H rho43 +IF (rel. pre-step),54.5,1.0470161508931146,,,results/revision2/p4/step_aH_traces.npz,
a,a_H rho43 slow (rel. pre-step),49.50000000000001,1.0000503490121613,,,results/revision2/p4/step_aH_traces.npz,
a,a_H rho43 slow (rel. pre-step),49.75,1.0001503890458738,,,results/revision2/p4/step_aH_traces.npz,
a,a_H rho43 slow (rel. pre-step),50.0,1.1425384314424358,,,results/revision2/p4/step_aH_traces.npz,
a,a_H rho43 slow (rel. pre-step),50.25,1.5453596839425823,,,results/revision2/p4/step_aH_traces.npz,
a,a_H rho43 slow (rel. pre-step),50.5,1.3772441156402462,,,results/revision2/p4/step_aH_traces.npz,
a,a_H rho43 slow (rel. pre-step),50.75,1.1952052520991843,,,results/revision2/p4/step_aH_traces.npz,
a,a_H rho43 slow (rel. pre-step),51.00000000000001,1.1648209030879704,,,results/revision2/p4/step_aH_traces.npz,
a,a_H rho43 slow (rel. pre-step),51.25000000000001,1.2612207130808928,,,results/revision2/p4/step_aH_traces.npz,
a,a_H rho43 slow (rel. pre-step),51.50000000000001,1.2682773076255498,,,results/revision2/p4/step_aH_traces.npz,
a,a_H rho43 slow (rel. pre-step),51.75000000000001,1.1066418858967237,,,results/revision2/p4/step_aH_traces.npz,
a,a_H rho43 slow (rel. pre-step),52.00000000000001,1.0640337390149852,,,results/revision2/p4/step_aH_traces.npz,
a,a_H rho43 slow (rel. pre-step),52.25,1.3256695639314513,,,results/revision2/p4/step_aH_traces.npz,
a,a_H rho43 slow (rel. pre-step),52.5,1.7204600500445173,,,results/revision2/p4/step_aH_traces.npz,
a,a_H rho43 slow (rel. pre-step),52.75,1.906743854777237,,,results/revision2/p4/step_aH_traces.npz,
a,a_H rho43 slow (rel. pre-step),53.0,1.6431013440196727,,,results/revision2/p4/step_aH_traces.npz,
a,a_H rho43 slow (rel. pre-step),53.25,1.119915786075288,,,results/revision2/p4/step_aH_traces.npz,
a,a_H rho43 slow (rel. pre-step),53.50000000000001,0.8207839723444139,,,results/revision2/p4/step_aH_traces.npz,
a,a_H rho43 slow (rel. pre-step),53.75000000000001,1.049998093103944,,,results/revision2/p4/step_aH_traces.npz,
a,a_H rho43 slow (rel. pre-step),54.00000000000001,1.621901029975702,,,results/revision2/p4/step_aH_traces.npz,
a,a_H rho43 slow (rel. pre-step),54.25000000000001,1.9725512500121343,,,results/revision2/p4/step_aH_traces.npz,
a,a_H rho43 slow (rel. pre-step),54.5,1.800341692915621,,,results/revision2/p4/step_aH_traces.npz,
a,"a_H output minimum (rel. pre-step), 49.8-54.75 us",min,0.1288273552869121,,,results/revision2/p4/step_aH_traces.npz,
a,small-signal output (rel. pre-step),49.50000000000001,0.9999582792602922,,,results/revision2/p4/step_smallsignal_traces.npz,
a,small-signal output (rel. pre-step),49.75,0.9999983062515166,,,results/revision2/p4/step_smallsignal_traces.npz,
a,small-signal output (rel. pre-step),50.0,0.8043958391909286,,,results/revision2/p4/step_smallsignal_traces.npz,
a,small-signal output (rel. pre-step),50.25,0.980905548442061,,,results/revision2/p4/step_smallsignal_traces.npz,
a,small-signal output (rel. pre-step),50.5,1.0055963179833107,,,results/revision2/p4/step_smallsignal_traces.npz,
a,small-signal output (rel. pre-step),50.75,1.0053389094545193,,,results/revision2/p4/step_smallsignal_traces.npz,
a,small-signal output (rel. pre-step),51.00000000000001,1.0035021666846575,,,results/revision2/p4/step_smallsignal_traces.npz,
a,small-signal output (rel. pre-step),51.25000000000001,1.0014632148154983,,,results/revision2/p4/step_smallsignal_traces.npz,
a,small-signal output (rel. pre-step),51.50000000000001,1.0013411092395352,,,results/revision2/p4/step_smallsignal_traces.npz,
a,small-signal output (rel. pre-step),51.75000000000001,1.0029169432844345,,,results/revision2/p4/step_smallsignal_traces.npz,
a,small-signal output (rel. pre-step),52.00000000000001,1.003849734973818,,,results/revision2/p4/step_smallsignal_traces.npz,
a,small-signal output (rel. pre-step),52.25,1.0037610196511078,,,results/revision2/p4/step_smallsignal_traces.npz,
a,small-signal output (rel. pre-step),52.5,1.002518036567841,,,results/revision2/p4/step_smallsignal_traces.npz,
a,small-signal output (rel. pre-step),52.75,1.0019066840513027,,,results/revision2/p4/step_smallsignal_traces.npz,
a,small-signal output (rel. pre-step),53.0,1.0029188922911771,,,results/revision2/p4/step_smallsignal_traces.npz,
a,small-signal output (rel. pre-step),53.25,1.0040347600587631,,,results/revision2/p4/step_smallsignal_traces.npz,
a,small-signal output (rel. pre-step),53.50000000000001,1.0039765127457292,,,results/revision2/p4/step_smallsignal_traces.npz,
a,small-signal output (rel. pre-step),53.75000000000001,1.002843152311419,,,results/revision2/p4/step_smallsignal_traces.npz,
a,small-signal output (rel. pre-step),54.00000000000001,1.0023942494742892,,,results/revision2/p4/step_smallsignal_traces.npz,
a,small-signal output (rel. pre-step),54.25000000000001,1.002541742877518,,,results/revision2/p4/step_smallsignal_traces.npz,
a,small-signal output (rel. pre-step),54.5,1.0033663982980066,,,results/revision2/p4/step_smallsignal_traces.npz,
b,a_H rho43 +IF phase at the window end (rad),end,-13.775411079015317,,,results/revision2/p4/step_aH_traces.npz,
b,a_H output phase (rad),49.50000000000001,-1.2408648588646543e-06,,,results/revision2/p4/step_aH_traces.npz,
b,a_H output phase (rad),49.75,0.0021089966545364547,,,results/revision2/p4/step_aH_traces.npz,
b,a_H output phase (rad),50.0,0.4199275356744758,,,results/revision2/p4/step_aH_traces.npz,
b,a_H output phase (rad),50.25,0.9254418641154909,,,results/revision2/p4/step_aH_traces.npz,
b,a_H output phase (rad),50.5,1.3372609524681467,,,results/revision2/p4/step_aH_traces.npz,
b,a_H output phase (rad),50.75,1.4775612930472528,,,results/revision2/p4/step_aH_traces.npz,
b,a_H output phase (rad),51.00000000000001,0.29416399597252774,,,results/revision2/p4/step_aH_traces.npz,
b,a_H output phase (rad),51.25000000000001,-0.568221125178634,,,results/revision2/p4/step_aH_traces.npz,
b,a_H output phase (rad),51.50000000000001,-0.31963580343346987,,,results/revision2/p4/step_aH_traces.npz,
b,a_H output phase (rad),51.75000000000001,0.13404769554676843,,,results/revision2/p4/step_aH_traces.npz,
b,a_H output phase (rad),52.00000000000001,0.6045627743703674,,,results/revision2/p4/step_aH_traces.npz,
b,a_H output phase (rad),52.25,0.7768740689907787,,,results/revision2/p4/step_aH_traces.npz,
b,a_H output phase (rad),52.5,0.27018566209634276,,,results/revision2/p4/step_aH_traces.npz,
b,a_H output phase (rad),52.75,-0.2754044764567807,,,results/revision2/p4/step_aH_traces.npz,
b,a_H output phase (rad),53.0,-0.2682330615893438,,,results/revision2/p4/step_aH_traces.npz,
b,a_H output phase (rad),53.25,-0.036762757105695876,,,results/revision2/p4/step_aH_traces.npz,
b,a_H output phase (rad),53.50000000000001,0.27140390174393314,,,results/revision2/p4/step_aH_traces.npz,
b,a_H output phase (rad),53.75000000000001,0.41353642177667105,,,results/revision2/p4/step_aH_traces.npz,
b,a_H output phase (rad),54.00000000000001,0.21386712699321908,,,results/revision2/p4/step_aH_traces.npz,
b,a_H output phase (rad),54.25000000000001,-0.12043110596009399,,,results/revision2/p4/step_aH_traces.npz,
b,a_H output phase (rad),54.5,-0.18846933042031466,,,results/revision2/p4/step_aH_traces.npz,
b,a_H rho43 +IF phase (rad),49.50000000000001,1.546110566241765e-07,,,results/revision2/p4/step_aH_traces.npz,
b,a_H rho43 +IF phase (rad),49.75,0.004109767549800081,,,results/revision2/p4/step_aH_traces.npz,
b,a_H rho43 +IF phase (rad),50.0,0.32503601198111653,,,results/revision2/p4/step_aH_traces.npz,
b,a_H rho43 +IF phase (rad),50.25,-0.10248970783655281,,,results/revision2/p4/step_aH_traces.npz,
b,a_H rho43 +IF phase (rad),50.5,-0.35680290429063677,,,results/revision2/p4/step_aH_traces.npz,
b,a_H rho43 +IF phase (rad),50.75,-0.271390621378952,,,results/revision2/p4/step_aH_traces.npz,
b,a_H rho43 +IF phase (rad),51.00000000000001,-5.627699998094582,,,results/revision2/p4/step_aH_traces.npz,
b,a_H rho43 +IF phase (rad),51.25000000000001,-5.429010728899163,,,results/revision2/p4/step_aH_traces.npz,
b,a_H rho43 +IF phase (rad),51.50000000000001,-5.439692849599708,,,results/revision2/p4/step_aH_traces.npz,
b,a_H rho43 +IF phase (rad),51.75000000000001,-5.01716477051615,,,results/revision2/p4/step_aH_traces.npz,
b,a_H rho43 +IF phase (rad),52.00000000000001,-4.8434932111142555,,,results/revision2/p4/step_aH_traces.npz,
b,a_H rho43 +IF phase (rad),52.25,-5.244143706968248,,,results/revision2/p4/step_aH_traces.npz,
b,a_H rho43 +IF phase (rad),52.5,-5.716400932254808,,,results/revision2/p4/step_aH_traces.npz,
b,a_H rho43 +IF phase (rad),52.75,-6.337555146430518,,,results/revision2/p4/step_aH_traces.npz,
b,a_H rho43 +IF phase (rad),53.0,-7.0108287104397915,,,results/revision2/p4/step_aH_traces.npz,
b,a_H rho43 +IF phase (rad),53.25,-9.086147853610676,,,results/revision2/p4/step_aH_traces.npz,
b,a_H rho43 +IF phase (rad),53.50000000000001,-10.527251739813165,,,results/revision2/p4/step_aH_traces.npz,
b,a_H rho43 +IF phase (rad),53.75000000000001,-11.337602252322926,,,results/revision2/p4/step_aH_traces.npz,
b,a_H rho43 +IF phase (rad),54.00000000000001,-12.056078549388715,,,results/revision2/p4/step_aH_traces.npz,
b,a_H rho43 +IF phase (rad),54.25000000000001,-12.605820726189155,,,results/revision2/p4/step_aH_traces.npz,
b,a_H rho43 +IF phase (rad),54.5,-13.064112986462874,,,results/revision2/p4/step_aH_traces.npz,
b,small-signal rho43 +IF phase (rad),49.50000000000001,3.375522731641212e-05,,,results/revision2/p4/step_smallsignal_traces.npz,
b,small-signal rho43 +IF phase (rad),49.75,0.0009187193731055032,,,results/revision2/p4/step_smallsignal_traces.npz,
b,small-signal rho43 +IF phase (rad),50.0,-0.09562139432878869,,,results/revision2/p4/step_smallsignal_traces.npz,
b,small-signal rho43 +IF phase (rad),50.25,-0.07862077269815337,,,results/revision2/p4/step_smallsignal_traces.npz,
b,small-signal rho43 +IF phase (rad),50.5,-0.044326392885638555,,,results/revision2/p4/step_smallsignal_traces.npz,
b,small-signal rho43 +IF phase (rad),50.75,-0.022083170139715058,,,results/revision2/p4/step_smallsignal_traces.npz,
b,small-signal rho43 +IF phase (rad),51.00000000000001,-0.00901609058121533,,,results/revision2/p4/step_smallsignal_traces.npz,
b,small-signal rho43 +IF phase (rad),51.25000000000001,0.005835271990195956,,,results/revision2/p4/step_smallsignal_traces.npz,
b,small-signal rho43 +IF phase (rad),51.50000000000001,0.013594365300989786,,,results/revision2/p4/step_smallsignal_traces.npz,
b,small-signal rho43 +IF phase (rad),51.75000000000001,0.021032480142581633,,,results/revision2/p4/step_smallsignal_traces.npz,
b,small-signal rho43 +IF phase (rad),52.00000000000001,0.02649719839346165,,,results/revision2/p4/step_smallsignal_traces.npz,
b,small-signal rho43 +IF phase (rad),52.25,0.025715326724450982,,,results/revision2/p4/step_smallsignal_traces.npz,
b,small-signal rho43 +IF phase (rad),52.5,0.02307182804637531,,,results/revision2/p4/step_smallsignal_traces.npz,
b,small-signal rho43 +IF phase (rad),52.75,0.013324502100563684,,,results/revision2/p4/step_smallsignal_traces.npz,
b,small-signal rho43 +IF phase (rad),53.0,0.007296154290151513,,,results/revision2/p4/step_smallsignal_traces.npz,
b,small-signal rho43 +IF phase (rad),53.25,-9.610514428715078e-08,,,results/revision2/p4/step_smallsignal_traces.npz,
b,small-signal rho43 +IF phase (rad),53.50000000000001,-0.0037865779213133166,,,results/revision2/p4/step_smallsignal_traces.npz,
b,small-signal rho43 +IF phase (rad),53.75000000000001,-0.007201213497426195,,,results/revision2/p4/step_smallsignal_traces.npz,
b,small-signal rho43 +IF phase (rad),54.00000000000001,-0.009527370201991125,,,results/revision2/p4/step_smallsignal_traces.npz,
b,small-signal rho43 +IF phase (rad),54.25000000000001,-0.00900625698260793,,,results/revision2/p4/step_smallsignal_traces.npz,
b,small-signal rho43 +IF phase (rad),54.5,-0.007485468411633889,,,results/revision2/p4/step_smallsignal_traces.npz,
_audit,points outside axis limits,count,0.0,,,,
