modulation,seed,model,Pavg_over_P1dB_dB,Ppeak_over_P1dB_dB,E_rms_Vpm,E_peak_Vpm,PAPR_dB,n_test,AIR,SER,BER,EVM,gmi_s,cal_var,gain_mag
OFDM,20261004,atomic,-15,-6.544805881760537,0.015596842065874474,0.041285388946611,8.455194118239463,216,1.9999982803129936,0.0,0.0,0.22936854585300379,1.0,0.05670105009481704,6.561248130410945e-05
OFDM,20261004,static,-15,-6.544805881760537,0.015596842065874474,0.041285388946611,8.455194118239463,216,1.9999999781883633,0.0,0.0,0.22625618301877806,1.0,0.050115633517017026,4.548677539782577e-05
OFDM,20261004,linear,-15,-6.544805881760537,0.015596842065874474,0.041285388946611,8.455194118239463,216,1.9999985695354108,0.0,0.0,0.22764060214917833,1.0,0.056641712896663546,6.594159133900527e-05
OFDM,20261004,atomic,-10,-1.5448058817605368,0.02773554310737351,0.07341695709920686,8.455194118239463,216,2.0,0.0,0.0,0.15551298478203104,1.0,0.023775330051390584,0.00011516336219670665
OFDM,20261004,static,-10,-1.5448058817605368,0.02773554310737351,0.07341695709920686,8.455194118239463,216,2.0,0.0,0.0,0.13300204270090496,1.0,0.01676720313640266,8.004297135070915e-05
OFDM,20261004,linear,-10,-1.5448058817605368,0.02773554310737351,0.07341695709920686,8.455194118239463,216,2.0,0.0,0.0,0.1442086300836407,1.0,0.021696500258882884,0.00011776921015961493
OFDM,20261004,atomic,-6,2.455194118239463,0.04395787346008803,0.11635803551774256,8.455194118239463,216,2.0,0.0,0.0,0.1512113784488952,1.0,0.021819028125802213,0.0001745512359734245
OFDM,20261004,static,-6,2.455194118239463,0.04395787346008803,0.11635803551774256,8.455194118239463,216,2.0,0.0,0.0,0.10120569030484215,1.0,0.010048582095817929,0.00012297110588460408
OFDM,20261004,linear,-6,2.455194118239463,0.04395787346008803,0.11635803551774256,8.455194118239463,216,2.0,0.0,0.0,0.11141761494216311,1.0,0.012466958805470921,0.0001870434410503786
OFDM,20261004,atomic,-3,5.455194118239463,0.06209214664415049,0.16436009378735933,8.455194118239463,216,1.999999999803929,0.0,0.0,0.19247931910858254,1.0,0.03979077354200688,0.0002250839117092466
OFDM,20261004,static,-3,5.455194118239463,0.06209214664415049,0.16436009378735933,8.455194118239463,216,2.0,0.0,0.0,0.1130768687610337,1.0,0.015491756585252151,0.00016374371859709922
OFDM,20261004,linear,-3,5.455194118239463,0.06209214664415049,0.16436009378735933,8.455194118239463,216,2.0,0.0,0.0,0.09829424511366165,1.0,0.009527429576370637,0.0002644859626684624
OFDM,20261004,atomic,0,8.455194118239463,0.08770748836108433,0.23216480331236217,8.455194118239463,216,1.9978160674118166,0.0,0.0,0.3006739096071401,1.0,0.11057191827764905,0.0002572434784245321
OFDM,20261004,static,0,8.455194118239463,0.08770748836108433,0.23216480331236217,8.455194118239463,216,1.9999999999729072,0.0,0.0,0.18905284525065305,1.0,0.05179293507769227,0.00020056977194524478
OFDM,20261004,linear,0,8.455194118239463,0.08770748836108433,0.23216480331236217,8.455194118239463,216,2.0,0.0,0.0,0.09096334045579561,1.0,0.008101362722096838,0.00037387853430981066
OFDM,20261004,atomic,3,11.455194118239463,0.12389012025459487,0.3279415012186688,8.455194118239463,216,1.8948076425996017,0.013888888888888888,0.006944444444444444,0.4598889193363579,1.0,0.21820656724830143,0.00028190835206073596
OFDM,20261004,static,3,11.455194118239463,0.12389012025459487,0.3279415012186688,8.455194118239463,216,1.9978395398981021,0.0,0.0,0.35103834918121846,1.0,0.16340222595912526,0.00020901812895305412
OFDM,20261004,linear,3,11.455194118239463,0.12389012025459487,0.3279415012186688,8.455194118239463,216,2.0,0.0,0.0,0.08699844441935013,1.0,0.007415382352939021,0.0005284011315833337
OFDM,20261004,atomic,6,14.455194118239463,0.17499944626744318,0.46322968291131833,8.455194118239463,216,1.7745817812399614,0.05555555555555555,0.027777777777777776,0.5192359537307638,1.0,0.2857573957799799,0.00034617080801582474
OFDM,20261004,static,6,14.455194118239463,0.17499944626744318,0.46322968291131833,8.455194118239463,216,1.7703112662706415,0.06018518518518518,0.03009259259259259,0.5720526300577933,1.0,0.39594204959450147,0.00018633974637709613
OFDM,20261004,linear,6,14.455194118239463,0.17499944626744318,0.46322968291131833,8.455194118239463,216,2.0,0.0,0.0,0.08489002657042412,1.0,0.007090366646738163,0.0007466711486381315
OFDM,20261104,atomic,-15,-6.354715061424578,0.015596842065874474,0.04219887970021072,8.645284938575422,216,1.9984511984006899,0.0,0.0,0.23592318943774626,1.0,0.059141452956705996,6.538065604238597e-05
OFDM,20261104,static,-15,-6.354715061424578,0.015596842065874474,0.04219887970021072,8.645284938575422,216,1.9999999895436726,0.0,0.0,0.22208820339478874,1.0,0.05237684017324389,4.567755013571816e-05
OFDM,20261104,linear,-15,-6.354715061424578,0.015596842065874474,0.04219887970021072,8.645284938575422,216,1.999404002620746,0.0,0.0,0.23395878464707173,1.0,0.05834785704863375,6.581218273719393e-05
OFDM,20261104,atomic,-10,-1.354715061424578,0.02773554310737351,0.07504139889759419,8.645284938575422,216,1.999999999999999,0.0,0.0,0.15987110540563634,1.0,0.026270645773442187,0.00011410868464819863
OFDM,20261104,static,-10,-1.354715061424578,0.02773554310737351,0.07504139889759419,8.645284938575422,216,2.0,0.0,0.0,0.1296985805310619,1.0,0.017356536092226493,8.016462439500083e-05
OFDM,20261104,linear,-10,-1.354715061424578,0.02773554310737351,0.07504139889759419,8.645284938575422,216,2.0,0.0,0.0,0.1481802807796248,1.0,0.022591529554064065,0.00011722336700862974
OFDM,20261104,atomic,-6,2.645284938575422,0.04395787346008803,0.11893260226555592,8.645284938575422,216,2.0,0.0,0.0,0.1561755733081935,1.0,0.02501410408513791,0.0001713314350935223
OFDM,20261104,static,-6,2.645284938575422,0.04395787346008803,0.11893260226555592,8.645284938575422,216,2.0,0.0,0.0,0.09904033918048571,1.0,0.009541973781846368,0.00012303066852156107
OFDM,20261104,linear,-6,2.645284938575422,0.04395787346008803,0.11893260226555592,8.645284938575422,216,2.0,0.0,0.0,0.11362510462490473,1.0,0.012760241777860589,0.00018593842438021456
OFDM,20261104,atomic,-3,5.645284938575422,0.06209214664415049,0.167996765979783,8.645284938575422,216,1.9999999999736506,0.0,0.0,0.20356752181821566,1.0,0.05032376465802792,0.00021865746629708659
OFDM,20261104,static,-3,5.645284938575422,0.06209214664415049,0.167996765979783,8.645284938575422,216,2.0,0.0,0.0,0.1158265070277791,1.0,0.012421199591926557,0.0001636968849985444
OFDM,20261104,linear,-3,5.645284938575422,0.06209214664415049,0.167996765979783,8.645284938575422,216,2.0,0.0,0.0,0.09962905965217146,1.0,0.009542970057480669,0.0002627549734807672
OFDM,20261104,atomic,0,8.645284938575422,0.08770748836108433,0.23730173932164617,8.645284938575422,216,1.984808629859167,0.004629629629629629,0.0023148148148148147,0.3132230490248432,1.0,0.12001241338256863,0.0002504084195199954
OFDM,20261104,static,0,8.645284938575422,0.08770748836108433,0.23730173932164617,8.645284938575422,216,1.9999999999987632,0.0,0.0,0.20156790267142224,1.0,0.03976729112287724,0.00019982504127137102
OFDM,20261104,linear,0,8.645284938575422,0.08770748836108433,0.23730173932164617,8.645284938575422,216,2.0,0.0,0.0,0.09178672773084735,1.0,0.007942970391388568,0.0003712628274039335
OFDM,20261104,atomic,3,11.645284938575422,0.12389012025459487,0.335197616196107,8.645284938575422,216,1.797791818511847,0.032407407407407406,0.016203703703703703,0.4034017408531858,1.0,0.1786286726667775,0.000293076429041085
OFDM,20261104,static,3,11.645284938575422,0.12389012025459487,0.335197616196107,8.645284938575422,216,1.9874845149434697,0.004629629629629629,0.0023148148148148147,0.37954661725876254,1.0,0.14066342940655038,0.000206976267108143
OFDM,20261104,linear,3,11.645284938575422,0.12389012025459487,0.335197616196107,8.645284938575422,216,2.0,0.0,0.0,0.0875635514452578,1.0,0.007149029603910276,0.000524535368624537
OFDM,20261104,atomic,6,14.645284938575422,0.17499944626744318,0.4734792177450493,8.645284938575422,216,1.7553356460563947,0.027777777777777776,0.016203703703703703,0.46026703518167406,1.0,0.21100720205247062,0.0003437168975713575
OFDM,20261104,static,6,14.645284938575422,0.17499944626744318,0.4734792177450493,8.645284938575422,216,1.6805636678870042,0.10185185185185185,0.05092592592592592,0.6274208451241785,1.0,0.38155865419345053,0.00018536267164919956
OFDM,20261104,linear,6,14.645284938575422,0.17499944626744318,0.4734792177450493,8.645284938575422,216,2.0,0.0,0.0,0.08534480917147799,1.0,0.006756493323369543,0.0007410393806878906
OFDM,20261204,atomic,-15,-5.98838607593912,0.015596842065874474,0.04401668895150503,9.01161392406088,216,1.9999958919677936,0.0,0.0,0.2439813204703844,1.0,0.05087893511901905,6.618747637581375e-05
OFDM,20261204,static,-15,-5.98838607593912,0.015596842065874474,0.04401668895150503,9.01161392406088,216,1.9999999995532645,0.0,0.0,0.22939829958912303,1.0,0.046611953692907555,4.593504306787518e-05
OFDM,20261204,linear,-15,-5.98838607593912,0.015596842065874474,0.04401668895150503,9.01161392406088,216,1.9999937214176635,0.0,0.0,0.2436842557476331,1.0,0.05071444253772482,6.657990059557467e-05
OFDM,20261204,atomic,-10,-0.9883860759391201,0.02773554310737351,0.07827397166054913,9.01161392406088,216,2.0,0.0,0.0,0.16099951000972745,1.0,0.022806706669203192,0.00011568928356490127
OFDM,20261204,static,-10,-0.9883860759391201,0.02773554310737351,0.07827397166054913,9.01161392406088,216,2.0,0.0,0.0,0.13453001394465167,1.0,0.01602271865290994,8.043359803387509e-05
OFDM,20261204,linear,-10,-0.9883860759391201,0.02773554310737351,0.07827397166054913,9.01161392406088,216,2.0,0.0,0.0,0.15403464726371732,1.0,0.020398830183078462,0.00011838080356229421
OFDM,20261204,atomic,-6,3.01161392406088,0.04395787346008803,0.12405588483169842,9.01161392406088,216,2.0,0.0,0.0,0.15412520098517232,1.0,0.02227460279585087,0.00017511977905888582
OFDM,20261204,static,-6,3.01161392406088,0.04395787346008803,0.12405588483169842,9.01161392406088,216,2.0,0.0,0.0,0.10415761850221145,1.0,0.009380913303635509,0.00012311338868521764
OFDM,20261204,linear,-6,3.01161392406088,0.04395787346008803,0.12405588483169842,9.01161392406088,216,2.0,0.0,0.0,0.11790814749786512,1.0,0.012217593103491964,0.00018761685927097603
OFDM,20261204,atomic,-3,6.01161392406088,0.06209214664415049,0.1752335949561705,9.01161392406088,216,1.9999999990751733,0.0,0.0,0.21755137681104958,1.0,0.04197176963343153,0.0002253977193423294
OFDM,20261204,static,-3,6.01161392406088,0.06209214664415049,0.1752335949561705,9.01161392406088,216,2.0,0.0,0.0,0.12526997095207618,1.0,0.012712670746930957,0.00016301635026427487
OFDM,20261204,linear,-3,6.01161392406088,0.06209214664415049,0.1752335949561705,9.01161392406088,216,2.0,0.0,0.0,0.10315254459057115,1.0,0.009566114027228512,0.0002650159395538448
OFDM,20261204,atomic,0,9.01161392406088,0.08770748836108433,0.24752403195480735,9.01161392406088,216,1.8504663183003378,0.018518518518518517,0.009259259259259259,0.3459878736368651,1.0,0.10474045271984321,0.00026381429348181423
OFDM,20261204,static,0,9.01161392406088,0.08770748836108433,0.24752403195480735,9.01161392406088,216,1.9999999637836763,0.0,0.0,0.2249024476534564,1.0,0.03844867885095487,0.00019787466210671463
OFDM,20261204,linear,0,9.01161392406088,0.08770748836108433,0.24752403195480735,9.01161392406088,216,2.0,0.0,0.0,0.09477467843021935,1.0,0.008256187116023958,0.00037434673444108923
OFDM,20261204,atomic,3,12.01161392406088,0.12389012025459487,0.34963698833256773,9.01161392406088,216,1.769347814265483,0.027777777777777776,0.013888888888888888,0.471788825699738,1.0,0.19112310971045707,0.0002928140265318602
OFDM,20261204,static,3,12.01161392406088,0.12389012025459487,0.34963698833256773,9.01161392406088,216,1.9445481234978061,0.013888888888888888,0.006944444444444444,0.40040113992313914,1.0,0.1359095622636769,0.0002054618142756958
OFDM,20261204,linear,3,12.01161392406088,0.12389012025459487,0.34963698833256773,9.01161392406088,216,2.0,0.0,0.0,0.09017563407988045,1.0,0.0076103342008643484,0.0005287817858032512
OFDM,20261204,atomic,6,15.01161392406088,0.17499944626744318,0.4938753730085798,9.01161392406088,216,1.6971914554235854,0.08796296296296297,0.04398148148148148,0.565423350439667,1.0,0.3009609676430763,0.00033569064769537464
OFDM,20261204,static,6,15.01161392406088,0.17499944626744318,0.4938753730085798,9.01161392406088,216,1.7213905190748404,0.08333333333333333,0.041666666666666664,0.6095827805270557,1.0,0.33065222982108416,0.00018776031634181129
OFDM,20261204,linear,6,15.01161392406088,0.17499944626744318,0.4938753730085798,9.01161392406088,216,2.0,0.0,0.0,0.087695633181168,1.0,0.007293268095367083,0.0007469279446628746
OFDM,20261304,atomic,-15,-5.6015881795622935,0.015596842065874474,0.046021128666280074,9.398411820437707,216,1.9996941445041425,0.0,0.0,0.24756137377628964,1.0,0.04879803064587205,6.71502324285417e-05
OFDM,20261304,static,-15,-5.6015881795622935,0.015596842065874474,0.046021128666280074,9.398411820437707,216,1.9999999817760636,0.0,0.0,0.23351368389121197,1.0,0.04420342585561964,4.67628603463536e-05
OFDM,20261304,linear,-15,-5.6015881795622935,0.015596842065874474,0.046021128666280074,9.398411820437707,216,1.9993028672519826,0.0,0.0,0.24541904177585266,1.0,0.04789572458554599,6.707495285975109e-05
OFDM,20261304,atomic,-10,-0.6015881795622935,0.02773554310737351,0.08183842553399788,9.398411820437707,216,2.0,0.0,0.0,0.166862179883274,1.0,0.02182161424238957,0.00011750424251918989
OFDM,20261304,static,-10,-0.6015881795622935,0.02773554310737351,0.08183842553399788,9.398411820437707,216,2.0,0.0,0.0,0.1378233392304842,1.0,0.015418958739175377,8.124520615609721e-05
OFDM,20261304,linear,-10,-0.6015881795622935,0.02773554310737351,0.08183842553399788,9.398411820437707,216,2.0,0.0,0.0,0.15551991105093144,1.0,0.018783612555910576,0.00011879308417865574
OFDM,20261304,atomic,-6,3.3984118204377065,0.04395787346008803,0.129705163510569,9.398411820437707,216,2.0,0.0,0.0,0.15729661520595076,1.0,0.020356957386410194,0.000178373894574472
OFDM,20261304,static,-6,3.3984118204377065,0.04395787346008803,0.129705163510569,9.398411820437707,216,2.0,0.0,0.0,0.10579364094977674,1.0,0.009400850155316769,0.00012395704684304136
OFDM,20261304,linear,-6,3.3984118204377065,0.04395787346008803,0.129705163510569,9.398411820437707,216,2.0,0.0,0.0,0.11713499524003068,1.0,0.010747321198682965,0.0001879288043439456
OFDM,20261304,atomic,-3,6.3984118204377065,0.06209214664415049,0.183213413190112,9.398411820437707,216,1.9999999986717003,0.0,0.0,0.20736023112989585,1.0,0.038044583685582195,0.00022662366016344712
OFDM,20261304,static,-3,6.3984118204377065,0.06209214664415049,0.183213413190112,9.398411820437707,216,2.0,0.0,0.0,0.12653672265110918,1.0,0.013691835357002536,0.00016409373752277755
OFDM,20261304,linear,-3,6.3984118204377065,0.06209214664415049,0.183213413190112,9.398411820437707,216,2.0,0.0,0.0,0.10076356013569147,1.0,0.00817777721173425,0.0002652194107711642
OFDM,20261304,atomic,0,9.398411820437707,0.08770748836108433,0.25879582480951496,9.398411820437707,216,1.9552565712977736,0.004629629629629629,0.0023148148148148147,0.3395636538672904,1.0,0.10674461251800274,0.00025909868591719726
OFDM,20261304,static,0,9.398411820437707,0.08770748836108433,0.25879582480951496,9.398411820437707,216,1.9999999091066665,0.0,0.0,0.21988972758719527,1.0,0.045163315962271126,0.0001990166738639293
OFDM,20261304,linear,0,9.398411820437707,0.08770748836108433,0.25879582480951496,9.398411820437707,216,2.0,0.0,0.0,0.09116294188974385,1.0,0.0069527224980130255,0.00037439913816666114
OFDM,20261304,atomic,3,12.398411820437707,0.12389012025459487,0.36555881893505277,9.398411820437707,216,1.7945562436000762,0.041666666666666664,0.020833333333333332,0.43737201215626215,1.0,0.17634794041289278,0.0003101057630122818
OFDM,20261304,static,3,12.398411820437707,0.12389012025459487,0.36555881893505277,9.398411820437707,216,1.964609325666084,0.009259259259259259,0.004629629629629629,0.4079664636034698,1.0,0.160992528864898,0.0002049426442108948
OFDM,20261304,linear,3,12.398411820437707,0.12389012025459487,0.36555881893505277,9.398411820437707,216,2.0,0.0,0.0,0.08575093114086575,1.0,0.006387292858977737,0.0005286223527182549
OFDM,20261304,atomic,6,15.398411820437707,0.17499944626744318,0.5163655565137134,9.398411820437707,216,1.5897365324631052,0.09722222222222222,0.05092592592592592,0.544986180362398,1.0,0.27651150766703386,0.00035260431079239325
OFDM,20261304,static,6,15.398411820437707,0.17499944626744318,0.5163655565137134,9.398411820437707,216,1.5619331078063592,0.14351851851851852,0.07407407407407407,0.6576173680136842,1.0,0.42303837969162783,0.00018548596490097438
OFDM,20261304,linear,6,15.398411820437707,0.17499944626744318,0.5163655565137134,9.398411820437707,216,2.0,0.0,0.0,0.08277119580505989,1.0,0.006139798317358492,0.0007464703956025863
