case,modulation,seed,Pavg_over_P1dB_dB,Nd,Nd_retained_within_3sigma,AIR,AIR_ref_m6dB,AIR_loss_vs_m6dB,relative_AIR_loss_pct,EVM,SER,output_AC_RMS,probe_AC_NMSE_vs_top,baseband_NMSE_vs_top,runtime_s,AIR_diff_vs_top,rel_loss_diff_vs_top_pp,out_rms_rel_diff_vs_top,contrast_short,contrast_long,pair_contrast_difference,pair_contrast_difference_diff_vs_top
A_lowpower_QPSK_m10,QPSK,20262003,-10.0,8001,6857.0,1.9153456650097311,1.9168934932574953,0.0015478282477641159,0.08074670049267035,0.4645026605182243,0.02359882005899705,0.00012889839724335392,0.0,0.0,25.596647487000155,0.0,0.0,0.0,,,,
A_lowpower_QPSK_m10,QPSK,20262003,-10.0,6001,5143.0,1.9153790126873522,1.916883803295767,0.0015047906084146856,0.07850192097337591,0.464473239090974,0.02359882005899705,0.0001288996882798675,8.372180412752936e-07,4.735479679521658e-07,20.825536466999438,3.334767762108726e-05,-0.002244779519294443,1.0015923713524444e-05,,,,
A_lowpower_QPSK_m10,QPSK,20262003,-10.0,4001,3427.0,1.9148773498570844,1.9166934375117155,0.0018160876546311489,0.09475107594612653,0.46462814734302166,0.02064896755162242,0.00012889460662867644,4.766186266690386e-06,9.317456069064647e-06,7.213614407000023,-0.00046831515264678103,0.014004375453456175,-2.9407772001444066e-05,,,,
A_lowpower_QPSK_m10,QPSK,20262003,-10.0,3001,2571.0,1.9155318748438899,1.9167721088877605,0.001240234043870636,0.06470430355908627,0.4647927297929064,0.017699115044247787,0.00012892050675374927,4.8018289545158e-05,9.727761840039972e-05,5.850120192999384,0.00018620983415873482,-0.016042396933584085,0.00017152665097608377,,,,
A_lowpower_QPSK_m10,QPSK,20262003,-10.0,2001,1713.0,1.9203066943297173,1.9203019029443924,-4.79138532494261e-06,-0.00024951208544843887,0.46255968642730305,0.02359882005899705,0.00012893995932622255,0.000604459025724172,0.0012253768668626136,4.128098999000031,0.00496102931998621,-0.08099621257811879,0.0003224406490498488,,,,
A_lowpower_QPSK_m10,QPSK,20262003,-10.0,1501,1285.0,1.907982517288681,1.903754807711699,-0.004227709576982042,-0.22207216810991123,0.4711839441006976,0.032448377581120944,0.00012898464976914014,0.0023215450645308086,0.0046844340841914085,3.5193173659999957,-0.007363147721050067,-0.30281886860258156,0.000669151266663004,,,,
A_lowpower_QPSK_m10,QPSK,20262003,-10.0,1001,857.0,1.8688466554489356,1.8630982745101454,-0.005748380938790154,-0.3085387935481581,0.49370065782089784,0.035398230088495575,0.00012968489021625894,0.0092947475480007,0.01826783140793089,3.0134391870005857,-0.04649900956079556,-0.38928549404082846,0.006101650522621904,,,,
A_lowpower_QPSK_m10,QPSK,20262003,-10.0,751,643.0,1.8302696364425506,1.8211647364711911,-0.009104899971359437,-0.49994927910814324,0.5177566834733928,0.04424778761061947,0.00013195152158884197,0.019874503557755423,0.0368443918467327,2.707051200999558,-0.08507602856718055,-0.5806959796008135,0.02368628633701242,,,,
B_P1dB_OFDM_0,OFDM,20262005,0.0,8001,6857.0,1.9590175772684455,2.0,0.0409824227315545,2.049121136577725,0.3353506951639538,0.008823529411764706,0.000253234552727104,0.0,0.0,24.752152672000193,0.0,0.0,0.0,,,,
B_P1dB_OFDM_0,OFDM,20262005,0.0,6001,5143.0,1.9589456574149033,2.0,0.04105434258509666,2.052717129254833,0.3355548445446946,0.008823529411764706,0.0002532125837735248,2.4247514375317608e-05,4.117778877002479e-06,18.184128584000064,-7.191985354215724e-05,0.003595992677107862,-8.675338077934747e-05,,,,
B_P1dB_OFDM_0,OFDM,20262005,0.0,4001,3427.0,1.9605341718033094,2.0,0.039465828196690644,1.9732914098345322,0.33565736838553334,0.008823529411764706,0.00025319726656034913,1.3378703881735138e-05,1.2928730692959334e-05,7.093994396000198,0.0015165945348638576,-0.07582972674319288,-0.0001472396493817918,,,,
B_P1dB_OFDM_0,OFDM,20262005,0.0,3001,2571.0,1.9551316043240772,2.0,0.04486839567592282,2.243419783796141,0.3353277789682194,0.008823529411764706,0.00025319261298161936,0.00010275439130228032,0.0001282075602806775,5.71332827400056,-0.003885972944368321,0.19429864721841605,-0.00016561620455424197,,,,
B_P1dB_OFDM_0,OFDM,20262005,0.0,2001,1713.0,1.9707604019885006,2.0,0.029239598011499446,1.4619799005749723,0.33671195361097556,0.0058823529411764705,0.0002534264052205723,0.0013368828308221834,0.001686484122866498,4.1311513459995695,0.011742824720055056,-0.5871412360027528,0.0007576078832931543,,,,
B_P1dB_OFDM_0,OFDM,20262005,0.0,1501,1285.0,1.9397088325430953,2.0,0.06029116745690466,3.014558372845233,0.3441086358841262,0.0058823529411764705,0.00025467963702024873,0.005730652207394216,0.0068872879272505174,3.6138555150000684,-0.019308744725350158,0.9654372362675079,0.005706505204690515,,,,
B_P1dB_OFDM_0,OFDM,20262005,0.0,1001,857.0,1.9564143054950076,2.0,0.04358569450499239,2.1792847252496195,0.3603201159070194,0.011764705882352941,0.00025637290771878565,0.02677037433339522,0.029520896945512423,3.1018835709992345,-0.0026032717734378874,0.13016358867189437,0.012393075739011161,,,,
B_P1dB_OFDM_0,OFDM,20262005,0.0,751,643.0,1.919428763881726,1.9999999999658564,0.08057123608413042,4.028561804275295,0.3890561284099768,0.01764705882352941,0.0002718320086877492,0.06510903770616042,0.059302415717067576,2.771455070999764,-0.03958881338671949,1.97944066769757,0.07343964621086507,,,,
C_plus3_16QAM,16QAM,20262004,3.0,8001,6857.0,1.2454090120702095,2.23505336027576,0.9896443482055506,44.27833204319778,0.7302797187322235,0.7581120943952803,0.00046671307381294285,0.0,0.0,24.48104365099971,0.0,0.0,0.0,,,,
C_plus3_16QAM,16QAM,20262004,3.0,6001,5143.0,1.2455814103247373,2.234764760336848,0.9891833500121106,44.263421706319114,0.7302340868925463,0.7581120943952803,0.0004667152855513676,2.5138468749832663e-06,1.8330257057020432e-06,17.637580689999595,0.00017239825452786128,-0.014910336878664054,4.738968220063811e-06,,,,
C_plus3_16QAM,16QAM,20262004,3.0,4001,3427.0,1.2462727830228728,2.235555762280936,0.9892829792580631,44.25221665008697,0.7302979992285565,0.7581120943952803,0.0004666973303139593,6.044239375103799e-06,1.2900742919820032e-05,6.504911290000564,0.000863770952663323,-0.026115393110806906,-3.37327147382771e-05,,,,
C_plus3_16QAM,16QAM,20262004,3.0,3001,2571.0,1.242884064889962,2.2330734427463894,0.9901893778564275,44.34199784484578,0.7301810063122729,0.7581120943952803,0.00046673577334577524,4.8364528106394485e-05,0.0001322581655536625,5.925547738000205,-0.0025249471802475387,0.06366580164799984,4.8637019415265215e-05,,,,
C_plus3_16QAM,16QAM,20262004,3.0,2001,1713.0,1.2354521479303895,2.235280242794771,0.9998280948643814,44.72942925555931,0.7343828159552559,0.7463126843657817,0.00046688007131181656,0.000665355562668319,0.001805510095245309,5.2535739119994105,-0.009956864139819999,0.4510972123615318,0.00035781620066765996,,,,
C_plus3_16QAM,16QAM,20262004,3.0,1501,1285.0,1.2444714713206821,2.231334431173606,0.9868629598529239,44.22747868117051,0.7382115613466229,0.7669616519174042,0.00046760717262469355,0.002878853854464625,0.007346293774631457,3.915509211999961,-0.0009375407495273436,-0.050853362027268645,0.001915735516997863,,,,
C_plus3_16QAM,16QAM,20262004,3.0,1001,857.0,1.1503514419311123,2.109329955230367,0.9589785132992548,45.463655931180355,0.77082030251153,0.7463126843657817,0.00047189339019807375,0.015387484756530899,0.034205539804251665,3.3389367159998073,-0.09505757013909721,1.1853238879825767,0.011099574183360383,,,,
C_plus3_16QAM,16QAM,20262004,3.0,751,643.0,1.1093097253031239,2.0506578285556607,0.9413481032525368,45.904689224313756,0.7862428746730015,0.7492625368731564,0.00048561626618452925,0.0372727326798576,0.06994497849508355,2.946945599999708,-0.1360992867670856,1.6263571811159778,0.040502813039179575,,,,
D_strongest_QPSK_p6,QPSK,20262003,6.0,8001,6857.0,0.8610422356861863,1.9168934932574953,1.0558512575713088,55.08137313237136,0.9667446505246985,0.36578171091445427,0.00045730913803684084,0.0,0.0,33.631863865000014,0.0,0.0,0.0,,,,
D_strongest_QPSK_p6,QPSK,20262003,6.0,6001,5143.0,0.8615643764301518,1.916883803295767,1.0553194268656152,55.053907026141424,0.9665368065058686,0.36578171091445427,0.00045731132264193364,3.978159224319116e-06,2.1556598333839645e-06,27.437208608999754,0.0005221407439655046,-0.02746610622993728,4.777086025864463e-06,,,,
D_strongest_QPSK_p6,QPSK,20262003,6.0,4001,3427.0,0.8602373760357689,1.9166934375117155,1.0564560614759466,55.118676821237315,0.9671546039538353,0.3687315634218289,0.00045730358731418795,9.36126023561694e-06,1.8037875255263276e-05,8.051738924999881,-0.0008048596504174332,0.03730368886595414,-1.2137790809774174e-05,,,,
D_strongest_QPSK_p6,QPSK,20262003,6.0,3001,2571.0,0.8630375390813263,1.9167721088877605,1.0537345698064342,54.97443148929591,0.9657703794382643,0.36578171091445427,0.0004573116963513242,8.70416711463053e-05,0.00017688827114939343,5.660353727000256,0.00199530339513998,-0.10694164307545151,5.594278072784675e-06,,,,
D_strongest_QPSK_p6,QPSK,20262003,6.0,2001,1713.0,0.8582147384229868,1.9203019029443924,1.0620871645214056,55.308343073186094,0.9690376213264577,0.36283185840707965,0.0004574506171048804,0.0011311859682177354,0.002198245038139773,4.701723731999664,-0.00282749726319953,0.2269699408147332,0.0003093729301952841,,,,
D_strongest_QPSK_p6,QPSK,20262003,6.0,1501,1285.0,0.8639265086731095,1.903754807711699,1.0398282990385894,54.61986463942047,0.9685938453045144,0.35988200589970504,0.00045872231471271905,0.004809995263216479,0.008482328313437272,4.0444765989996085,0.0028842729869231754,-0.461508492950891,0.0030901999508357036,,,,
D_strongest_QPSK_p6,QPSK,20262003,6.0,1001,857.0,0.791503756693723,1.8630982745101454,1.0715945178164223,57.516800507915825,1.031776787514877,0.41002949852507375,0.0004659541198192091,0.026005744434197918,0.040664193036495905,3.1536990479999076,-0.06953847899246335,2.4354273755444638,0.018904021510437907,,,,
D_strongest_QPSK_p6,QPSK,20262003,6.0,751,643.0,0.7331995941546957,1.8211647364711911,1.0879651423164955,59.740072961472364,1.066471411621358,0.4277286135693215,0.000475974352965758,0.06907878951588414,0.09590615651974048,2.8060641560005024,-0.1278426415314906,4.658699829101003,0.040815311517815145,,,,
E_stage05_dwell_pair,two-level,20260926,-0.9,8001,,,,,,,,,,0.0,,,,,6.94493607750991e-05,0.0011216194402062934,0.0010521700794311943,0.0
E_stage05_dwell_pair,two-level,20260926,-0.9,6001,,,,,,,,,,2.795869635563726e-06,,,,,6.946335248686514e-05,0.0011211957606519938,0.0010517324081651287,-4.3767126606556947e-07
E_stage05_dwell_pair,two-level,20260926,-0.9,4001,,,,,,,,,,1.4056218231482378e-05,,,,,6.997213658549331e-05,0.0011232802843581264,0.001053308147772633,1.1380683414387652e-06
E_stage05_dwell_pair,two-level,20260926,-0.9,3001,,,,,,,,,,0.00016113921405935824,,,,,6.921490969229991e-05,0.0011266842669887657,0.0010574693572964658,5.2992778652714324e-06
E_stage05_dwell_pair,two-level,20260926,-0.9,2001,,,,,,,,,,0.002179058304616398,,,,,6.575980851883477e-05,0.001143471558301762,0.0010777117497829272,2.554167035173291e-05
E_stage05_dwell_pair,two-level,20260926,-0.9,1501,,,,,,,,,,0.008868390710150002,,,,,5.5535419150072136e-05,0.0011613643840956856,0.0011058289649456135,5.365888551441922e-05
E_stage05_dwell_pair,two-level,20260926,-0.9,1001,,,,,,,,,,0.048372497896073695,,,,,4.0501613981554824e-05,0.0011523518768564987,0.0011118502628749438,5.9680183443749446e-05
E_stage05_dwell_pair,two-level,20260926,-0.9,751,,,,,,,,,,0.030333906768434494,,,,,0.00010601380115746012,0.0011547818316959629,0.0010487680305385028,-3.4020488926915504e-06
