Pavg_over_P1dB_dB,variant,reference,metric,model,Delta_mean,Delta_sd,Delta_ci_lo,Delta_ci_hi,n,full_minus_static_mh_mean,full_minus_static_mh_ci_lo,full_minus_static_mh_ci_hi,full_minus_static_lti_mh_mean,full_minus_static_lti_mh_ci_lo,full_minus_static_lti_mh_ci_hi,full_minus_static_mean,full_minus_static_ci_lo,full_minus_static_ci_hi,full_minus_static_lti_mean,full_minus_static_lti_ci_lo,full_minus_static_lti_ci_hi
-6,BLOCK_SHUFFLED_CYCLES,ORIGINAL,D_BLA,atomic,-0.03368844296288977,0.053752487567445155,-0.07862664715891485,0.01124976123313532,8,-0.033765929379058784,-0.07807340938841889,0.010541550630301322,-0.03705771634297073,-0.08515888780775936,0.011043455121817897,-0.03383035788538037,-0.07803273123257454,0.0103720154618138,-0.03706430979074656,-0.08522960952751656,0.011100989946023432
-6,BLOCK_SHUFFLED_CYCLES,ORIGINAL,D_BLA,static_mh,7.748641616902273e-05,0.0016126327186856023,-0.0012707082755567412,0.0014256811078947867,8,,,,,,,,,,,,
-6,BLOCK_SHUFFLED_CYCLES,ORIGINAL,D_BLA,static_lti_mh,0.003369273380080971,0.005047041870322918,-0.000850159215850136,0.007588705976012078,8,,,,,,,,,,,,
-6,BLOCK_SHUFFLED_CYCLES,ORIGINAL,D_BLA,static,0.00014191492249060987,0.0014472250038655423,-0.0010679954590466232,0.001351825304027843,8,,,,,,,,,,,,
-6,BLOCK_SHUFFLED_CYCLES,ORIGINAL,D_BLA,static_lti,0.0033758668278567987,0.005251902913448979,-0.0010148338861545817,0.007766567541868179,8,,,,,,,,,,,,
-6,BLOCK_SHUFFLED_CYCLES,ORIGINAL,D_BLA,linear,-1.4617391007063762e-05,0.00013014413733066526,-0.00012342061264295024,9.418583062882272e-05,8,,,,,,,,,,,,
-6,BLOCK_SHUFFLED_CYCLES,ORIGINAL,AIR,atomic,0.15760777283664737,0.2939552160802262,-0.08814493782860422,0.40336048350189896,8,0.37356588705195537,-0.2577335427888934,1.0048653168928041,0.29136709799367155,-0.20752012850940438,0.7902543244967475,0.2730563756348903,-0.11041960422698044,0.656532355496761,0.2672363152057184,-0.1685667569666931,0.7030393873781299
-6,BLOCK_SHUFFLED_CYCLES,ORIGINAL,AIR,static_mh,-0.21595811421530806,0.4971117735047736,-0.6315539572537491,0.199637728823133,8,,,,,,,,,,,,
-6,BLOCK_SHUFFLED_CYCLES,ORIGINAL,AIR,static_lti_mh,-0.13375932515702418,0.33843215241665536,-0.41669568512952326,0.14917703481547492,8,,,,,,,,,,,,
-6,BLOCK_SHUFFLED_CYCLES,ORIGINAL,AIR,static,-0.11544860279824296,0.19242702857718966,-0.27632162457581183,0.04542441897932592,8,,,,,,,,,,,,
-6,BLOCK_SHUFFLED_CYCLES,ORIGINAL,AIR,static_lti,-0.10962854236907102,0.26356054851843636,-0.3299706750466864,0.11071359030854436,8,,,,,,,,,,,,
-6,BLOCK_SHUFFLED_CYCLES,ORIGINAL,AIR,linear,0.013412111096257145,0.04598702035773741,-0.025034000046222776,0.05185822223873707,8,,,,,,,,,,,,
-6,BLOCK_SHUFFLED_CYCLES,ORIGINAL,EVM,atomic,-0.06948043274698043,0.09076371234946268,-0.14536079519591222,0.006399929701951343,8,-0.04607917050988919,-0.16625355393761404,0.07409521291783568,-0.05608214034568444,-0.17558598427346317,0.06342170358209427,-0.050822054356383664,-0.17370269840576197,0.07205858969299465,-0.05593418080109677,-0.17518266952802464,0.0633143079258311
-6,BLOCK_SHUFFLED_CYCLES,ORIGINAL,EVM,static_mh,-0.02340126223709125,0.0804134980934665,-0.09062862902466012,0.04382610455047763,8,,,,,,,,,,,,
-6,BLOCK_SHUFFLED_CYCLES,ORIGINAL,EVM,static_lti_mh,-0.013398292401295992,0.087286664256174,-0.08637176989872573,0.059575185096133756,8,,,,,,,,,,,,
-6,BLOCK_SHUFFLED_CYCLES,ORIGINAL,EVM,static,-0.018658378390596767,0.09395076837938654,-0.09720318635895103,0.0598864295777575,8,,,,,,,,,,,,
-6,BLOCK_SHUFFLED_CYCLES,ORIGINAL,EVM,static_lti,-0.013546251945883658,0.08778831386336605,-0.0869391190102533,0.05984661511848598,8,,,,,,,,,,,,
-6,BLOCK_SHUFFLED_CYCLES,ORIGINAL,EVM,linear,0.003592269791831342,0.012322531880175262,-0.006709624667444278,0.013894164251106962,8,,,,,,,,,,,,
-6,BLOCK_SHUFFLED_CYCLES,ORIGINAL,SER,atomic,0.004716981132075502,0.011890428571489352,-0.0052236659208332765,0.01465762818498428,8,0.0009433962264151392,-0.006550726479191489,0.008437518932021767,0.0018867924528302021,-0.008644206105232487,0.012417791010892892,-0.0009433962264150486,-0.01209728420562626,0.010210491752796163,0.005188679245283052,-0.00881251286769845,0.019189871358264554
-6,BLOCK_SHUFFLED_CYCLES,ORIGINAL,SER,static_mh,0.0037735849056603626,0.011047925354134343,-0.005462711830999284,0.013009881642320009,8,,,,,,,,,,,,
-6,BLOCK_SHUFFLED_CYCLES,ORIGINAL,SER,static_lti_mh,0.0028301886792452993,0.011185171925200259,-0.006520849062247392,0.012181226420737991,8,,,,,,,,,,,,
-6,BLOCK_SHUFFLED_CYCLES,ORIGINAL,SER,static,0.005660377358490551,0.01176141467885251,-0.004172411380992938,0.01549316609797404,8,,,,,,,,,,,,
-6,BLOCK_SHUFFLED_CYCLES,ORIGINAL,SER,static_lti,-0.00047169811320755053,0.013139988940739745,-0.011457003777649005,0.010513607551233903,8,,,,,,,,,,,,
-6,BLOCK_SHUFFLED_CYCLES,ORIGINAL,SER,linear,-0.0009433962264151002,0.012060300442693874,-0.011026059717647245,0.009139267264817046,8,,,,,,,,,,,,
-6,BLOCK_SHUFFLED_CYCLES,ORIGINAL,loss_vs_linear,atomic,-0.1441956617403903,0.28870603942175044,-0.3855599508978258,0.09716862741704521,8,-0.37356588705195554,-1.0048653168928041,0.2577335427888931,-0.2913670979936715,-0.7902543244967473,0.2075201285094042,-0.2730563756348903,-0.656532355496761,0.11041960422698044,-0.2672363152057184,-0.7030393873781298,0.168566756966693
-6,BLOCK_SHUFFLED_CYCLES,ORIGINAL,loss_vs_linear,static_mh,0.22937022531156523,0.5035606319973427,-0.19161699834729304,0.6503574489704235,8,,,,,,,,,,,,
-6,BLOCK_SHUFFLED_CYCLES,ORIGINAL,loss_vs_linear,static_lti_mh,0.1471714362532812,0.3471113480095415,-0.1430209128177871,0.4373637853243495,8,,,,,,,,,,,,
-6,BLOCK_SHUFFLED_CYCLES,ORIGINAL,loss_vs_linear,static,0.12886071389450005,0.2007325014264147,-0.03895585694904846,0.29667728473804855,8,,,,,,,,,,,,
-6,BLOCK_SHUFFLED_CYCLES,ORIGINAL,loss_vs_linear,static_lti,0.12304065346532811,0.27222482195387654,-0.10454499307503579,0.350626300005692,8,,,,,,,,,,,,
-6,BLOCK_SHUFFLED_CYCLES,ORIGINAL,loss_vs_linear,linear,0.0,0.0,0.0,0.0,8,,,,,,,,,,,,
-6,BLOCK_SHUFFLED_FIXED,ORIGINAL,D_BLA,atomic,-0.08784922609206638,0.07091314337183485,-0.1471340975694476,-0.02856435461468517,8,-0.11943323800559813,-0.1810859574347275,-0.057780518576468765,-0.1013902556902464,-0.160515756161705,-0.04226475521878782,-0.08727378618549288,-0.14205284255539713,-0.03249472981558861,-0.10071426621616399,-0.16003943189703979,-0.041389100535288194
-6,BLOCK_SHUFFLED_FIXED,ORIGINAL,D_BLA,static_mh,0.03158401191353173,0.010906237325013678,0.02246616933356144,0.04070185449350203,8,,,,,,,,,,,,
-6,BLOCK_SHUFFLED_FIXED,ORIGINAL,D_BLA,static_lti_mh,0.013541029598180009,0.015055310161096005,0.0009544753218793701,0.026127583874480647,8,,,,,,,,,,,,
-6,BLOCK_SHUFFLED_FIXED,ORIGINAL,D_BLA,static,-0.0005754399065735121,0.007089580855257743,-0.006502477827154446,0.005351598014007422,8,,,,,,,,,,,,
-6,BLOCK_SHUFFLED_FIXED,ORIGINAL,D_BLA,static_lti,0.012865040124097588,0.015059778620141026,0.00027475012254786664,0.02545533012564731,8,,,,,,,,,,,,
-6,BLOCK_SHUFFLED_FIXED,ORIGINAL,D_BLA,linear,0.007732564373688182,0.0006730208038687657,0.007169904900961847,0.008295223846414516,8,,,,,,,,,,,,
-6,BLOCK_SHUFFLED_FIXED,ORIGINAL,AIR,atomic,-0.3024336426552472,1.37662803867716,-1.4533234842914282,0.8484561989809338,8,0.0618046717333815,-0.5629486014555718,0.6865579449223347,-0.07991839215330485,-0.8716774392113893,0.7118406549047795,-0.18493859253547648,-0.8950088155923965,0.5251316305214435,-0.08630545345337234,-0.8914155233118269,0.7188046164050822
-6,BLOCK_SHUFFLED_FIXED,ORIGINAL,AIR,static_mh,-0.3642383143886286,0.7406988764302938,-0.9834780717119744,0.2550014429347172,8,,,,,,,,,,,,
-6,BLOCK_SHUFFLED_FIXED,ORIGINAL,AIR,static_lti_mh,-0.2225152505019423,0.4597551206755768,-0.606880150213117,0.16184964920923248,8,,,,,,,,,,,,
-6,BLOCK_SHUFFLED_FIXED,ORIGINAL,AIR,static,-0.11749505011977068,0.5872980040381097,-0.6084884687270009,0.3734983684874596,8,,,,,,,,,,,,
-6,BLOCK_SHUFFLED_FIXED,ORIGINAL,AIR,static_lti,-0.21612818920187477,0.4389304646771753,-0.5830832408126443,0.1508268624088947,8,,,,,,,,,,,,
-6,BLOCK_SHUFFLED_FIXED,ORIGINAL,AIR,linear,-0.19195683088937301,0.07033477957510947,-0.2507581781323786,-0.13315548364636742,8,,,,,,,,,,,,
-6,BLOCK_SHUFFLED_FIXED,ORIGINAL,EVM,atomic,-0.02831409443384681,0.13841911126034243,-0.1440353674008838,0.08740717853319019,8,-0.1094667086937302,-0.20694290458998982,-0.011990512797470584,-0.12476159099813436,-0.2402278823007561,-0.009295299695512613,-0.07756805659364233,-0.181933819453864,0.02679770626657936,-0.1281461651986429,-0.24176129268744062,-0.014531037709845138
-6,BLOCK_SHUFFLED_FIXED,ORIGINAL,EVM,static_mh,0.08115261425988339,0.14857041101288496,-0.04305535768201367,0.20536058620178044,8,,,,,,,,,,,,
-6,BLOCK_SHUFFLED_FIXED,ORIGINAL,EVM,static_lti_mh,0.09644749656428755,0.15997206117949067,-0.03729249345799479,0.2301874865865699,8,,,,,,,,,,,,
-6,BLOCK_SHUFFLED_FIXED,ORIGINAL,EVM,static,0.04925396215979551,0.16706345987165683,-0.09041458553275529,0.18892250985234632,8,,,,,,,,,,,,
-6,BLOCK_SHUFFLED_FIXED,ORIGINAL,EVM,static_lti,0.09983207076479605,0.1609999396713641,-0.034767247181585664,0.23443138871117777,8,,,,,,,,,,,,
-6,BLOCK_SHUFFLED_FIXED,ORIGINAL,EVM,linear,0.11281766434674988,0.018391581422270518,0.09744191749587541,0.12819341119762434,8,,,,,,,,,,,,
-6,BLOCK_SHUFFLED_FIXED,ORIGINAL,SER,atomic,0.04669811320754717,0.03283158283125896,0.019250223070395853,0.0741460033446985,8,0.036320754716981166,0.015262977173594958,0.057378532260367376,0.012735849056603767,0.0002369518601419377,0.0252347462530656,0.04811320754716983,0.025254539352768574,0.07097187574157109,0.012264150943396251,-0.0014095201249399517,0.025937822011732455
-6,BLOCK_SHUFFLED_FIXED,ORIGINAL,SER,static_mh,0.010377358490566015,0.012393060843744098,1.650034216598914e-05,0.02073821663896604,8,,,,,,,,,,,,
-6,BLOCK_SHUFFLED_FIXED,ORIGINAL,SER,static_lti_mh,0.03396226415094341,0.021630622800796653,0.015878610941596746,0.05204591736029007,8,,,,,,,,,,,,
-6,BLOCK_SHUFFLED_FIXED,ORIGINAL,SER,static,-0.001415094339622649,0.011399099975089215,-0.010944980406545953,0.008114791727300653,8,,,,,,,,,,,,
-6,BLOCK_SHUFFLED_FIXED,ORIGINAL,SER,static_lti,0.03443396226415092,0.021671728948802683,0.01631594345506361,0.05255198107323823,8,,,,,,,,,,,,
-6,BLOCK_SHUFFLED_FIXED,ORIGINAL,SER,linear,0.03537735849056603,0.01561598618608195,0.02232206732712096,0.0484326496540111,8,,,,,,,,,,,,
-6,BLOCK_SHUFFLED_FIXED,ORIGINAL,loss_vs_linear,atomic,0.1104768117658742,1.359317625124176,-1.0259411619779497,1.2468947855096983,8,-0.06180467173338161,-0.6865579449223349,0.5629486014555716,0.0799183921533049,-0.7118406549047795,0.8716774392113893,0.18493859253547631,-0.5251316305214437,0.8950088155923963,0.08630545345337245,-0.7188046164050822,0.8914155233118272
-6,BLOCK_SHUFFLED_FIXED,ORIGINAL,loss_vs_linear,static_mh,0.17228148349925573,0.7493659823546146,-0.45420415570680295,0.7987671227053145,8,,,,,,,,,,,,
-6,BLOCK_SHUFFLED_FIXED,ORIGINAL,loss_vs_linear,static_lti_mh,0.03055841961256918,0.4515286115478263,-0.3469289463558284,0.4080457855809667,8,,,,,,,,,,,,
-6,BLOCK_SHUFFLED_FIXED,ORIGINAL,loss_vs_linear,static,-0.07446178076960222,0.5822571681303556,-0.5612409550954478,0.4123173935562433,8,,,,,,,,,,,,
-6,BLOCK_SHUFFLED_FIXED,ORIGINAL,loss_vs_linear,static_lti,0.024171358312501723,0.4314223755164279,-0.33650677367842163,0.3848494903034251,8,,,,,,,,,,,,
-6,BLOCK_SHUFFLED_FIXED,ORIGINAL,loss_vs_linear,linear,0.0,0.0,0.0,0.0,8,,,,,,,,,,,,
-6,SHUFFLED,ORIGINAL,D_BLA,atomic,-0.17948819046629338,0.09245945355570168,-0.25678622804131057,-0.1021901528912762,8,-0.10765467679630356,-0.1590019397656171,-0.05630741382698999,-0.11026363753884966,-0.16111976608534548,-0.059407508992353836,-0.10645884276545392,-0.1579359533368745,-0.054981732194033364,-0.11038836588444617,-0.1614685449901499,-0.05930818677874245
-6,SHUFFLED,ORIGINAL,D_BLA,static_mh,-0.07183351366998984,0.052220463884833236,-0.11549091401491918,-0.028176113325060516,8,,,,,,,,,,,,
-6,SHUFFLED,ORIGINAL,D_BLA,static_lti_mh,-0.06922455292744373,0.04738591826447988,-0.10884017198718436,-0.029608933867703094,8,,,,,,,,,,,,
-6,SHUFFLED,ORIGINAL,D_BLA,static,-0.07302934770083945,0.05076606695074054,-0.11547084178051317,-0.03058785362116572,8,,,,,,,,,,,,
-6,SHUFFLED,ORIGINAL,D_BLA,static_lti,-0.06909982458184721,0.04741146235068816,-0.10873679903208189,-0.029462850131612546,8,,,,,,,,,,,,
-6,SHUFFLED,ORIGINAL,D_BLA,linear,0.012338609459160682,0.0019519996929900447,0.010706696876806232,0.013970522041515132,8,,,,,,,,,,,,
-6,SHUFFLED,ORIGINAL,AIR,atomic,0.7687683767457781,0.39935450803725997,0.4348996528794882,1.102637100612068,8,0.44766624825802925,0.186732868572819,0.7085996279432395,0.40162187886971223,0.14755998315451124,0.6556837745849132,0.4486989344438541,0.19375116864301078,0.7036467002446974,0.40069415675622455,0.148910377162291,0.652477936350158
-6,SHUFFLED,ORIGINAL,AIR,static_mh,0.3211021284877489,0.20882278262327245,0.14652191330175982,0.495682343673738,8,,,,,,,,,,,,
-6,SHUFFLED,ORIGINAL,AIR,static_lti_mh,0.3671464978760659,0.204923369753871,0.19582627343096862,0.5384667223211632,8,,,,,,,,,,,,
-6,SHUFFLED,ORIGINAL,AIR,static,0.320069442301924,0.22052876892173673,0.1357027776621081,0.50443610694174,8,,,,,,,,,,,,
-6,SHUFFLED,ORIGINAL,AIR,static_lti,0.3680742199895536,0.20872758651173126,0.19357359074447075,0.5425748492346364,8,,,,,,,,,,,,
-6,SHUFFLED,ORIGINAL,AIR,linear,0.13962421850433093,0.026561079048850425,0.11741860071843138,0.16182983629023048,8,,,,,,,,,,,,
-6,SHUFFLED,ORIGINAL,EVM,atomic,-0.28419667241983143,0.12327613826128182,-0.38725810314397996,-0.1811352416956829,8,-0.12414755113734093,-0.20212671853867759,-0.046168383736004265,-0.120529560297624,-0.2094858159198555,-0.0315733046753925,-0.11381621190325972,-0.20379602053767648,-0.02383640326884294,-0.12139657301834532,-0.21115975357706582,-0.03163339245962482
-6,SHUFFLED,ORIGINAL,EVM,static_mh,-0.1600491212824905,0.06577019738870327,-0.21503438231916222,-0.10506386024581876,8,,,,,,,,,,,,
-6,SHUFFLED,ORIGINAL,EVM,static_lti_mh,-0.16366711212220741,0.058320903565629474,-0.21242460767142246,-0.11490961657299235,8,,,,,,,,,,,,
-6,SHUFFLED,ORIGINAL,EVM,static,-0.1703804605165717,0.05655410547400404,-0.21766087589689245,-0.12310004513625097,8,,,,,,,,,,,,
-6,SHUFFLED,ORIGINAL,EVM,static_lti,-0.1628000994014861,0.054893651238875525,-0.20869234030183076,-0.11690785850114144,8,,,,,,,,,,,,
-6,SHUFFLED,ORIGINAL,EVM,linear,0.04767033362795625,0.01346440068496488,0.0364138129581202,0.058926854297792305,8,,,,,,,,,,,,
-6,SHUFFLED,ORIGINAL,SER,atomic,-0.05094339622641504,0.014684461964287047,-0.06321991365143474,-0.03866687880139535,8,-0.027830188679245277,-0.037653935771998666,-0.018006441586491888,-0.01745283018867925,-0.02850266096406537,-0.00640299941329313,-0.029716981132075458,-0.04157372669186782,-0.0178602355722831,-0.016037735849056586,-0.028741141977444595,-0.003334329720668579
-6,SHUFFLED,ORIGINAL,SER,static_mh,-0.02311320754716976,0.005117745969285055,-0.02739175024907819,-0.01883466484526133,8,,,,,,,,,,,,
-6,SHUFFLED,ORIGINAL,SER,static_lti_mh,-0.033490566037735786,0.008661061462565848,-0.040731394623961664,-0.02624973745150991,8,,,,,,,,,,,,
-6,SHUFFLED,ORIGINAL,SER,static,-0.021226415094339576,0.006030150221346923,-0.026267746839955638,-0.016185083348723515,8,,,,,,,,,,,,
-6,SHUFFLED,ORIGINAL,SER,static_lti,-0.03490566037735845,0.008255198291705424,-0.041807178861426035,-0.02800414189329086,8,,,,,,,,,,,,
-6,SHUFFLED,ORIGINAL,SER,linear,-0.033490566037735786,0.009118722277109052,-0.041114008639929873,-0.0258671234355417,8,,,,,,,,,,,,
-6,SHUFFLED,ORIGINAL,loss_vs_linear,atomic,-0.6291441582414473,0.3795284883079566,-0.9464379148213963,-0.31185040166149836,8,-0.4476662482580293,-0.7085996279432395,-0.18673286857281912,-0.40162187886971235,-0.6556837745849134,-0.14755998315451124,-0.4486989344438541,-0.7036467002446974,-0.19375116864301078,-0.4006941567562246,-0.6524779363501582,-0.14891037716229105
-6,SHUFFLED,ORIGINAL,loss_vs_linear,static_mh,-0.181477909983418,0.1980145820522112,-0.3470222433668297,-0.015933576600006327,8,,,,,,,,,,,,
-6,SHUFFLED,ORIGINAL,loss_vs_linear,static_lti_mh,-0.22752227937173497,0.19457853095676653,-0.3901940021515662,-0.06485055659190372,8,,,,,,,,,,,,
-6,SHUFFLED,ORIGINAL,loss_vs_linear,static,-0.18044522379759323,0.21057787568390687,-0.35649273350167976,-0.004397714093506672,8,,,,,,,,,,,,
-6,SHUFFLED,ORIGINAL,loss_vs_linear,static_lti,-0.22845000148522274,0.198171840854217,-0.3941258065172216,-0.06277419645322382,8,,,,,,,,,,,,
-6,SHUFFLED,ORIGINAL,loss_vs_linear,linear,0.0,0.0,0.0,0.0,8,,,,,,,,,,,,
0,BLOCK_SHUFFLED_CYCLES,ORIGINAL,D_BLA,atomic,-0.015364187039014779,0.03263259984787597,-0.04264572323900962,0.011917349160980063,8,-0.02213517283780054,-0.05913884847009265,0.014868502794491575,-0.03329911868250701,-0.06823405237223124,0.0016358150072172187,-0.020908692811635095,-0.05396371919373112,0.012146333570460927,-0.03271519614916472,-0.06680337903596542,0.0013729867376359867
0,BLOCK_SHUFFLED_CYCLES,ORIGINAL,D_BLA,static_mh,0.00677098579878576,0.018478340329217798,-0.008677293313434364,0.022219264911005884,8,,,,,,,,,,,,
0,BLOCK_SHUFFLED_CYCLES,ORIGINAL,D_BLA,static_lti_mh,0.017934931643492233,0.014213564608015948,0.006052094260255296,0.02981776902672917,8,,,,,,,,,,,,
0,BLOCK_SHUFFLED_CYCLES,ORIGINAL,D_BLA,static,0.005544505772620317,0.011080808875007616,-0.003719282275466234,0.014808293820706867,8,,,,,,,,,,,,
0,BLOCK_SHUFFLED_CYCLES,ORIGINAL,D_BLA,static_lti,0.01735100911014994,0.013776299505936512,0.005833734500549961,0.028868283719749914,8,,,,,,,,,,,,
0,BLOCK_SHUFFLED_CYCLES,ORIGINAL,D_BLA,linear,-1.4617391006933336e-05,0.00013014413733052407,-0.00012342061264270177,9.418583062883509e-05,8,,,,,,,,,,,,
0,BLOCK_SHUFFLED_CYCLES,ORIGINAL,AIR,atomic,-0.2789171571455609,0.3808429471370228,-0.59730982880723,0.03947551451610826,8,-0.34395981192458613,-0.6691985250823651,-0.01872109876680711,-0.46924931581276264,-0.7571307246076376,-0.18136790701788763,-0.4697475318045275,-0.7535114688311015,-0.1859835947779534,-0.47093497578153326,-0.7804106259809359,-0.1614593255821306
0,BLOCK_SHUFFLED_CYCLES,ORIGINAL,AIR,static_mh,0.06504265477902521,0.5858082582957376,-0.4247053052196732,0.5547906147777236,8,,,,,,,,,,,,
0,BLOCK_SHUFFLED_CYCLES,ORIGINAL,AIR,static_lti_mh,0.1903321586672017,0.31404063966667284,-0.07221238633611415,0.4528767036705176,8,,,,,,,,,,,,
0,BLOCK_SHUFFLED_CYCLES,ORIGINAL,AIR,static,0.19083037465896657,0.3118019459977898,-0.06984257560004309,0.45150332491797623,8,,,,,,,,,,,,
0,BLOCK_SHUFFLED_CYCLES,ORIGINAL,AIR,static_lti,0.19201781863597234,0.3210435753034887,-0.07638132707254786,0.46041696434449253,8,,,,,,,,,,,,
0,BLOCK_SHUFFLED_CYCLES,ORIGINAL,AIR,linear,0.0014552034394806623,0.039524469606710265,-0.03158808006804676,0.034498486947008085,8,,,,,,,,,,,,
0,BLOCK_SHUFFLED_CYCLES,ORIGINAL,EVM,atomic,-0.04015642531800155,0.15452052771709157,-0.16933881931075379,0.08902596867475067,8,-0.03671146455426151,-0.2109596939971387,0.13753676488861566,0.02926411149776663,-0.10254687409780018,0.16107509709333345,0.02081857923406316,-0.10559357819765416,0.1472307366657805,0.02563234632489788,-0.10104171977958534,0.15230641242938112
0,BLOCK_SHUFFLED_CYCLES,ORIGINAL,EVM,static_mh,-0.0034449607637400403,0.1498988950845725,-0.12876357318361972,0.12187365165613964,8,,,,,,,,,,,,
0,BLOCK_SHUFFLED_CYCLES,ORIGINAL,EVM,static_lti_mh,-0.06942053681576818,0.10392326443951398,-0.15630256013125884,0.017461486499722484,8,,,,,,,,,,,,
0,BLOCK_SHUFFLED_CYCLES,ORIGINAL,EVM,static,-0.06097500455206471,0.1024848291891066,-0.14665446590380515,0.024704456799675714,8,,,,,,,,,,,,
0,BLOCK_SHUFFLED_CYCLES,ORIGINAL,EVM,static_lti,-0.06578877164289942,0.10572567789015262,-0.1541776503125508,0.022600107026751942,8,,,,,,,,,,,,
0,BLOCK_SHUFFLED_CYCLES,ORIGINAL,EVM,linear,0.0033220879715920616,0.011962677507554895,-0.006678960703432999,0.013323136646617122,8,,,,,,,,,,,,
0,BLOCK_SHUFFLED_CYCLES,ORIGINAL,SER,atomic,0.00235849056603775,0.016747418336957465,-0.011642701546943756,0.016359682679019254,8,0.0033018867924528503,-0.014095522564809296,0.020699296149714996,0.006132075471698126,-0.0060207642535249,0.018284915196921152,0.002358490566037751,-0.011438106916340793,0.016155088048416297,0.006132075471698126,-0.008562782653274132,0.020826933596670386
0,BLOCK_SHUFFLED_CYCLES,ORIGINAL,SER,static_mh,-0.0009433962264151002,0.01408339674136184,-0.012717410549805297,0.010830618096975095,8,,,,,,,,,,,,
0,BLOCK_SHUFFLED_CYCLES,ORIGINAL,SER,static_lti_mh,-0.0037735849056603757,0.008068263906790158,-0.010518822332966818,0.0029716525216460657,8,,,,,,,,,,,,
0,BLOCK_SHUFFLED_CYCLES,ORIGINAL,SER,static,0.0,0.013974643015434733,-0.01168309393320995,0.01168309393320995,8,,,,,,,,,,,,
0,BLOCK_SHUFFLED_CYCLES,ORIGINAL,SER,static_lti,-0.0037735849056603752,0.007812062935951178,-0.010304632961203587,0.0027574631498828357,8,,,,,,,,,,,,
0,BLOCK_SHUFFLED_CYCLES,ORIGINAL,SER,linear,0.0018867924528301627,0.010085329883487712,-0.006544754331302903,0.010318339236963228,8,,,,,,,,,,,,
0,BLOCK_SHUFFLED_CYCLES,ORIGINAL,loss_vs_linear,atomic,0.2803723605850416,0.3821686330973397,-0.03912861227496328,0.5998733334450466,8,0.3439598119245861,0.01872109876680711,0.6691985250823651,0.4692493158127625,0.1813679070178874,0.7571307246076376,0.46974753180452744,0.1859835947779534,0.7535114688311015,0.47093497578153315,0.1614593255821305,0.7804106259809358
0,BLOCK_SHUFFLED_CYCLES,ORIGINAL,loss_vs_linear,static_mh,-0.06358745133954447,0.5812423342924593,-0.549518203344931,0.422343300665842,8,,,,,,,,,,,,
0,BLOCK_SHUFFLED_CYCLES,ORIGINAL,loss_vs_linear,static_lti_mh,-0.18887695522772094,0.3117095914504471,-0.4494726951529444,0.07171878469750256,8,,,,,,,,,,,,
0,BLOCK_SHUFFLED_CYCLES,ORIGINAL,loss_vs_linear,static,-0.18937517121948583,0.32120441060084587,-0.4579087786015332,0.07915843616256152,8,,,,,,,,,,,,
0,BLOCK_SHUFFLED_CYCLES,ORIGINAL,loss_vs_linear,static_lti,-0.1905626151964916,0.3248249075339502,-0.46212303376131036,0.08099780336832718,8,,,,,,,,,,,,
0,BLOCK_SHUFFLED_CYCLES,ORIGINAL,loss_vs_linear,linear,0.0,0.0,0.0,0.0,8,,,,,,,,,,,,
0,BLOCK_SHUFFLED_FIXED,ORIGINAL,D_BLA,atomic,-0.1537305395678949,0.04316619585287022,-0.1898183824080601,-0.11764269672772971,8,-0.30718000896575137,-0.40283659185656456,-0.21152342607493818,-0.16241151722831337,-0.21623625519727951,-0.10858677925934725,-0.11781818463916133,-0.15530048602305627,-0.08033588325526639,-0.1544362000046388,-0.20157295634101646,-0.10729944366826118
0,BLOCK_SHUFFLED_FIXED,ORIGINAL,D_BLA,static_mh,0.15344946939785645,0.09530489692724725,0.07377258163291457,0.23312635716279834,8,,,,,,,,,,,,
0,BLOCK_SHUFFLED_FIXED,ORIGINAL,D_BLA,static_lti_mh,0.008680977660418449,0.04019908540249888,-0.024926298766450132,0.04228825408728703,8,,,,,,,,,,,,
0,BLOCK_SHUFFLED_FIXED,ORIGINAL,D_BLA,static,-0.03591235492873357,0.029291802501551174,-0.06040091465227586,-0.011423795205191278,8,,,,,,,,,,,,
0,BLOCK_SHUFFLED_FIXED,ORIGINAL,D_BLA,static_lti,0.0007056604367438948,0.03651466847218672,-0.029821366352377005,0.031232687225864794,8,,,,,,,,,,,,
0,BLOCK_SHUFFLED_FIXED,ORIGINAL,D_BLA,linear,0.007732564373688913,0.0006730208038700118,0.007169904900961537,0.008295223846416289,8,,,,,,,,,,,,
0,BLOCK_SHUFFLED_FIXED,ORIGINAL,AIR,atomic,-0.2029559660103597,0.2563013786894569,-0.41722928083728505,0.011317348816565653,8,-0.14024899732222487,-0.47896794997523207,0.1984699553307823,-0.2859938964210122,-0.5282309123424058,-0.04375688049961851,-0.3395914259659192,-0.5802793994197768,-0.09890345251206156,-0.31215936206048855,-0.5542935287825331,-0.07002519533844395
0,BLOCK_SHUFFLED_FIXED,ORIGINAL,AIR,static_mh,-0.06270696868813483,0.3922938889455107,-0.39067286727406425,0.26525892989779454,8,,,,,,,,,,,,
0,BLOCK_SHUFFLED_FIXED,ORIGINAL,AIR,static_lti_mh,0.08303793041065247,0.32138282438723026,-0.1856448346295194,0.3517206954508243,8,,,,,,,,,,,,
0,BLOCK_SHUFFLED_FIXED,ORIGINAL,AIR,static,0.13663545995555948,0.3405704247705704,-0.14808854044095504,0.421359460352074,8,,,,,,,,,,,,
0,BLOCK_SHUFFLED_FIXED,ORIGINAL,AIR,static_lti,0.10920339605012885,0.33043684569796894,-0.16704872023070177,0.3854555123309595,8,,,,,,,,,,,,
0,BLOCK_SHUFFLED_FIXED,ORIGINAL,AIR,linear,-0.22373509381488285,0.0668532493026889,-0.2796258089108577,-0.16784437871890803,8,,,,,,,,,,,,
0,BLOCK_SHUFFLED_FIXED,ORIGINAL,EVM,atomic,-0.0711663806089054,0.12664112042276515,-0.17704100682096477,0.03470824560315397,8,-0.4303385543309333,-0.8536039655631484,-0.00707314309871826,-0.18108887251467942,-0.34737322271759835,-0.014804522311760493,-0.1455161408868917,-0.29818088332452075,0.0071486015507374046,-0.18716726641526782,-0.36055694678011035,-0.013777586050425283
0,BLOCK_SHUFFLED_FIXED,ORIGINAL,EVM,static_mh,0.35917217372202787,0.5739119907224565,-0.12063025769610242,0.8389746051401581,8,,,,,,,,,,,,
0,BLOCK_SHUFFLED_FIXED,ORIGINAL,EVM,static_lti_mh,0.10992249190577401,0.237496918210374,-0.088629900540679,0.30847488435222703,8,,,,,,,,,,,,
0,BLOCK_SHUFFLED_FIXED,ORIGINAL,EVM,static,0.0743497602779863,0.2230118817906307,-0.11209283867099294,0.26079235922696553,8,,,,,,,,,,,,
0,BLOCK_SHUFFLED_FIXED,ORIGINAL,EVM,static_lti,0.11600088580636243,0.2369596043429102,-0.08210230100540904,0.3141040726181339,8,,,,,,,,,,,,
0,BLOCK_SHUFFLED_FIXED,ORIGINAL,EVM,linear,0.12441322372767961,0.019543715514804175,0.10807426867092415,0.14075217878443508,8,,,,,,,,,,,,
0,BLOCK_SHUFFLED_FIXED,ORIGINAL,SER,atomic,0.09481132075471699,0.04706457263002472,0.055464353368455246,0.13415828814097874,8,0.07028301886792454,0.030701868081211295,0.10986416965463779,0.05754716981132076,0.03493867241246546,0.08015566721017606,0.09198113207547173,0.05057416722122986,0.1333880969297136,0.06132075471698111,0.029380880267745983,0.09326062916621625
0,BLOCK_SHUFFLED_FIXED,ORIGINAL,SER,static_mh,0.024528301886792437,0.01675500837511598,0.010520764343114445,0.038535839430470425,8,,,,,,,,,,,,
0,BLOCK_SHUFFLED_FIXED,ORIGINAL,SER,static_lti_mh,0.037264150943396225,0.03179279275494731,0.010684711043222765,0.06384359084356969,8,,,,,,,,,,,,
0,BLOCK_SHUFFLED_FIXED,ORIGINAL,SER,static,0.0028301886792452624,0.010625554363572518,-0.006052997072615233,0.011713374431105757,8,,,,,,,,,,,,
0,BLOCK_SHUFFLED_FIXED,ORIGINAL,SER,static_lti,0.03349056603773588,0.021483173073865745,0.015530183884992051,0.05145094819047971,8,,,,,,,,,,,,
0,BLOCK_SHUFFLED_FIXED,ORIGINAL,SER,linear,0.0410377358490566,0.01037123073184419,0.03236716997418584,0.049708301723927366,8,,,,,,,,,,,,
0,BLOCK_SHUFFLED_FIXED,ORIGINAL,loss_vs_linear,atomic,-0.02077912780452297,0.272231049469546,-0.24836998067827631,0.2068117250692304,8,0.1402489973222249,-0.1984699553307822,0.478967949975232,0.2859938964210122,0.04375688049961851,0.5282309123424058,0.3395914259659192,0.09890345251206156,0.5802793994197768,0.31215936206048855,0.07002519533844387,0.5542935287825332
0,BLOCK_SHUFFLED_FIXED,ORIGINAL,loss_vs_linear,static_mh,-0.16102812512674786,0.362923880797991,-0.4644400824329157,0.14238383217941997,8,,,,,,,,,,,,
0,BLOCK_SHUFFLED_FIXED,ORIGINAL,loss_vs_linear,static_lti_mh,-0.30677302422553515,0.3067058000382002,-0.5631854898426492,-0.050360558608421147,8,,,,,,,,,,,,
0,BLOCK_SHUFFLED_FIXED,ORIGINAL,loss_vs_linear,static,-0.36037055377044214,0.3504171527969704,-0.6533266248066246,-0.06741448273425965,8,,,,,,,,,,,,
0,BLOCK_SHUFFLED_FIXED,ORIGINAL,loss_vs_linear,static_lti,-0.3329384898650115,0.328687719114804,-0.6077282997277376,-0.05814868000228546,8,,,,,,,,,,,,
0,BLOCK_SHUFFLED_FIXED,ORIGINAL,loss_vs_linear,linear,0.0,0.0,0.0,0.0,8,,,,,,,,,,,,
0,SHUFFLED,ORIGINAL,D_BLA,atomic,-0.466601215492035,0.07288486051845883,-0.5275344837555299,-0.4056679472285401,8,-0.08259532836016092,-0.1444528973971015,-0.020737759323220355,-0.09432469980742093,-0.14873052313242346,-0.0399188764824184,-0.10123989389875498,-0.15998688021250518,-0.0424929075850048,-0.09646380520326123,-0.15008937430025057,-0.04283823610627188
0,SHUFFLED,ORIGINAL,D_BLA,static_mh,-0.384005887131874,0.1320358601701278,-0.4943906286394759,-0.2736211456242721,8,,,,,,,,,,,,
0,SHUFFLED,ORIGINAL,D_BLA,static_lti_mh,-0.37227651568461406,0.12293091690803308,-0.47504933413485334,-0.2695036972343748,8,,,,,,,,,,,,
0,SHUFFLED,ORIGINAL,D_BLA,static,-0.36536132159328,0.12871347972724695,-0.4729684835410201,-0.2577541596455399,8,,,,,,,,,,,,
0,SHUFFLED,ORIGINAL,D_BLA,static_lti,-0.3701374102887737,0.12207963193940936,-0.4721985366949747,-0.26807628388257276,8,,,,,,,,,,,,
0,SHUFFLED,ORIGINAL,D_BLA,linear,0.012338609459160637,0.001951999692991246,0.010706696876805182,0.013970522041516092,8,,,,,,,,,,,,
0,SHUFFLED,ORIGINAL,AIR,atomic,0.968141092197198,0.1588924260041007,0.8353036997692691,1.100978484625127,8,-0.0956814360446252,-0.4230761757888955,0.2317133036996451,-0.04385219689935732,-0.3247023401745822,0.23699794637586757,-0.002818900742138253,-0.2633413691143027,0.2577035676300262,-0.041219542423006766,-0.3248141461855718,0.2423750613395583
0,SHUFFLED,ORIGINAL,AIR,static_mh,1.0638225282418232,0.4081365342421884,0.7226118467339127,1.4050332097497338,8,,,,,,,,,,,,
0,SHUFFLED,ORIGINAL,AIR,static_lti_mh,1.011993289096555,0.3635616473956448,0.7080481455716321,1.315938432621478,8,,,,,,,,,,,,
0,SHUFFLED,ORIGINAL,AIR,static,0.9709599929393362,0.34603651324136203,0.6816662282217609,1.2602537576569115,8,,,,,,,,,,,,
0,SHUFFLED,ORIGINAL,AIR,static_lti,1.0093606346202046,0.3665680672981421,0.7029020611575899,1.3158192080828193,8,,,,,,,,,,,,
0,SHUFFLED,ORIGINAL,AIR,linear,0.08504957385131187,0.02103944857925281,0.06746015465950402,0.10263899304311973,8,,,,,,,,,,,,
0,SHUFFLED,ORIGINAL,EVM,atomic,-0.5893213713201555,0.09664532448086047,-0.6701188845638469,-0.508523858076464,8,-0.13124080702134314,-0.2301454309868084,-0.03233618305587786,-0.052715518628592084,-0.13845391624181042,0.03302287898462626,-0.04592899556653409,-0.12461098889983993,0.032752997766771756,-0.05623403953725321,-0.14285963909863494,0.030391560024128537
0,SHUFFLED,ORIGINAL,EVM,static_mh,-0.4580805642988123,0.05962645836496448,-0.5079295309746055,-0.4082315976230191,8,,,,,,,,,,,,
0,SHUFFLED,ORIGINAL,EVM,static_lti_mh,-0.5366058526915634,0.07317753882724778,-0.597783806144513,-0.47542789923861367,8,,,,,,,,,,,,
0,SHUFFLED,ORIGINAL,EVM,static,-0.5433923757536214,0.06376549952839022,-0.5967016674375252,-0.49008308406971773,8,,,,,,,,,,,,
0,SHUFFLED,ORIGINAL,EVM,static_lti,-0.5330873317829022,0.06733416882693209,-0.5893801056627646,-0.47679455790303993,8,,,,,,,,,,,,
0,SHUFFLED,ORIGINAL,EVM,linear,0.039752122567470134,0.013732366577784047,0.028271576804954075,0.05123266832998619,8,,,,,,,,,,,,
0,SHUFFLED,ORIGINAL,SER,atomic,-0.085377358490566,0.00986868983235733,-0.09362778965949115,-0.07712692732164086,8,-0.06509433962264151,-0.07790918127245079,-0.052279497972832226,-0.05141509433962266,-0.06094498040654598,-0.041885208272699335,-0.06933962264150945,-0.08303277650918553,-0.05564646877383336,-0.052358490566037766,-0.06181348442246511,-0.04290349670961042
0,SHUFFLED,ORIGINAL,SER,static_mh,-0.0202830188679245,0.009868689832357279,-0.02853345003684959,-0.012032587698999408,8,,,,,,,,,,,,
0,SHUFFLED,ORIGINAL,SER,static_lti_mh,-0.03396226415094333,0.008316576075763624,-0.040915095746606844,-0.027009432555279822,8,,,,,,,,,,,,
0,SHUFFLED,ORIGINAL,SER,static,-0.016037735849056562,0.008964037276720143,-0.02353185855466322,-0.008543613143449903,8,,,,,,,,,,,,
0,SHUFFLED,ORIGINAL,SER,static_lti,-0.03301886792452824,0.007746688875040388,-0.03949526189741814,-0.02654247395163834,8,,,,,,,,,,,,
0,SHUFFLED,ORIGINAL,SER,linear,-0.013207547169811273,0.0066898510220975045,-0.01880040258687069,-0.007614691752751852,8,,,,,,,,,,,,
0,SHUFFLED,ORIGINAL,loss_vs_linear,atomic,-0.8830915183458861,0.15623657762832027,-1.0137085659669862,-0.7524744707247859,8,0.09568143604462519,-0.23171330369964505,0.42307617578889545,0.043852196899357224,-0.23699794637586769,0.3247023401745821,0.0028189007421381973,-0.2577035676300262,0.2633413691143026,0.041219542423006725,-0.24237506133955833,0.3248141461855718
0,SHUFFLED,ORIGINAL,loss_vs_linear,static_mh,-0.9787729543905113,0.39640111799894123,-1.310172582395034,-0.6473733263859885,8,,,,,,,,,,,,
0,SHUFFLED,ORIGINAL,loss_vs_linear,static_lti_mh,-0.9269437152452432,0.3572610433697454,-1.2256214219856099,-0.6282660085048765,8,,,,,,,,,,,,
0,SHUFFLED,ORIGINAL,loss_vs_linear,static,-0.8859104190880243,0.3424200243528916,-1.1721807234319968,-0.5996401147440518,8,,,,,,,,,,,,
0,SHUFFLED,ORIGINAL,loss_vs_linear,static_lti,-0.9243110607688927,0.3623729613879738,-1.2272624379221542,-0.6213596836156311,8,,,,,,,,,,,,
0,SHUFFLED,ORIGINAL,loss_vs_linear,linear,0.0,0.0,0.0,0.0,8,,,,,,,,,,,,
3,BLOCK_SHUFFLED_CYCLES,ORIGINAL,D_BLA,atomic,-0.07545983785822345,0.037046604744606075,-0.10643157450006066,-0.04448810121638625,8,-0.07899915158747925,-0.10723880613873718,-0.05075949703622132,-0.10234522045463865,-0.14460768290514714,-0.06008275800413015,-0.08632479465620402,-0.1216451072884935,-0.05100448202391454,-0.10049165802343708,-0.14114981691246883,-0.05983349913440533
3,BLOCK_SHUFFLED_CYCLES,ORIGINAL,D_BLA,static_mh,0.003539313729255797,0.02244655033554717,-0.01522647196967605,0.022305099428187643,8,,,,,,,,,,,,
3,BLOCK_SHUFFLED_CYCLES,ORIGINAL,D_BLA,static_lti_mh,0.026885382596415194,0.029281729544101638,0.0024052440760434016,0.05136552111678699,8,,,,,,,,,,,,
3,BLOCK_SHUFFLED_CYCLES,ORIGINAL,D_BLA,static,0.010864956797980566,0.025461998224066036,-0.01042180642383719,0.032151720019798324,8,,,,,,,,,,,,
3,BLOCK_SHUFFLED_CYCLES,ORIGINAL,D_BLA,static_lti,0.02503182016521363,0.025634450962814557,0.003600882845809769,0.04646275748461749,8,,,,,,,,,,,,
3,BLOCK_SHUFFLED_CYCLES,ORIGINAL,D_BLA,linear,-1.4617391006919385e-05,0.00013014413733039438,-0.0001234206126425794,9.418583062874061e-05,8,,,,,,,,,,,,
3,BLOCK_SHUFFLED_CYCLES,ORIGINAL,AIR,atomic,-0.062460463291557286,0.07167647614871331,-0.1223834969405746,-0.0025374296425399734,8,-0.1651124195271096,-0.3007065463561208,-0.02951829269809836,-0.18269624483883168,-0.3740443963256718,0.008651906648008467,-0.1964504597722679,-0.36223512421984905,-0.030665795324686745,-0.20471503996477242,-0.36018127647790465,-0.04924880345164015
3,BLOCK_SHUFFLED_CYCLES,ORIGINAL,AIR,static_mh,0.10265195623555229,0.14597801132045882,-0.019388715326250097,0.22469262779735466,8,,,,,,,,,,,,
3,BLOCK_SHUFFLED_CYCLES,ORIGINAL,AIR,static_lti_mh,0.12023578154727438,0.22355839622472073,-0.06666371490257678,0.30713527799712553,8,,,,,,,,,,,,
3,BLOCK_SHUFFLED_CYCLES,ORIGINAL,AIR,static,0.13398999648071064,0.16648385570047125,-0.005193989998465182,0.2731739829598865,8,,,,,,,,,,,,
3,BLOCK_SHUFFLED_CYCLES,ORIGINAL,AIR,static_lti,0.14225457667321512,0.16547909053427942,0.003910594894300401,0.28059855845212983,8,,,,,,,,,,,,
3,BLOCK_SHUFFLED_CYCLES,ORIGINAL,AIR,linear,-0.0005229380084241786,0.03753406458303355,-0.03190220127364098,0.030856325256792626,8,,,,,,,,,,,,
3,BLOCK_SHUFFLED_CYCLES,ORIGINAL,EVM,atomic,-0.039042412987060696,0.09392925020083472,-0.11756923130795027,0.03948440533382888,8,0.10566156159394434,-0.04961099323501382,0.2609341164229025,0.03308873376296939,-0.022199850480326168,0.08837731800626494,0.03677993337054489,-0.028803744786786517,0.10236361152787629,0.039669081315710536,-0.025680392194966206,0.10501855482638728
3,BLOCK_SHUFFLED_CYCLES,ORIGINAL,EVM,static_mh,-0.14470397458100503,0.24965705218147036,-0.35342249343711474,0.0640145442751047,8,,,,,,,,,,,,
3,BLOCK_SHUFFLED_CYCLES,ORIGINAL,EVM,static_lti_mh,-0.07213114675003009,0.12409674785092703,-0.17587862425961198,0.03161633075955181,8,,,,,,,,,,,,
3,BLOCK_SHUFFLED_CYCLES,ORIGINAL,EVM,static,-0.07582234635760558,0.11861255526636152,-0.17498492412824418,0.023340231413033027,8,,,,,,,,,,,,
3,BLOCK_SHUFFLED_CYCLES,ORIGINAL,EVM,static_lti,-0.07871149430277123,0.12435309558662408,-0.18267328388260826,0.025250295277065793,8,,,,,,,,,,,,
3,BLOCK_SHUFFLED_CYCLES,ORIGINAL,EVM,linear,0.0032457763897983643,0.01185223778116666,-0.00666294236338707,0.013154495142983799,8,,,,,,,,,,,,
3,BLOCK_SHUFFLED_CYCLES,ORIGINAL,SER,atomic,0.010377358490566053,0.029073051668450315,-0.013928320959879992,0.0346830379410121,8,0.012735849056603814,-0.01322113023736145,0.03869282835056908,0.016037735849056614,-0.011452210128868691,0.04352768182698192,0.012735849056603805,-0.015578962265013457,0.04105066037822107,0.020754716981132112,-0.00199484000223836,0.043504273964502585
3,BLOCK_SHUFFLED_CYCLES,ORIGINAL,SER,static_mh,-0.002358490566037762,0.014950459818752997,-0.014857387762499608,0.010140406630424082,8,,,,,,,,,,,,
3,BLOCK_SHUFFLED_CYCLES,ORIGINAL,SER,static_lti_mh,-0.005660377358490561,0.01651039658341085,-0.019463414326625735,0.008142659609644613,8,,,,,,,,,,,,
3,BLOCK_SHUFFLED_CYCLES,ORIGINAL,SER,static,-0.002358490566037749,0.013370196037990178,-0.01353625418008821,0.00881927304801271,8,,,,,,,,,,,,
3,BLOCK_SHUFFLED_CYCLES,ORIGINAL,SER,static_lti,-0.01037735849056606,0.015060609212613476,-0.022968342884800097,0.0022136259036679776,8,,,,,,,,,,,,
3,BLOCK_SHUFFLED_CYCLES,ORIGINAL,SER,linear,-0.0009433962264150998,0.006914153821229507,-0.006723773476328982,0.004836981023498782,8,,,,,,,,,,,,
3,BLOCK_SHUFFLED_CYCLES,ORIGINAL,loss_vs_linear,atomic,0.061937525283133094,0.0897589387120943,-0.013102825383456737,0.13697787594972294,8,0.16511241952710953,0.029518292698098414,0.30070654635612065,0.18269624483883168,-0.008651906648008384,0.37404439632567177,0.19645045977226783,0.030665795324686773,0.3622351242198489,0.2047150399647723,0.04924880345164018,0.36018127647790443
3,BLOCK_SHUFFLED_CYCLES,ORIGINAL,loss_vs_linear,static_mh,-0.10317489424397645,0.14183965885235694,-0.22175581656136772,0.015406028073414818,8,,,,,,,,,,,,
3,BLOCK_SHUFFLED_CYCLES,ORIGINAL,loss_vs_linear,static_lti_mh,-0.12075871955569858,0.21944996106016668,-0.30422347825282336,0.06270603914142617,8,,,,,,,,,,,,
3,BLOCK_SHUFFLED_CYCLES,ORIGINAL,loss_vs_linear,static,-0.1345129344891347,0.15278445561369705,-0.2622439358819914,-0.006781933096278003,8,,,,,,,,,,,,
3,BLOCK_SHUFFLED_CYCLES,ORIGINAL,loss_vs_linear,static_lti,-0.14277751468163918,0.15686805666191553,-0.27392249198639557,-0.011632537376882801,8,,,,,,,,,,,,
3,BLOCK_SHUFFLED_CYCLES,ORIGINAL,loss_vs_linear,linear,0.0,0.0,0.0,0.0,8,,,,,,,,,,,,
3,BLOCK_SHUFFLED_FIXED,ORIGINAL,D_BLA,atomic,-0.21739333435843172,0.03914273105977229,-0.25011747645412646,-0.18466919226273698,8,-0.7315013581616152,-0.9228382247316024,-0.540164491591628,-0.19300786796759184,-0.25084007926674673,-0.13517565666843692,-0.11779508520015344,-0.15785428462535844,-0.07773588577494846,-0.1727503995161509,-0.2183190080443607,-0.1271817909879411
3,BLOCK_SHUFFLED_FIXED,ORIGINAL,D_BLA,static_mh,0.5141080238031834,0.2142974948387832,0.33495083466512565,0.6932652129412412,8,,,,,,,,,,,,
3,BLOCK_SHUFFLED_FIXED,ORIGINAL,D_BLA,static_lti_mh,-0.02438546639083991,0.06434308264643,-0.078177629645405,0.029406696863725178,8,,,,,,,,,,,,
3,BLOCK_SHUFFLED_FIXED,ORIGINAL,D_BLA,static,-0.09959824915827828,0.05508810552716971,-0.14565305791193747,-0.05354344040461908,8,,,,,,,,,,,,
3,BLOCK_SHUFFLED_FIXED,ORIGINAL,D_BLA,static_lti,-0.04464293484228084,0.05940296344042213,-0.09430505508527859,0.0050191854007169134,8,,,,,,,,,,,,
3,BLOCK_SHUFFLED_FIXED,ORIGINAL,D_BLA,linear,0.0077325643736886945,0.0006730208038697583,0.00716990490096153,0.008295223846415858,8,,,,,,,,,,,,
3,BLOCK_SHUFFLED_FIXED,ORIGINAL,AIR,atomic,-0.19047742658640698,0.08999551164548773,-0.26571555717480505,-0.11523929599800892,8,0.1280933736374042,-0.14664696503681313,0.4028337123116215,-0.2006388043644553,-0.49120743762237,0.08992982889345941,-0.2660345842920585,-0.4782445590037463,-0.05382460958037069,-0.22119716815560309,-0.4455270203680338,0.0031326840568276226
3,BLOCK_SHUFFLED_FIXED,ORIGINAL,AIR,static_mh,-0.3185708002238111,0.2925740889866863,-0.5631688597434338,-0.0739727407041885,8,,,,,,,,,,,,
3,BLOCK_SHUFFLED_FIXED,ORIGINAL,AIR,static_lti_mh,0.01016137777804832,0.33765513596719665,-0.2721253801862529,0.2924481357423495,8,,,,,,,,,,,,
3,BLOCK_SHUFFLED_FIXED,ORIGINAL,AIR,static,0.07555715770565156,0.2510391827714753,-0.1343168512401267,0.28543116665142987,8,,,,,,,,,,,,
3,BLOCK_SHUFFLED_FIXED,ORIGINAL,AIR,static_lti,0.030719741569196116,0.2680202254716528,-0.19335077434501802,0.2547902574834103,8,,,,,,,,,,,,
3,BLOCK_SHUFFLED_FIXED,ORIGINAL,AIR,linear,-0.22991588695739476,0.06648704886206559,-0.28550045082349845,-0.17433132309129104,8,,,,,,,,,,,,
3,BLOCK_SHUFFLED_FIXED,ORIGINAL,EVM,atomic,-0.04537806593551902,0.11341121872239851,-0.14019221753496736,0.04943608566392933,8,-1.0224853515959356,-2.2345537428713937,0.18958303967952284,-0.2265527299589996,-0.479835282005765,0.026729822087765753,-0.1499434775772713,-0.3640418822633267,0.06415492710878404,-0.21466427483840683,-0.44474862618463185,0.015420076507818209
3,BLOCK_SHUFFLED_FIXED,ORIGINAL,EVM,static_mh,0.9771072856604166,1.5164126510156366,-0.29064541641262953,2.244859987733463,8,,,,,,,,,,,,
3,BLOCK_SHUFFLED_FIXED,ORIGINAL,EVM,static_lti_mh,0.1811746640234806,0.35257811301293773,-0.11358801496406007,0.47593734301102125,8,,,,,,,,,,,,
3,BLOCK_SHUFFLED_FIXED,ORIGINAL,EVM,static,0.10456541164175229,0.31381712071671825,-0.1577922668430208,0.36692309012652535,8,,,,,,,,,,,,
3,BLOCK_SHUFFLED_FIXED,ORIGINAL,EVM,static_lti,0.16928620890288784,0.32979941586289924,-0.10643300269975356,0.44500542050552927,8,,,,,,,,,,,,
3,BLOCK_SHUFFLED_FIXED,ORIGINAL,EVM,linear,0.12682558703076696,0.019873256420551873,0.1102111288822736,0.14344004517926032,8,,,,,,,,,,,,
3,BLOCK_SHUFFLED_FIXED,ORIGINAL,SER,atomic,0.10613207547169813,0.04416580025103212,0.06920854244131654,0.1430556085020797,8,0.06273584905660379,0.03865422371862151,0.08681747439458606,0.06320754716981133,0.03753629095836077,0.08887880338126189,0.10613207547169816,0.0662824231275128,0.14598172781588353,0.0787735849056604,0.047981118921345066,0.10956605088997573
3,BLOCK_SHUFFLED_FIXED,ORIGINAL,SER,static_mh,0.04339622641509434,0.035456784156130156,0.013753613046860666,0.07303883978332801,8,,,,,,,,,,,,
3,BLOCK_SHUFFLED_FIXED,ORIGINAL,SER,static_lti_mh,0.042924528301886804,0.047772430929288706,0.0029857765678911394,0.08286328003588248,8,,,,,,,,,,,,
3,BLOCK_SHUFFLED_FIXED,ORIGINAL,SER,static,-2.5587171270657905e-17,0.00879218675487874,-0.007350452073954289,0.007350452073954237,8,,,,,,,,,,,,
3,BLOCK_SHUFFLED_FIXED,ORIGINAL,SER,static_lti,0.02735849056603773,0.024929336128888112,0.006517043999947833,0.04819993713212763,8,,,,,,,,,,,,
3,BLOCK_SHUFFLED_FIXED,ORIGINAL,SER,linear,0.044339622641509424,0.008004982428526958,0.03764728985398268,0.05103195542903617,8,,,,,,,,,,,,
3,BLOCK_SHUFFLED_FIXED,ORIGINAL,loss_vs_linear,atomic,-0.039438460370987735,0.12174464970090797,-0.14121953461742714,0.06234261387545169,8,-0.12809337363740417,-0.4028337123116216,0.14664696503681326,0.20063880436445525,-0.08992982889345952,0.49120743762237,0.26603458429205856,0.05382460958037072,0.4782445590037464,0.22119716815560306,-0.0031326840568276504,0.44552702036803377
3,BLOCK_SHUFFLED_FIXED,ORIGINAL,loss_vs_linear,static_mh,0.08865491326641643,0.2700389309442181,-0.13710328265747068,0.3144131091903036,8,,,,,,,,,,,,
3,BLOCK_SHUFFLED_FIXED,ORIGINAL,loss_vs_linear,static_lti_mh,-0.240077264735443,0.2794440830783972,-0.47369836461461423,-0.00645616485627179,8,,,,,,,,,,,,
3,BLOCK_SHUFFLED_FIXED,ORIGINAL,loss_vs_linear,static,-0.3054730446630463,0.20745333393082965,-0.47890837209105475,-0.13203771723503788,8,,,,,,,,,,,,
3,BLOCK_SHUFFLED_FIXED,ORIGINAL,loss_vs_linear,static_lti,-0.2606356285265908,0.21896075151348762,-0.4436913978076309,-0.07757985924555066,8,,,,,,,,,,,,
3,BLOCK_SHUFFLED_FIXED,ORIGINAL,loss_vs_linear,linear,0.0,0.0,0.0,0.0,8,,,,,,,,,,,,
3,SHUFFLED,ORIGINAL,D_BLA,atomic,-0.6204154687558501,0.08813147835259445,-0.694095228512775,-0.5467357089989251,8,0.1153079333861276,0.03906233318372905,0.19155353358852617,0.07761566456340532,0.008925795603726694,0.14630553352308395,0.05433749976748148,-0.01171392093849355,0.1203889204734565,0.07107110166673451,0.004475661505058737,0.1376665418284103
3,SHUFFLED,ORIGINAL,D_BLA,static_mh,-0.7357234021419777,0.1710809111424455,-0.8787506231485358,-0.5926961811354197,8,,,,,,,,,,,,
3,SHUFFLED,ORIGINAL,D_BLA,static_lti_mh,-0.6980311333192555,0.1571591837553685,-0.8294194989649918,-0.5666427676735192,8,,,,,,,,,,,,
3,SHUFFLED,ORIGINAL,D_BLA,static,-0.6747529685233316,0.16054054902317588,-0.8089682262766269,-0.5405377107700362,8,,,,,,,,,,,,
3,SHUFFLED,ORIGINAL,D_BLA,static_lti,-0.6914865704225847,0.15529806994088366,-0.8213190059818776,-0.5616541348632917,8,,,,,,,,,,,,
3,SHUFFLED,ORIGINAL,D_BLA,linear,0.012338609459160519,0.0019519996929903847,0.010706696876805784,0.013970522041515254,8,,,,,,,,,,,,
3,SHUFFLED,ORIGINAL,AIR,atomic,1.14321644458338,0.07646889984411641,1.0792868444596917,1.207146044707068,8,-0.07658124852050016,-0.3126735896497673,0.15951109260876703,0.00566705340236795,-0.2293402554030615,0.2406743622077974,0.042421632674725346,-0.1731518825108331,0.25799514786028377,0.01784850557252518,-0.1937434486967824,0.22944045984183276
3,SHUFFLED,ORIGINAL,AIR,static_mh,1.21979769310388,0.27064488634406275,0.9935329057881483,1.4460624804196118,8,,,,,,,,,,,,
3,SHUFFLED,ORIGINAL,AIR,static_lti_mh,1.137549391181012,0.2567596823514701,0.9228929249041841,1.35220585745784,8,,,,,,,,,,,,
3,SHUFFLED,ORIGINAL,AIR,static,1.1007948119086546,0.22937124601363218,0.9090356514209825,1.2925539723963266,8,,,,,,,,,,,,
3,SHUFFLED,ORIGINAL,AIR,static_lti,1.1253679390108546,0.22936559970235598,0.9336134989575395,1.3171223790641697,8,,,,,,,,,,,,
3,SHUFFLED,ORIGINAL,AIR,linear,0.07456988534646067,0.02045736802864054,0.05746709767303841,0.09167267301988292,8,,,,,,,,,,,,
3,SHUFFLED,ORIGINAL,EVM,atomic,-0.6330922375527618,0.10535810756940552,-0.7211738197440984,-0.5450106553614251,8,0.05736329091793871,-0.07369617846747026,0.18842276030334768,0.11171244409280799,0.037042954158100994,0.186381934027515,0.13158373513550026,0.0700334422468825,0.193134028024118,0.1143700614624227,0.04296267408392257,0.18577744884092284
3,SHUFFLED,ORIGINAL,EVM,static_mh,-0.6904555284707006,0.2239248158091744,-0.8776613593592498,-0.5032496975821513,8,,,,,,,,,,,,
3,SHUFFLED,ORIGINAL,EVM,static_lti_mh,-0.7448046816455698,0.0809722213678064,-0.8124991527798883,-0.6771102105112513,8,,,,,,,,,,,,
3,SHUFFLED,ORIGINAL,EVM,static,-0.7646759726882622,0.07831517375675948,-0.8301490964299791,-0.6992028489465452,8,,,,,,,,,,,,
3,SHUFFLED,ORIGINAL,EVM,static_lti,-0.7474622990151845,0.07531207614185312,-0.8104247703211435,-0.6844998277092255,8,,,,,,,,,,,,
3,SHUFFLED,ORIGINAL,EVM,linear,0.03836331266897168,0.0138458845711033,0.026787863489059302,0.04993876184888406,8,,,,,,,,,,,,
3,SHUFFLED,ORIGINAL,SER,atomic,-0.1339622641509434,0.03258669813413998,-0.16120542555791628,-0.1067191027439705,8,-0.09952830188679246,-0.12774250507747187,-0.07131409869611305,-0.08301886792452835,-0.11814918863419036,-0.047888547214866344,-0.10424528301886796,-0.14005454959762423,-0.06843601644011169,-0.08113207547169815,-0.1146043604741725,-0.047659790469223806
3,SHUFFLED,ORIGINAL,SER,static_mh,-0.03443396226415092,0.014882270364933314,-0.04687585165058501,-0.021992072877716835,8,,,,,,,,,,,,
3,SHUFFLED,ORIGINAL,SER,static_lti_mh,-0.050943396226415034,0.013530889916993132,-0.062255503285289795,-0.03963128916754027,8,,,,,,,,,,,,
3,SHUFFLED,ORIGINAL,SER,static,-0.029716981132075437,0.012505402382384952,-0.04017175915714729,-0.019262203107003585,8,,,,,,,,,,,,
3,SHUFFLED,ORIGINAL,SER,static_lti,-0.05283018867924525,0.011047925354134356,-0.062066485415904905,-0.043593891942585596,8,,,,,,,,,,,,
3,SHUFFLED,ORIGINAL,SER,linear,-0.010377358490566,0.004396093377439404,-0.01405258452754316,-0.006702132453588841,8,,,,,,,,,,,,
3,SHUFFLED,ORIGINAL,loss_vs_linear,atomic,-1.0686465592369192,0.08022046857617399,-1.1357125493095395,-1.001580569164299,8,0.07658124852050033,-0.15951109260876686,0.31267358964976755,-0.005667053402367853,-0.2406743622077973,0.22934025540306158,-0.04242163267472532,-0.25799514786028377,0.1731518825108331,-0.017848505572525195,-0.2294404598418327,0.19374344869678228
3,SHUFFLED,ORIGINAL,loss_vs_linear,static_mh,-1.1452278077574194,0.25884705057828705,-1.3616293575430114,-0.9288262579718274,8,,,,,,,,,,,,
3,SHUFFLED,ORIGINAL,loss_vs_linear,static_lti_mh,-1.0629795058345513,0.2451597943299416,-1.2679382230368195,-0.858020788632283,8,,,,,,,,,,,,
3,SHUFFLED,ORIGINAL,loss_vs_linear,static,-1.0262249265621939,0.21768585757122796,-1.2082148578346459,-0.8442349952897419,8,,,,,,,,,,,,
3,SHUFFLED,ORIGINAL,loss_vs_linear,static_lti,-1.0507980536643942,0.2182343932917751,-1.2332465722754848,-0.8683495350533035,8,,,,,,,,,,,,
3,SHUFFLED,ORIGINAL,loss_vs_linear,linear,0.0,0.0,0.0,0.0,8,,,,,,,,,,,,
6,BLOCK_SHUFFLED_CYCLES,ORIGINAL,D_BLA,atomic,-0.12444355539061497,0.05757408428217596,-0.17257669439418638,-0.07631041638704356,8,-0.15725013753786177,-0.25607884538354575,-0.05842142969217781,-0.14857187499919566,-0.21009115514174398,-0.08705259485664735,-0.13402098932153717,-0.19424042521421775,-0.07380155342885657,-0.1509042621391485,-0.21804103728665075,-0.08376748699164625
6,BLOCK_SHUFFLED_CYCLES,ORIGINAL,D_BLA,static_mh,0.0328065821472468,0.1106898046343934,-0.059732410338211445,0.12534557463270504,8,,,,,,,,,,,,
6,BLOCK_SHUFFLED_CYCLES,ORIGINAL,D_BLA,static_lti_mh,0.02412831960858068,0.04552162096461454,-0.013928707904334751,0.062185347121496114,8,,,,,,,,,,,,
6,BLOCK_SHUFFLED_CYCLES,ORIGINAL,D_BLA,static,0.009577433930922183,0.045174223252212944,-0.028189161826299214,0.04734402968814358,8,,,,,,,,,,,,
6,BLOCK_SHUFFLED_CYCLES,ORIGINAL,D_BLA,static_lti,0.02646070674853354,0.044674615027272366,-0.010888206080019246,0.06380961957708634,8,,,,,,,,,,,,
6,BLOCK_SHUFFLED_CYCLES,ORIGINAL,D_BLA,linear,-1.4617391006925548e-05,0.00013014413733065009,-0.00012342061264279932,9.418583062894823e-05,8,,,,,,,,,,,,
6,BLOCK_SHUFFLED_CYCLES,ORIGINAL,AIR,atomic,-0.07373032575836704,0.10858341501695527,-0.16450833245454338,0.017047680937809326,8,-0.15335360824642538,-0.6038970332264506,0.2971898167335999,-0.06042734233925476,-0.1549130307805685,0.034058346102058976,-0.06367582853770203,-0.13954749270469408,0.012195835629290039,-0.06221523489125387,-0.13547034528205637,0.011039875499548615
6,BLOCK_SHUFFLED_CYCLES,ORIGINAL,AIR,static_mh,0.07962328248805836,0.5145949637626676,-0.35058887338281475,0.5098354383589315,8,,,,,,,,,,,,
6,BLOCK_SHUFFLED_CYCLES,ORIGINAL,AIR,static_lti_mh,-0.013302983419112277,0.1282013808088949,-0.12048201995716616,0.09387605311894161,8,,,,,,,,,,,,
6,BLOCK_SHUFFLED_CYCLES,ORIGINAL,AIR,static,-0.01005449722066501,0.04842831172586239,-0.050541579022691435,0.030432584581361416,8,,,,,,,,,,,,
6,BLOCK_SHUFFLED_CYCLES,ORIGINAL,AIR,static_lti,-0.011515090867113165,0.058941831935785075,-0.06079169552461174,0.03776151379038541,8,,,,,,,,,,,,
6,BLOCK_SHUFFLED_CYCLES,ORIGINAL,AIR,linear,-0.001480812720564717,0.03614614979894308,-0.031699750188842704,0.028738124747713274,8,,,,,,,,,,,,
6,BLOCK_SHUFFLED_CYCLES,ORIGINAL,EVM,atomic,-0.11607957424241395,0.10114569444924293,-0.2006394909347472,-0.031519657550080724,8,-0.10110878283922388,-0.30977281969534604,0.10755525401689826,-0.03827865624583861,-0.1695967460455789,0.09303943355390167,-0.03788897242935686,-0.15452658399525304,0.0787486391365393,-0.03702818047211068,-0.1540583146297699,0.08000195368554855
6,BLOCK_SHUFFLED_CYCLES,ORIGINAL,EVM,static_mh,-0.014970791403190076,0.28080135299574804,-0.2497265973295652,0.21978501452318505,8,,,,,,,,,,,,
6,BLOCK_SHUFFLED_CYCLES,ORIGINAL,EVM,static_lti_mh,-0.07780091799657535,0.20853438113981962,-0.2521400235085688,0.0965381875154181,8,,,,,,,,,,,,
6,BLOCK_SHUFFLED_CYCLES,ORIGINAL,EVM,static,-0.07819060181305709,0.18279038201556694,-0.23100718545075835,0.07462598182464417,8,,,,,,,,,,,,
6,BLOCK_SHUFFLED_CYCLES,ORIGINAL,EVM,static_lti,-0.07905139377030328,0.18509594733736248,-0.2337954782532095,0.07569269071260297,8,,,,,,,,,,,,
6,BLOCK_SHUFFLED_CYCLES,ORIGINAL,EVM,linear,0.0031909143406399568,0.01174075953228161,-0.00662460626417093,0.013006434945450843,8,,,,,,,,,,,,
6,BLOCK_SHUFFLED_CYCLES,ORIGINAL,SER,atomic,-0.0070754716981132094,0.06228252608056572,-0.05914496655341428,0.04499402315718787,8,0.04198113207547171,-0.05316374595335344,0.13712601010429687,0.015094339622641515,-0.04896322381296677,0.0791519030582498,-0.0018867924528301674,-0.05345037161362079,0.049676786707960455,0.008018867924528312,-0.047997006446263875,0.0640347422953205
6,BLOCK_SHUFFLED_CYCLES,ORIGINAL,SER,static_mh,-0.049056603773584916,0.10073220217463194,-0.1332708322734111,0.03515762472624128,8,,,,,,,,,,,,
6,BLOCK_SHUFFLED_CYCLES,ORIGINAL,SER,static_lti_mh,-0.022169811320754726,0.03401837234077581,-0.05060988231743279,0.006270259675923338,8,,,,,,,,,,,,
6,BLOCK_SHUFFLED_CYCLES,ORIGINAL,SER,static,-0.00518867924528304,0.007795770816161493,-0.011706106747824376,0.0013287482572582965,8,,,,,,,,,,,,
6,BLOCK_SHUFFLED_CYCLES,ORIGINAL,SER,static_lti,-0.015094339622641522,0.01651039658341083,-0.02889737659077668,-0.0012913026545063652,8,,,,,,,,,,,,
6,BLOCK_SHUFFLED_CYCLES,ORIGINAL,SER,linear,0.0004716981132075375,0.007664187174184894,-0.00593572271169713,0.006879118938112205,8,,,,,,,,,,,,
6,BLOCK_SHUFFLED_CYCLES,ORIGINAL,loss_vs_linear,atomic,0.07224951303780242,0.11040488374938272,-0.02005127962677765,0.1645503057023825,8,0.1533536082464254,-0.29718981673359984,0.6038970332264506,0.060427342339254675,-0.03405834610205917,0.1549130307805685,0.06367582853770186,-0.012195835629290289,0.13954749270469402,0.0622152348912538,-0.011039875499548574,0.13547034528205618
6,BLOCK_SHUFFLED_CYCLES,ORIGINAL,loss_vs_linear,static_mh,-0.081104095208623,0.5023265119494627,-0.5010595686876509,0.3388513782704049,8,,,,,,,,,,,,
6,BLOCK_SHUFFLED_CYCLES,ORIGINAL,loss_vs_linear,static_lti_mh,0.01182217069854774,0.12024571578796117,-0.08870576343652786,0.11235010483362334,8,,,,,,,,,,,,
6,BLOCK_SHUFFLED_CYCLES,ORIGINAL,loss_vs_linear,static,0.008573684500100556,0.06942068643629555,-0.04946346175453844,0.06661083075473956,8,,,,,,,,,,,,
6,BLOCK_SHUFFLED_CYCLES,ORIGINAL,loss_vs_linear,static_lti,0.010034278146548614,0.07472090876119779,-0.052433964860997516,0.07250252115409475,8,,,,,,,,,,,,
6,BLOCK_SHUFFLED_CYCLES,ORIGINAL,loss_vs_linear,linear,0.0,0.0,0.0,0.0,8,,,,,,,,,,,,
6,BLOCK_SHUFFLED_FIXED,ORIGINAL,D_BLA,atomic,-0.2530471777907557,0.059978123842672204,-0.30319014416332746,-0.20290421141818393,8,-2.127285792160669,-2.5790827426296166,-1.6754888416917217,-0.1387064897200889,-0.20336549587184044,-0.07404748356833733,-0.027180496570536547,-0.08521904724026386,0.030858054099190756,-0.09050536805074742,-0.1514063870121215,-0.02960434908937333
6,BLOCK_SHUFFLED_FIXED,ORIGINAL,D_BLA,static_mh,1.8742386143699132,0.5339283584345226,1.427863336067245,2.3206138926725814,8,,,,,,,,,,,,
6,BLOCK_SHUFFLED_FIXED,ORIGINAL,D_BLA,static_lti_mh,-0.11434068807066679,0.08396486594073665,-0.18453707267895658,-0.044144303462376994,8,,,,,,,,,,,,
6,BLOCK_SHUFFLED_FIXED,ORIGINAL,D_BLA,static,-0.22586668122021913,0.08737874805562239,-0.2989171427005309,-0.1528162197399074,8,,,,,,,,,,,,
6,BLOCK_SHUFFLED_FIXED,ORIGINAL,D_BLA,static_lti,-0.16254180974000826,0.08202366487273845,-0.23111530964236163,-0.09396830983765489,8,,,,,,,,,,,,
6,BLOCK_SHUFFLED_FIXED,ORIGINAL,D_BLA,linear,0.007732564373687866,0.000673020803867895,0.007169904900962259,0.008295223846413473,8,,,,,,,,,,,,
6,BLOCK_SHUFFLED_FIXED,ORIGINAL,AIR,atomic,-0.15819601562263402,0.058166543248898334,-0.20682446271759247,-0.10956756852767557,8,0.15538152726254414,-0.060530215618836564,0.3712932701439249,-0.0811172071293305,-0.25394450029023213,0.09171008603157114,-0.23699741050415052,-0.35365085661171686,-0.12034396439658418,-0.17656328955066697,-0.2857368865857118,-0.06738969251562217
6,BLOCK_SHUFFLED_FIXED,ORIGINAL,AIR,static_mh,-0.3135775428851782,0.264604276741799,-0.5347922541940201,-0.09236283157633626,8,,,,,,,,,,,,
6,BLOCK_SHUFFLED_FIXED,ORIGINAL,AIR,static_lti_mh,-0.07707880849330354,0.18080307759565659,-0.22823396405831253,0.07407634707170546,8,,,,,,,,,,,,
6,BLOCK_SHUFFLED_FIXED,ORIGINAL,AIR,static,0.07880139488151648,0.12155347616499682,-0.022819854289239286,0.18042264405227226,8,,,,,,,,,,,,
6,BLOCK_SHUFFLED_FIXED,ORIGINAL,AIR,static_lti,0.018367273928032946,0.11304799482814931,-0.07614321489658726,0.11287776275265315,8,,,,,,,,,,,,
6,BLOCK_SHUFFLED_FIXED,ORIGINAL,AIR,linear,-0.23308557373915917,0.0665594400516866,-0.2887306581543277,-0.17744048932399065,8,,,,,,,,,,,,
6,BLOCK_SHUFFLED_FIXED,ORIGINAL,EVM,atomic,-0.02545178618184675,0.24757247208349947,-0.23242755246323993,0.18152398009954646,8,-2.115678272862337,-4.319962000182125,0.08860545445745105,-0.19695869316588988,-0.4150009958837405,0.02108360955196073,-0.1087028978828843,-0.30767554073229325,0.09026974496652464,-0.17297735436075917,-0.38576863264985944,0.0398139239283411
6,BLOCK_SHUFFLED_FIXED,ORIGINAL,EVM,static_mh,2.0902264866804905,2.7277982050763816,-0.19026988274733814,4.370722856108319,8,,,,,,,,,,,,
6,BLOCK_SHUFFLED_FIXED,ORIGINAL,EVM,static_lti_mh,0.17150690698404314,0.3561985615346523,-0.12628254271333422,0.4692963566814205,8,,,,,,,,,,,,
6,BLOCK_SHUFFLED_FIXED,ORIGINAL,EVM,static,0.08325111170103755,0.36074183701254675,-0.21833661134858684,0.38483883475066194,8,,,,,,,,,,,,
6,BLOCK_SHUFFLED_FIXED,ORIGINAL,EVM,static_lti,0.1475255681789124,0.37471594299068767,-0.1657447998295086,0.4607959361873334,8,,,,,,,,,,,,
6,BLOCK_SHUFFLED_FIXED,ORIGINAL,EVM,linear,0.1281201353616449,0.020112001510111797,0.1113060813233431,0.1449341893999467,8,,,,,,,,,,,,
6,BLOCK_SHUFFLED_FIXED,ORIGINAL,SER,atomic,0.08018867924528303,0.08540434563277453,0.008788859498188473,0.15158849899237758,8,-0.21037735849056602,-0.4379026133094208,0.017147896328288753,0.003773584905660394,-0.06664876131079422,0.074195931122115,0.09245283018867931,0.01800652140006978,0.16689913897728884,0.054245283018867954,-0.014500267389356614,0.12299083342709252
6,BLOCK_SHUFFLED_FIXED,ORIGINAL,SER,static_mh,0.2905660377358491,0.33685001810848963,0.008952375145804714,0.5721797003258935,8,,,,,,,,,,,,
6,BLOCK_SHUFFLED_FIXED,ORIGINAL,SER,static_lti_mh,0.07641509433962264,0.13038970377772724,-0.032593425983657914,0.1854236146629032,8,,,,,,,,,,,,
6,BLOCK_SHUFFLED_FIXED,ORIGINAL,SER,static,-0.012264150943396253,0.015978167477389685,-0.025622233243797456,0.0010939313570049493,8,,,,,,,,,,,,
6,BLOCK_SHUFFLED_FIXED,ORIGINAL,SER,static_lti,0.02594339622641509,0.04583835132860961,-0.012378424497315611,0.06426521695014578,8,,,,,,,,,,,,
6,BLOCK_SHUFFLED_FIXED,ORIGINAL,SER,linear,0.04433962264150941,0.008255198291705413,0.03743810415744183,0.05124114112557699,8,,,,,,,,,,,,
6,BLOCK_SHUFFLED_FIXED,ORIGINAL,loss_vs_linear,atomic,-0.07488955811652499,0.08012172682178699,-0.1418729980166393,-0.007906118216410685,8,-0.15538152726254406,-0.3712932701439249,0.06053021561883673,0.08111720712933052,-0.09171008603157121,0.25394450029023224,0.23699741050415052,0.1203439643965841,0.3536508566117169,0.17656328955066702,0.0673896925156222,0.28573688658571184
6,BLOCK_SHUFFLED_FIXED,ORIGINAL,loss_vs_linear,static_mh,0.08049196914601908,0.23481206924691483,-0.1158158333955662,0.2767997716876044,8,,,,,,,,,,,,
6,BLOCK_SHUFFLED_FIXED,ORIGINAL,loss_vs_linear,static_lti_mh,-0.1560067652458555,0.16283119123569909,-0.2921370478127884,-0.019876482678922613,8,,,,,,,,,,,,
6,BLOCK_SHUFFLED_FIXED,ORIGINAL,loss_vs_linear,static,-0.3118869686206755,0.13849382427302276,-0.42767070322943124,-0.19610323401191976,8,,,,,,,,,,,,
6,BLOCK_SHUFFLED_FIXED,ORIGINAL,loss_vs_linear,static_lti,-0.251452847667192,0.1339208272792341,-0.36341346111459066,-0.13949223421979334,8,,,,,,,,,,,,
6,BLOCK_SHUFFLED_FIXED,ORIGINAL,loss_vs_linear,linear,0.0,0.0,0.0,0.0,8,,,,,,,,,,,,
6,SHUFFLED,ORIGINAL,D_BLA,atomic,-0.630876381944883,0.15624563612064427,-0.7615010026550846,-0.5002517612346815,8,0.6727022275406342,0.5594564957544647,0.7859479593268038,0.5335316635553011,0.43905570376561354,0.6280076233449887,0.47739190659947994,0.39907615559431725,0.5557076576046427,0.509122534929094,0.41911101393785827,0.5991340559203296
6,SHUFFLED,ORIGINAL,D_BLA,static_mh,-1.3035786094855175,0.2287927720028095,-1.4948541535975226,-1.1123030653735124,8,,,,,,,,,,,,
6,SHUFFLED,ORIGINAL,D_BLA,static_lti_mh,-1.1644080455001844,0.18521166094871264,-1.3192488689830968,-1.009567222017272,8,,,,,,,,,,,,
6,SHUFFLED,ORIGINAL,D_BLA,static,-1.108268288544363,0.18447647420153845,-1.2624944805253329,-0.9540420965633933,8,,,,,,,,,,,,
6,SHUFFLED,ORIGINAL,D_BLA,static_lti,-1.139998916873977,0.17197001253429942,-1.283769445245575,-0.996228388502379,8,,,,,,,,,,,,
6,SHUFFLED,ORIGINAL,D_BLA,linear,0.01233860945916039,0.0019519996929902275,0.010706696876805788,0.013970522041514994,8,,,,,,,,,,,,
6,SHUFFLED,ORIGINAL,AIR,atomic,1.1481623824571796,0.08683673619413494,1.0755650542328428,1.2207597106815165,8,-0.1806110418376615,-0.4783938638602,0.11717178018487703,-0.04105961835640748,-0.14717542601783312,0.06505618930501816,-0.0018604481427734743,-0.06117619350948033,0.05745529722393338,-0.04304017502267515,-0.10023964000847138,0.014159289963121068
6,SHUFFLED,ORIGINAL,AIR,static_mh,1.328773424294841,0.3223728070004087,1.0592630130780023,1.5982838355116797,8,,,,,,,,,,,,
6,SHUFFLED,ORIGINAL,AIR,static_lti_mh,1.189222000813587,0.11933281665111518,1.0894572694562523,1.2889867321709216,8,,,,,,,,,,,,
6,SHUFFLED,ORIGINAL,AIR,static,1.150022830599953,0.07667186702729319,1.0859235456647247,1.2141221155351811,8,,,,,,,,,,,,
6,SHUFFLED,ORIGINAL,AIR,static_lti,1.1912025574798546,0.07955169538039138,1.1246956757907338,1.2577094391689754,8,,,,,,,,,,,,
6,SHUFFLED,ORIGINAL,AIR,linear,0.06900357258722159,0.020067817836931987,0.05222645702409255,0.08578068815035063,8,,,,,,,,,,,,
6,SHUFFLED,ORIGINAL,EVM,atomic,-0.5838585972623114,0.14656515253165017,-0.7063901311606208,-0.461327063364002,8,0.20623659696408186,0.07563007771022145,0.3368431162179423,0.39622250848104107,0.31781531073737895,0.4746297062247032,0.42124667027683027,0.3693453431174055,0.473147997436255,0.4154109606765159,0.3637395399245727,0.4670823814284591
6,SHUFFLED,ORIGINAL,EVM,static_mh,-0.7900951942263932,0.17242027567570176,-0.9342421520044422,-0.6459482364483442,8,,,,,,,,,,,,
6,SHUFFLED,ORIGINAL,EVM,static_lti_mh,-0.9800811057433523,0.16878780997725504,-1.1211912462003977,-0.838970965286307,8,,,,,,,,,,,,
6,SHUFFLED,ORIGINAL,EVM,static,-1.0051052675391414,0.13113615995702488,-1.1147378408453945,-0.8954726942328882,8,,,,,,,,,,,,
6,SHUFFLED,ORIGINAL,EVM,static_lti,-0.9992695579388271,0.141612865351375,-1.117660876144508,-0.8808782397331464,8,,,,,,,,,,,,
6,SHUFFLED,ORIGINAL,EVM,linear,0.03769175929334334,0.013909790721245905,0.026062883234890935,0.04932063535179575,8,,,,,,,,,,,,
6,SHUFFLED,ORIGINAL,SER,atomic,-0.19622641509433963,0.04528301886792452,-0.2340839662624775,-0.15836886392620178,8,-0.12264150943396226,-0.18266559564815535,-0.06261742321976918,-0.09103773584905664,-0.13180450432992086,-0.05027096736819242,-0.13301886792452833,-0.17577105062855483,-0.09026668522050182,-0.09528301886792456,-0.13361643224120012,-0.05694960549464901
6,SHUFFLED,ORIGINAL,SER,static_mh,-0.07358490566037736,0.08230519018867584,-0.1423937666168228,-0.00477604470393192,8,,,,,,,,,,,,
6,SHUFFLED,ORIGINAL,SER,static_lti_mh,-0.10518867924528297,0.018202553677504823,-0.12040639494676483,-0.0899709635438011,8,,,,,,,,,,,,
6,SHUFFLED,ORIGINAL,SER,static,-0.06320754716981128,0.015195081605881818,-0.07591095329819927,-0.05050414104142329,8,,,,,,,,,,,,
6,SHUFFLED,ORIGINAL,SER,static_lti,-0.10094339622641507,0.012556134446201751,-0.11144058731823522,-0.09044620513459492,8,,,,,,,,,,,,
6,SHUFFLED,ORIGINAL,SER,linear,-0.008018867924528262,0.005500898014005012,-0.01261773375198778,-0.0034200020970687446,8,,,,,,,,,,,,
6,SHUFFLED,ORIGINAL,loss_vs_linear,atomic,-1.0791588098699578,0.08699189494730186,-1.151885854058116,-1.0064317656817996,8,0.18061104183766155,-0.11717178018487703,0.4783938638602001,0.04105961835640745,-0.06505618930501814,0.14717542601783304,0.0018604481427734604,-0.05745529722393341,0.06117619350948033,0.04304017502267514,-0.014159289963121144,0.10023964000847142
6,SHUFFLED,ORIGINAL,loss_vs_linear,static_mh,-1.2597698517076192,0.31040444539464435,-1.5192744622244092,-1.0002652411908293,8,,,,,,,,,,,,
6,SHUFFLED,ORIGINAL,loss_vs_linear,static_lti_mh,-1.1202184282263654,0.11410521711366622,-1.215612777000491,-1.0248240794522399,8,,,,,,,,,,,,
6,SHUFFLED,ORIGINAL,loss_vs_linear,static,-1.0810192580127311,0.07996295560952509,-1.147869961857642,-1.0141685541678203,8,,,,,,,,,,,,
6,SHUFFLED,ORIGINAL,loss_vs_linear,static_lti,-1.1221989848926328,0.08285208944607186,-1.1914650650702852,-1.0529329047149805,8,,,,,,,,,,,,
6,SHUFFLED,ORIGINAL,loss_vs_linear,linear,0.0,0.0,0.0,0.0,8,,,,,,,,,,,,
