modulation,seed,Pavg_stage05_coord_dB,Pavg_over_P1dB_converged_dB,model,Nd_full,AIR,EVM,AIR_stage05_archived
CE,20262002,-6,-4.4317266736766685,atomic,4001,0.8092019703290801,0.6604117619237762,0.7970777411137973
CE,20262002,-6,-4.4317266736766685,static,4001,0.9902130664611751,0.547512186622287,0.989378322868796
CE,20262002,-6,-4.4317266736766685,static_lti,4001,0.6807282554235364,0.763886251357146,0.678187591849547
CE,20262002,-6,-4.4317266736766685,static_mh,4001,0.989258439676478,0.549715260670564,
CE,20262002,-6,-4.4317266736766685,static_lti_mh,4001,0.6725078344588065,0.7694854437972807,
CE,20262002,3,4.5682733263233315,atomic,4001,-0.1883130813219412,1.0398772161061516,-0.22497227512390788
CE,20262002,3,4.5682733263233315,static,4001,0.9937092789594486,0.5461757950348327,0.9937010190060139
CE,20262002,3,4.5682733263233315,static_lti,4001,0.6988997231472032,0.7634967478026028,0.6951693068946349
CE,20262002,3,4.5682733263233315,static_mh,4001,0.989194385681262,0.5510819512366026,
CE,20262002,3,4.5682733263233315,static_lti_mh,4001,0.6710914136490046,0.7704068700531537,
CE,20262102,-6,-4.4317266736766685,atomic,4001,0.8376820611098464,0.8219503489707577,0.8243185565677477
CE,20262102,-6,-4.4317266736766685,static,4001,0.9788692407422667,0.6551047819754564,0.9772721274478742
CE,20262102,-6,-4.4317266736766685,static_lti,4001,0.7206663885569843,0.9398879503599532,0.7117576644500273
CE,20262102,-6,-4.4317266736766685,static_mh,4001,0.9783773900286602,0.6575873751052785,
CE,20262102,-6,-4.4317266736766685,static_lti_mh,4001,0.7190503202024113,0.9405814996197397,
CE,20262102,3,4.5682733263233315,atomic,4001,0.4829617441200447,0.9524886507321041,0.503373785558543
CE,20262102,3,4.5682733263233315,static,4001,0.9848366640083988,0.6522208797102297,0.9847368476111705
CE,20262102,3,4.5682733263233315,static_lti,4001,0.7396463134143402,0.9282180449397999,0.7325178245085293
CE,20262102,3,4.5682733263233315,static_mh,4001,0.9788821048199995,0.6583834752400554,
CE,20262102,3,4.5682733263233315,static_lti_mh,4001,0.7242973389335813,0.9358264766346354,
CE,20262202,-6,-4.4317266736766685,atomic,4001,0.8395199491998976,0.7505808810630844,0.8225521158037964
CE,20262202,-6,-4.4317266736766685,static,4001,0.9888090973254806,0.5845402894683132,0.9880771121462045
CE,20262202,-6,-4.4317266736766685,static_lti,4001,0.6746401970057813,0.8171075771756773,0.6458705137736309
CE,20262202,-6,-4.4317266736766685,static_mh,4001,0.9897603208205089,0.5814676540464232,
CE,20262202,-6,-4.4317266736766685,static_lti_mh,4001,0.6893060467991732,0.8108554585952138,
CE,20262202,3,4.5682733263233315,atomic,4001,0.3418864701435169,1.155008034885335,0.43071530613855435
CE,20262202,3,4.5682733263233315,static,4001,0.9926210084941355,0.5748756797640283,0.9926515461989839
CE,20262202,3,4.5682733263233315,static_lti,4001,0.7036993468772531,0.8058986643466753,0.672693405479386
CE,20262202,3,4.5682733263233315,static_mh,4001,0.9904406246590968,0.5780564657328502,
CE,20262202,3,4.5682733263233315,static_lti_mh,4001,0.6968126595596178,0.8080362733717097,
CE,20262302,-6,-4.4317266736766685,atomic,4001,0.8001870752605567,0.7712184410599643,0.756259004226258
CE,20262302,-6,-4.4317266736766685,static,4001,0.9776896698130702,0.6241596762245578,0.9762379793632266
CE,20262302,-6,-4.4317266736766685,static_lti,4001,0.6891779661195548,0.907925581689205,0.6573652621630147
CE,20262302,-6,-4.4317266736766685,static_mh,4001,0.9761645209078135,0.6269744749679843,
CE,20262302,-6,-4.4317266736766685,static_lti_mh,4001,0.6796433296621917,0.9114404929459955,
CE,20262302,3,4.5682733263233315,atomic,4001,0.35699960110817136,1.0891277193228746,0.35396177900029074
CE,20262302,3,4.5682733263233315,static,4001,0.9813528354158136,0.625649794137489,0.9811694505596422
CE,20262302,3,4.5682733263233315,static_lti,4001,0.6842185229346556,0.9128195109521755,0.652329879433552
CE,20262302,3,4.5682733263233315,static_mh,4001,0.9758666838350443,0.6313903865818042,
CE,20262302,3,4.5682733263233315,static_lti_mh,4001,0.6667579321964089,0.9179319664633266,
CE,20262402,-6,-4.4317266736766685,atomic,4001,0.8265737741003283,0.7438486460369917,0.8343037390931923
CE,20262402,-6,-4.4317266736766685,static,4001,0.9862127954448395,0.575771922441983,0.9853430046809287
CE,20262402,-6,-4.4317266736766685,static_lti,4001,0.6453389167993948,0.8264359577292605,0.6586419978444983
CE,20262402,-6,-4.4317266736766685,static_mh,4001,0.986570563173953,0.574131655125269,
CE,20262402,-6,-4.4317266736766685,static_lti_mh,4001,0.6501232482782662,0.825065108463416,
CE,20262402,3,4.5682733263233315,atomic,4001,-0.068679594164817,1.2860468899538187,-0.10656483004851156
CE,20262402,3,4.5682733263233315,static,4001,0.9897046107148348,0.5734111428059259,0.9896703978412277
CE,20262402,3,4.5682733263233315,static_lti,4001,0.6595924586815427,0.8236759037994671,0.6695386995081494
CE,20262402,3,4.5682733263233315,static_mh,4001,0.9876068211655122,0.5759130100158751,
CE,20262402,3,4.5682733263233315,static_lti_mh,4001,0.662337503805782,0.823190095329368,
CE,20262502,-6,-4.4317266736766685,atomic,4001,0.8087893448971936,0.7133017676058618,0.7725241028609151
CE,20262502,-6,-4.4317266736766685,static,4001,0.9894473713065336,0.5540444452674722,0.9886284944237971
CE,20262502,-6,-4.4317266736766685,static_lti,4001,0.6654926675534013,0.7868465505176422,0.6365993020111573
CE,20262502,-6,-4.4317266736766685,static_mh,4001,0.9883082312250691,0.5556219072524837,
CE,20262502,-6,-4.4317266736766685,static_lti_mh,4001,0.6496529542620997,0.7922151126945979,
CE,20262502,3,4.5682733263233315,atomic,4001,0.2666057984905262,0.9620640333106368,0.2391243239418665
CE,20262502,3,4.5682733263233315,static,4001,0.9930273205720498,0.5517463398503233,0.9930090498201676
CE,20262502,3,4.5682733263233315,static_lti,4001,0.6881696405683385,0.7822080033812457,0.6635354637228698
CE,20262502,3,4.5682733263233315,static_mh,4001,0.9874502991695473,0.5648024991653954,
CE,20262502,3,4.5682733263233315,static_lti_mh,4001,0.6466838431197917,0.7968681117594196,
CE,20262602,-6,-4.4317266736766685,atomic,4001,0.7941707205246405,0.8452089613264396,0.7750828044919303
CE,20262602,-6,-4.4317266736766685,static,4001,0.9804740764052983,0.6463023315085419,0.9792781444527573
CE,20262602,-6,-4.4317266736766685,static_lti,4001,0.6729666247629212,0.9445423437504296,0.6496756554079153
CE,20262602,-6,-4.4317266736766685,static_mh,4001,0.9802541560291728,0.6477929871430904,
CE,20262602,-6,-4.4317266736766685,static_lti_mh,4001,0.6632770115811669,0.9522510525390833,
CE,20262602,3,4.5682733263233315,atomic,4001,-0.7262890707600922,1.4798336894268154,-0.2137996498541695
CE,20262602,3,4.5682733263233315,static,4001,0.9852013768752363,0.642728686245798,0.9852263341050509
CE,20262602,3,4.5682733263233315,static_lti,4001,0.6839403030761578,0.9387811827004701,0.6588457948647913
CE,20262602,3,4.5682733263233315,static_mh,4001,0.9808747612656081,0.6478663417170912,
CE,20262602,3,4.5682733263233315,static_lti_mh,4001,0.6725782914055154,0.9439039546666158,
CE,20262702,-6,-4.4317266736766685,atomic,4001,0.8432970163489725,0.6628340330699787,0.8010377098375167
CE,20262702,-6,-4.4317266736766685,static,4001,0.989833682056718,0.5555622568661405,0.988816047293564
CE,20262702,-6,-4.4317266736766685,static_lti,4001,0.7237516335962368,0.7573219333978288,0.7004327476561686
CE,20262702,-6,-4.4317266736766685,static_mh,4001,0.9892503638262585,0.5544536542736902,
CE,20262702,-6,-4.4317266736766685,static_lti_mh,4001,0.7243597668844138,0.7557704938573586,
CE,20262702,3,4.5682733263233315,atomic,4001,-0.1926427551118709,1.0691895309147932,-0.24305864174959954
CE,20262702,3,4.5682733263233315,static,4001,0.9944651144609137,0.5495515005886351,0.9945084178602256
CE,20262702,3,4.5682733263233315,static_lti,4001,0.7552554202540962,0.7526864328086884,0.7311516134091975
CE,20262702,3,4.5682733263233315,static_mh,4001,0.9899745862787531,0.5568941714998707,
CE,20262702,3,4.5682733263233315,static_lti_mh,4001,0.7279848054537384,0.7554659763262402,
QPSK,20262003,-6,-4.4317266736766685,atomic,4001,1.9166934375117155,0.4676804332276132,1.903754876934656
QPSK,20262003,-6,-4.4317266736766685,static,4001,2.0,0.14341821360320312,2.0
QPSK,20262003,-6,-4.4317266736766685,static_lti,4001,1.9343187203178238,0.45900147327324786,1.9282816695010476
QPSK,20262003,-6,-4.4317266736766685,static_mh,4001,1.999999731349255,0.24456628870318775,
QPSK,20262003,-6,-4.4317266736766685,static_lti_mh,4001,1.9362418953540503,0.45906657875536794,
QPSK,20262003,3,4.5682733263233315,atomic,4001,1.294659771013197,0.733871688681811,1.2746182019326682
QPSK,20262003,3,4.5682733263233315,static,4001,1.9999999999995868,0.1737629081798205,1.9999999999998779
QPSK,20262003,3,4.5682733263233315,static_lti,4001,1.938026260835492,0.45645737544913095,1.9293381437867134
QPSK,20262003,3,4.5682733263233315,static_mh,4001,1.603495215412449,0.648853619810683,
QPSK,20262003,3,4.5682733263233315,static_lti_mh,4001,1.9264075662181024,0.4608769529568653,
QPSK,20262103,-6,-4.4317266736766685,atomic,4001,1.9279934502908485,0.4608121982539187,1.9078272046453082
QPSK,20262103,-6,-4.4317266736766685,static,4001,2.0,0.14640696880200182,2.0
QPSK,20262103,-6,-4.4317266736766685,static_lti,4001,1.9400920726672937,0.4501524751093095,1.921922767674931
QPSK,20262103,-6,-4.4317266736766685,static_mh,4001,1.9999998294664736,0.25390094396511925,
QPSK,20262103,-6,-4.4317266736766685,static_lti_mh,4001,1.9390419699891588,0.45086524591314403,
QPSK,20262103,3,4.5682733263233315,atomic,4001,1.3162466446332624,0.7697296928619684,1.2886674218858873
QPSK,20262103,3,4.5682733263233315,static,4001,1.9999999999999565,0.18357888217195018,1.9999999999999896
QPSK,20262103,3,4.5682733263233315,static_lti,4001,1.9310269377112421,0.45532304075322727,1.9179495462803182
QPSK,20262103,3,4.5682733263233315,static_mh,4001,1.4400797517130572,0.6458123523895988,
QPSK,20262103,3,4.5682733263233315,static_lti_mh,4001,1.9168157244790096,0.4625399038699344,
QPSK,20262203,-6,-4.4317266736766685,atomic,4001,1.9194556764306903,0.4484401385713388,1.9290815100636372
QPSK,20262203,-6,-4.4317266736766685,static,4001,2.0,0.14983561251105584,2.0
QPSK,20262203,-6,-4.4317266736766685,static_lti,4001,1.9528462615074689,0.435348114349427,1.9571646403822671
QPSK,20262203,-6,-4.4317266736766685,static_mh,4001,1.9999956591543375,0.24988189284842235,
QPSK,20262203,-6,-4.4317266736766685,static_lti_mh,4001,1.9515753843478532,0.43563072119728236,
QPSK,20262203,3,4.5682733263233315,atomic,4001,1.336549217825072,0.7769846186580205,1.3302889622759513
QPSK,20262203,3,4.5682733263233315,static,4001,1.9999999999999776,0.18437083544470165,1.9999999999999947
QPSK,20262203,3,4.5682733263233315,static_lti,4001,1.9454725211425254,0.4368399103795056,1.9484996875690581
QPSK,20262203,3,4.5682733263233315,static_mh,4001,1.5669148234915249,0.6320082391345712,
QPSK,20262203,3,4.5682733263233315,static_lti_mh,4001,1.94187516825681,0.44196343763986407,
QPSK,20262303,-6,-4.4317266736766685,atomic,4001,1.928947230237739,0.4717619861879333,1.9176650605202339
QPSK,20262303,-6,-4.4317266736766685,static,4001,2.0,0.14296965038884243,2.0
QPSK,20262303,-6,-4.4317266736766685,static_lti,4001,1.9507040674761642,0.450591077151555,1.9412024544123583
QPSK,20262303,-6,-4.4317266736766685,static_mh,4001,1.9999989233728581,0.24198352229992864,
QPSK,20262303,-6,-4.4317266736766685,static_lti_mh,4001,1.9471679667985586,0.45234331592593946,
QPSK,20262303,3,4.5682733263233315,atomic,4001,1.4170912772544402,0.7959230261981796,1.4005160532105407
QPSK,20262303,3,4.5682733263233315,static,4001,1.9999999999999065,0.17089834082903996,1.9999999999999893
QPSK,20262303,3,4.5682733263233315,static_lti,4001,1.9441295739648519,0.4526081033605469,1.9367155452990483
QPSK,20262303,3,4.5682733263233315,static_mh,4001,1.5412473813158767,0.6292428851603838,
QPSK,20262303,3,4.5682733263233315,static_lti_mh,4001,1.9470511184985404,0.4562849487323633,
QPSK,20262403,-6,-4.4317266736766685,atomic,4001,1.901960156027911,0.4600585468198983,1.8858271327753664
QPSK,20262403,-6,-4.4317266736766685,static,4001,2.0,0.15219363456863097,2.0
QPSK,20262403,-6,-4.4317266736766685,static_lti,4001,1.9295447604619327,0.4530650447475829,1.9193066486402952
QPSK,20262403,-6,-4.4317266736766685,static_mh,4001,1.99999850724192,0.2586944125702815,
QPSK,20262403,-6,-4.4317266736766685,static_lti_mh,4001,1.927472202744801,0.4528427763250253,
QPSK,20262403,3,4.5682733263233315,atomic,4001,1.2904434727026954,0.8217141922614584,1.2741331737512687
QPSK,20262403,3,4.5682733263233315,static,4001,1.9999999999922424,0.18607749607507998,1.999999999998902
QPSK,20262403,3,4.5682733263233315,static_lti,4001,1.9271201395164745,0.4468410621887265,1.9160517480138772
QPSK,20262403,3,4.5682733263233315,static_mh,4001,1.4379573656431244,0.7226914842380879,
QPSK,20262403,3,4.5682733263233315,static_lti_mh,4001,1.924755720114747,0.45216585643990825,
QPSK,20262503,-6,-4.4317266736766685,atomic,4001,1.9326091686093136,0.4527109263822465,1.9235061237175684
QPSK,20262503,-6,-4.4317266736766685,static,4001,2.0,0.14911053512451664,2.0
QPSK,20262503,-6,-4.4317266736766685,static_lti,4001,1.9495005598076065,0.44133132482786963,1.941938359428194
QPSK,20262503,-6,-4.4317266736766685,static_mh,4001,1.999999512716835,0.2657177712576465,
QPSK,20262503,-6,-4.4317266736766685,static_lti_mh,4001,1.949063082329827,0.4404399673144289,
QPSK,20262503,3,4.5682733263233315,atomic,4001,1.281076202862658,0.7154958579008601,1.2520057483831368
QPSK,20262503,3,4.5682733263233315,static,4001,1.999999999999987,0.18151114189332787,1.9999999999999973
QPSK,20262503,3,4.5682733263233315,static_lti,4001,1.9400766896850357,0.4445686537608621,1.9310580295627144
QPSK,20262503,3,4.5682733263233315,static_mh,4001,1.4941963787444859,0.6189027835937767,
QPSK,20262503,3,4.5682733263233315,static_lti_mh,4001,1.9326497366291653,0.45236394060856205,
QPSK,20262603,-6,-4.4317266736766685,atomic,4001,1.9118750397813395,0.4592454749939535,1.8933440232542975
QPSK,20262603,-6,-4.4317266736766685,static,4001,2.0,0.14998851073853972,2.0
QPSK,20262603,-6,-4.4317266736766685,static_lti,4001,1.9302968780680163,0.44437943411851105,1.9105469196048601
QPSK,20262603,-6,-4.4317266736766685,static_mh,4001,1.9999991434957143,0.25705428715729195,
QPSK,20262603,-6,-4.4317266736766685,static_lti_mh,4001,1.9326469609577683,0.44473708628759784,
QPSK,20262603,3,4.5682733263233315,atomic,4001,1.2893838856061879,0.7803748756253004,1.2707003719596992
QPSK,20262603,3,4.5682733263233315,static,4001,1.9999999999999538,0.1806958484561981,1.9999999999999876
QPSK,20262603,3,4.5682733263233315,static_lti,4001,1.932871334626163,0.4397921113224926,1.915930445576445
QPSK,20262603,3,4.5682733263233315,static_mh,4001,1.581095899343875,0.632714804924645,
QPSK,20262603,3,4.5682733263233315,static_lti_mh,4001,1.9249890706942465,0.4422926186968553,
QPSK,20262703,-6,-4.4317266736766685,atomic,4001,1.9280528204287473,0.46132684513293837,1.90954117736464
QPSK,20262703,-6,-4.4317266736766685,static,4001,2.0,0.14758711450123316,2.0
QPSK,20262703,-6,-4.4317266736766685,static_lti,4001,1.9431478607323254,0.4453673823620148,1.928710135249365
QPSK,20262703,-6,-4.4317266736766685,static_mh,4001,1.9999999673133506,0.2508802379159845,
QPSK,20262703,-6,-4.4317266736766685,static_lti_mh,4001,1.9403850345268123,0.4458532753851467,
QPSK,20262703,3,4.5682733263233315,atomic,4001,1.150335318613727,0.7768670002199916,1.124754620514418
QPSK,20262703,3,4.5682733263233315,static,4001,1.9999999999983316,0.17644475657481726,1.9999999999995473
QPSK,20262703,3,4.5682733263233315,static_lti,4001,1.9317168871761417,0.43882115251309123,1.914990548012085
QPSK,20262703,3,4.5682733263233315,static_mh,4001,1.5290759766099855,0.6419206621747896,
QPSK,20262703,3,4.5682733263233315,static_lti_mh,4001,1.9319718002932464,0.4432646364661473,
16QAM,20262004,-6,-4.4317266736766685,atomic,4001,2.235555762280936,0.4752671632549965,2.2313355471957945
16QAM,20262004,-6,-4.4317266736766685,static,4001,3.998097260453358,0.14859771382685033,3.9974753144285713
16QAM,20262004,-6,-4.4317266736766685,static_lti,4001,2.317596305553692,0.46657831237182146,2.307386224228494
16QAM,20262004,-6,-4.4317266736766685,static_mh,4001,3.4864173444262314,0.2548514259410756,
16QAM,20262004,-6,-4.4317266736766685,static_lti_mh,4001,2.3108767393272136,0.46775871091458693,
16QAM,20262004,3,4.5682733263233315,atomic,4001,1.2462727830228728,0.7302979992285565,1.2444717241638246
16QAM,20262004,3,4.5682733263233315,static,4001,3.5690066179694386,0.24926534933928346,3.6225380651224652
16QAM,20262004,3,4.5682733263233315,static_lti,4001,2.0921556533029126,0.5245023355064844,2.1192414907034074
16QAM,20262004,3,4.5682733263233315,static_mh,4001,1.5167957721996623,0.8342086443124698,
16QAM,20262004,3,4.5682733263233315,static_lti_mh,4001,2.086599161286941,0.5281184954567367,
16QAM,20262104,-6,-4.4317266736766685,atomic,4001,2.328866927872139,0.481044598737068,2.2999222572919846
16QAM,20262104,-6,-4.4317266736766685,static,4001,3.9978533986177127,0.1484780040786131,3.996886085336977
16QAM,20262104,-6,-4.4317266736766685,static_lti,4001,2.3925848000467935,0.4682520792477788,2.364635940152623
16QAM,20262104,-6,-4.4317266736766685,static_mh,4001,3.5302469380789385,0.2550658924591393,
16QAM,20262104,-6,-4.4317266736766685,static_lti_mh,4001,2.3901115190659894,0.46921888955030716,
16QAM,20262104,3,4.5682733263233315,atomic,4001,1.3544995160010829,0.8381318066268569,1.3232391679585636
16QAM,20262104,3,4.5682733263233315,static,4001,3.6114460579654044,0.24400725331527967,3.661569969968127
16QAM,20262104,3,4.5682733263233315,static_lti,4001,2.205496396508176,0.5250686204726157,2.2017989974145196
16QAM,20262104,3,4.5682733263233315,static_mh,4001,1.5001396169346455,0.770941305588479,
16QAM,20262104,3,4.5682733263233315,static_lti_mh,4001,2.1827175925235327,0.5294966334056266,
16QAM,20262204,-6,-4.4317266736766685,atomic,4001,2.246836802923389,0.46376068116731245,2.217273365360545
16QAM,20262204,-6,-4.4317266736766685,static,4001,3.9985941793061115,0.14923113349669817,3.9982347861787866
16QAM,20262204,-6,-4.4317266736766685,static_lti,4001,2.3209882377743174,0.450799472172104,2.299074491565869
16QAM,20262204,-6,-4.4317266736766685,static_mh,4001,3.404763290451936,0.27773427840195586,
16QAM,20262204,-6,-4.4317266736766685,static_lti_mh,4001,2.323367657063303,0.4493767318322912,
16QAM,20262204,3,4.5682733263233315,atomic,4001,1.0987984249217735,0.8519255077113906,1.0914114304545586
16QAM,20262204,3,4.5682733263233315,static,4001,3.6052989864389375,0.2466128421976434,3.6572042067261563
16QAM,20262204,3,4.5682733263233315,static_lti,4001,2.124363475596542,0.5071868871378382,2.130150597017233
16QAM,20262204,3,4.5682733263233315,static_mh,4001,1.3570253837205637,0.7841067667474214,
16QAM,20262204,3,4.5682733263233315,static_lti_mh,4001,2.0909605708106622,0.5206091761286584,
16QAM,20262304,-6,-4.4317266736766685,atomic,4001,2.3516712594536617,0.4412784706228547,2.33194204636389
16QAM,20262304,-6,-4.4317266736766685,static,4001,3.997975716079191,0.1438587178692256,3.9974746591786467
16QAM,20262304,-6,-4.4317266736766685,static_lti,4001,2.4246577010040626,0.42936485500240745,2.4123690601343584
16QAM,20262304,-6,-4.4317266736766685,static_mh,4001,3.483351120976811,0.2563540457586776,
16QAM,20262304,-6,-4.4317266736766685,static_lti_mh,4001,2.4263189128537226,0.42804653099629697,
16QAM,20262304,3,4.5682733263233315,atomic,4001,1.145743114651461,0.7719330421364227,1.1239577091368502
16QAM,20262304,3,4.5682733263233315,static,4001,3.406131456476507,0.2637163547137985,3.4650773660331797
16QAM,20262304,3,4.5682733263233315,static_lti,4001,2.1416721688439666,0.4769513139873262,2.179044917958225
16QAM,20262304,3,4.5682733263233315,static_mh,4001,1.5238654132655454,0.6971691041263031,
16QAM,20262304,3,4.5682733263233315,static_lti_mh,4001,2.1170312913860014,0.4868408762801961,
16QAM,20262404,-6,-4.4317266736766685,atomic,4001,2.3234449997133098,0.46540238126651096,2.3033401176447543
16QAM,20262404,-6,-4.4317266736766685,static,4001,3.992931507851081,0.1513187221158815,3.991685717543647
16QAM,20262404,-6,-4.4317266736766685,static_lti,4001,2.38090397815686,0.4521605594536022,2.36164285841779
16QAM,20262404,-6,-4.4317266736766685,static_mh,4001,3.545076227040928,0.26021662977122767,
16QAM,20262404,-6,-4.4317266736766685,static_lti_mh,4001,2.3752767786754743,0.45452677926589924,
16QAM,20262404,3,4.5682733263233315,atomic,4001,1.3948532882400777,0.7160512341774907,1.390156751521786
16QAM,20262404,3,4.5682733263233315,static,4001,3.5283120844526707,0.2434145804210003,3.568507253521192
16QAM,20262404,3,4.5682733263233315,static_lti,4001,2.2066225445219256,0.4839358460549416,2.2188505048031892
16QAM,20262404,3,4.5682733263233315,static_mh,4001,1.2920256001605934,0.8082896260632968,
16QAM,20262404,3,4.5682733263233315,static_lti_mh,4001,2.2093778475536765,0.48205739713604684,
16QAM,20262504,-6,-4.4317266736766685,atomic,4001,2.3798138416190873,0.449361972722859,2.355842048447639
16QAM,20262504,-6,-4.4317266736766685,static,4001,3.995246509001829,0.1482764410859706,3.9932255306950637
16QAM,20262504,-6,-4.4317266736766685,static_lti,4001,2.450488235786038,0.4324517909326103,2.428473787115841
16QAM,20262504,-6,-4.4317266736766685,static_mh,4001,3.54648363938871,0.2497328601593471,
16QAM,20262504,-6,-4.4317266736766685,static_lti_mh,4001,2.448251598802073,0.4329057610770066,
16QAM,20262504,3,4.5682733263233315,atomic,4001,1.279472245850309,0.7772612730493899,1.2731770620752645
16QAM,20262504,3,4.5682733263233315,static,4001,3.5656659404404296,0.2534348959211587,3.6264558086913814
16QAM,20262504,3,4.5682733263233315,static_lti,4001,2.225220385399719,0.4821806280594005,2.243485106199195
16QAM,20262504,3,4.5682733263233315,static_mh,4001,1.4267700084475854,0.8258912551019746,
16QAM,20262504,3,4.5682733263233315,static_lti_mh,4001,2.2019405408575228,0.4867294147635494,
16QAM,20262604,-6,-4.4317266736766685,atomic,4001,2.3388769654715413,0.47155569025145905,2.315733711635161
16QAM,20262604,-6,-4.4317266736766685,static,4001,3.992839741675834,0.15550325277602683,3.9922436610846654
16QAM,20262604,-6,-4.4317266736766685,static_lti,4001,2.3852694899127003,0.4570759149359387,2.36035704692651
16QAM,20262604,-6,-4.4317266736766685,static_mh,4001,3.329030068066598,0.280024886973006,
16QAM,20262604,-6,-4.4317266736766685,static_lti_mh,4001,2.3854521884421027,0.45693148156164437,
16QAM,20262604,3,4.5682733263233315,atomic,4001,1.286613759202762,0.8547618584813912,1.2606087802272845
16QAM,20262604,3,4.5682733263233315,static,4001,3.4927974532821846,0.2583516783316817,3.551353933942355
16QAM,20262604,3,4.5682733263233315,static_lti,4001,2.1348335055549255,0.5004082493091051,2.132972155413638
16QAM,20262604,3,4.5682733263233315,static_mh,4001,1.2705720144245833,0.8137021554022978,
16QAM,20262604,3,4.5682733263233315,static_lti_mh,4001,2.0983367422085237,0.5089033578582496,
16QAM,20262704,-6,-4.4317266736766685,atomic,4001,2.3581142962735684,0.4780430338318083,2.3099192617564634
16QAM,20262704,-6,-4.4317266736766685,static,4001,3.9944517252437928,0.14603913003765523,3.994377917203632
16QAM,20262704,-6,-4.4317266736766685,static_lti,4001,2.396782612723454,0.4701113252834856,2.3567928931820132
16QAM,20262704,-6,-4.4317266736766685,static_mh,4001,3.465187226953275,0.26318218349628664,
16QAM,20262704,-6,-4.4317266736766685,static_lti_mh,4001,2.393710603205805,0.4696528101110795,
16QAM,20262704,3,4.5682733263233315,atomic,4001,1.3900122632397711,0.8383366249037063,1.3601422107619814
16QAM,20262704,3,4.5682733263233315,static,4001,3.548662154205657,0.25340499763463126,3.603675743060509
16QAM,20262704,3,4.5682733263233315,static_lti,4001,2.1633363469551745,0.531029739070463,2.1613217522341586
16QAM,20262704,3,4.5682733263233315,static_mh,4001,1.4417520167897084,0.7919616305856177,
16QAM,20262704,3,4.5682733263233315,static_lti_mh,4001,2.1449983847820726,0.5406438644968147,
OFDM,20262005,-6,-4.4317266736766685,atomic,4001,2.0,0.1415918579281596,2.0
OFDM,20262005,-6,-4.4317266736766685,static,4001,2.0,0.11301979501327733,2.0
OFDM,20262005,-6,-4.4317266736766685,static_lti,4001,2.0,0.12359582832024958,2.0
OFDM,20262005,-6,-4.4317266736766685,static_mh,4001,1.9817949998027096,0.322056038633975,
OFDM,20262005,-6,-4.4317266736766685,static_lti_mh,4001,2.0,0.12489852927623499,
OFDM,20262005,3,4.5682733263233315,atomic,4001,1.6106986327916335,0.49897780937261016,1.637681537782199
OFDM,20262005,3,4.5682733263233315,static,4001,1.9240912779834793,0.46634780922921687,1.9448868507547712
OFDM,20262005,3,4.5682733263233315,static_lti,4001,1.9137020462752075,0.4808770148896835,1.9326881083296104
OFDM,20262005,3,4.5682733263233315,static_mh,4001,0.7475479930920585,1.2936561889825509,
OFDM,20262005,3,4.5682733263233315,static_lti_mh,4001,1.8955160179792976,0.511557451643534,
OFDM,20262105,-6,-4.4317266736766685,atomic,4001,2.0,0.1529636067493503,2.0
OFDM,20262105,-6,-4.4317266736766685,static,4001,2.0,0.11848006680206104,2.0
OFDM,20262105,-6,-4.4317266736766685,static_lti,4001,2.0,0.12783286211626826,2.0
OFDM,20262105,-6,-4.4317266736766685,static_mh,4001,1.9439302145582056,0.296026672840252,
OFDM,20262105,-6,-4.4317266736766685,static_lti_mh,4001,2.0,0.1299408740165608,
OFDM,20262105,3,4.5682733263233315,atomic,4001,1.8170532424629786,0.47880570132112127,1.758833025646866
OFDM,20262105,3,4.5682733263233315,static,4001,1.8798208024739536,0.47625915759649384,1.9024595821165866
OFDM,20262105,3,4.5682733263233315,static_lti,4001,1.8870085649414792,0.4729321649808716,1.9079483056328126
OFDM,20262105,3,4.5682733263233315,static_mh,4001,0.6525537267880966,1.3577879057488567,
OFDM,20262105,3,4.5682733263233315,static_lti_mh,4001,1.8533524298065802,0.500062193516838,
OFDM,20262205,-6,-4.4317266736766685,atomic,4001,2.0,0.14936714891595554,2.0
OFDM,20262205,-6,-4.4317266736766685,static,4001,2.0,0.10795237912683046,2.0
OFDM,20262205,-6,-4.4317266736766685,static_lti,4001,2.0,0.12349847617529136,2.0
OFDM,20262205,-6,-4.4317266736766685,static_mh,4001,1.9446660853293278,0.29983254956683597,
OFDM,20262205,-6,-4.4317266736766685,static_lti_mh,4001,2.0,0.12570547849916286,
OFDM,20262205,3,4.5682733263233315,atomic,4001,1.7547268356164978,0.454503834724262,1.731263599566661
OFDM,20262205,3,4.5682733263233315,static,4001,1.9054271729668133,0.4370214389497063,1.9285655605575123
OFDM,20262205,3,4.5682733263233315,static_lti,4001,1.9203858700443441,0.4330811337332548,1.947082767103767
OFDM,20262205,3,4.5682733263233315,static_mh,4001,0.4869629601496105,1.5705920157148523,
OFDM,20262205,3,4.5682733263233315,static_lti_mh,4001,1.8883688869016686,0.46690153255418027,
OFDM,20262305,-6,-4.4317266736766685,atomic,4001,2.0,0.1461196676007055,2.0
OFDM,20262305,-6,-4.4317266736766685,static,4001,2.0,0.10710716397519586,2.0
OFDM,20262305,-6,-4.4317266736766685,static_lti,4001,2.0,0.12437448655192951,2.0
OFDM,20262305,-6,-4.4317266736766685,static_mh,4001,1.97429640606403,0.3007675209940649,
OFDM,20262305,-6,-4.4317266736766685,static_lti_mh,4001,2.0,0.12906548354417038,
OFDM,20262305,3,4.5682733263233315,atomic,4001,1.812551149541706,0.5083756744550177,1.771318271245947
OFDM,20262305,3,4.5682733263233315,static,4001,1.9279939225685503,0.4633909865674188,1.9440588373149192
OFDM,20262305,3,4.5682733263233315,static_lti,4001,1.9336541865527352,0.4639017953803728,1.9521255323932445
OFDM,20262305,3,4.5682733263233315,static_mh,4001,0.2249659114590755,2.352234989554214,
OFDM,20262305,3,4.5682733263233315,static_lti_mh,4001,1.9242428482095748,0.49068594026651746,
OFDM,20262405,-6,-4.4317266736766685,atomic,4001,2.0,0.1603271557191891,2.0
OFDM,20262405,-6,-4.4317266736766685,static,4001,2.0,0.10616694235889626,2.0
OFDM,20262405,-6,-4.4317266736766685,static_lti,4001,2.0,0.11742211735542321,2.0
OFDM,20262405,-6,-4.4317266736766685,static_mh,4001,1.9823914592720788,0.30548415946305213,
OFDM,20262405,-6,-4.4317266736766685,static_lti_mh,4001,2.0,0.1201389420186342,
OFDM,20262405,3,4.5682733263233315,atomic,4001,1.8130475191029156,0.458431757995919,1.857621129307771
OFDM,20262405,3,4.5682733263233315,static,4001,1.9387801549384602,0.44079585160804896,1.9529226439418639
OFDM,20262405,3,4.5682733263233315,static_lti,4001,1.93853892271902,0.44121039631721576,1.9550863812045078
OFDM,20262405,3,4.5682733263233315,static_mh,4001,0.43249346683336,2.0553696637715246,
OFDM,20262405,3,4.5682733263233315,static_lti_mh,4001,1.8952665538552322,0.48887618625034646,
OFDM,20262505,-6,-4.4317266736766685,atomic,4001,2.0,0.13107503750559996,2.0
OFDM,20262505,-6,-4.4317266736766685,static,4001,2.0,0.10167038627280493,2.0
OFDM,20262505,-6,-4.4317266736766685,static_lti,4001,2.0,0.11275945988516668,2.0
OFDM,20262505,-6,-4.4317266736766685,static_mh,4001,1.9348664776578417,0.30388931637328165,
OFDM,20262505,-6,-4.4317266736766685,static_lti_mh,4001,2.0,0.11750892227465083,
OFDM,20262505,3,4.5682733263233315,atomic,4001,1.669101786554501,0.4869072702421143,1.6296952528933188
OFDM,20262505,3,4.5682733263233315,static,4001,1.93530156306127,0.43072746670155504,1.9563129775826633
OFDM,20262505,3,4.5682733263233315,static_lti,4001,1.9366383577304491,0.43296235330184235,1.959910317297974
OFDM,20262505,3,4.5682733263233315,static_mh,4001,0.2998048221164543,2.351694974491121,
OFDM,20262505,3,4.5682733263233315,static_lti_mh,4001,1.9280094242582002,0.44557462356348554,
OFDM,20262605,-6,-4.4317266736766685,atomic,4001,2.0,0.14153379483213746,2.0
OFDM,20262605,-6,-4.4317266736766685,static,4001,2.0,0.10599024741382461,2.0
OFDM,20262605,-6,-4.4317266736766685,static_lti,4001,2.0,0.11629204868318586,2.0
OFDM,20262605,-6,-4.4317266736766685,static_mh,4001,1.9208709228779253,0.3177268445175377,
OFDM,20262605,-6,-4.4317266736766685,static_lti_mh,4001,2.0,0.11845893693382882,
OFDM,20262605,3,4.5682733263233315,atomic,4001,1.8792129978082204,0.44202698700092063,1.8626517265921587
OFDM,20262605,3,4.5682733263233315,static,4001,1.9254187465126211,0.4452263673080714,1.9455378306008242
OFDM,20262605,3,4.5682733263233315,static_lti,4001,1.9280960357451333,0.4554076132769587,1.9573590352224979
OFDM,20262605,3,4.5682733263233315,static_mh,4001,0.7727077055516134,1.2571198670245494,
OFDM,20262605,3,4.5682733263233315,static_lti_mh,4001,1.9014956920694237,0.49114546957187394,
OFDM,20262705,-6,-4.4317266736766685,atomic,4001,2.0,0.14608660380235275,2.0
OFDM,20262705,-6,-4.4317266736766685,static,4001,2.0,0.11012341489057235,2.0
OFDM,20262705,-6,-4.4317266736766685,static_lti,4001,2.0,0.1168343395081748,2.0
OFDM,20262705,-6,-4.4317266736766685,static_mh,4001,1.903864831839477,0.3227780439688376,
OFDM,20262705,-6,-4.4317266736766685,static_lti_mh,4001,2.0,0.12080436986574741,
OFDM,20262705,3,4.5682733263233315,atomic,4001,1.7758188910631783,0.4978212782527697,1.7009269408496026
OFDM,20262705,3,4.5682733263233315,static,4001,1.930536371543771,0.4483658037667329,1.9456876132752747
OFDM,20262705,3,4.5682733263233315,static_lti,4001,1.9403838836832452,0.4480405609882156,1.9603082742021203
OFDM,20262705,3,4.5682733263233315,static_mh,4001,0.718486343220564,1.2423579434909624,
OFDM,20262705,3,4.5682733263233315,static_lti_mh,4001,1.9082583047255586,0.4713486621861965,
