Pavg_over_P1dB_dB,variant,xi,model,mean,ci_lo,ci_hi,n,carrier,metric
3,xi_0.05,0.05,atomic,0.32266236408180426,0.31540455520689203,0.3299201729567165,4,qpsk,D_BLA
3,xi_0.05,0.05,dsh_tau1.940us,0.023449123983575976,0.023017273371392845,0.023880974595759108,4,qpsk,D_BLA
3,xi_0.05,0.05,dsh_tau2.535us,0.023257105492306848,0.02283009782268147,0.023684113161932228,4,qpsk,D_BLA
3,xi_0.05,0.05,dsh_tau4.000us,0.023033435498636026,0.022616953931821678,0.023449917065450375,4,qpsk,D_BLA
3,xi_0.05,0.05,linear,0.009804290553950925,0.009751226373679289,0.009857354734222562,4,qpsk,D_BLA
3,xi_0.05,0.05,static,0.03770634274486628,0.03736864602741103,0.03804403946232152,4,qpsk,D_BLA
3,xi_0.05,0.05,static_lti,0.045166344910094955,0.044662432191208565,0.045670257628981345,4,qpsk,D_BLA
3,xi_0.05,0.05,static_lti_mh,0.07084309628979445,0.06959188169951444,0.07209431088007445,4,qpsk,D_BLA
3,xi_0.05,0.05,static_mh,1.6024669944541523,1.5592707004092277,1.645663288499077,4,qpsk,D_BLA
3,xi_0.05,0.05,full_minus_static_mh,-1.279804630372348,-1.3275132403329473,-1.2320960204117488,4,qpsk,D_BLA
3,xi_0.05,0.05,full_minus_static_lti_mh,0.2518192677920098,0.24532844097299947,0.2583100946110201,4,qpsk,D_BLA
3,xi_0.05,0.05,full_minus_dsh_tau2.535us,0.2994052585894974,0.2923501763590233,0.30646034081997153,4,qpsk,D_BLA
3,xi_1,1.0,atomic,0.5571941687174986,0.5187515729545533,0.5956367644804439,4,qpsk,D_BLA
3,xi_1,1.0,dsh_tau1.940us,0.0496480649579776,0.04888287377585713,0.05041325614009807,4,qpsk,D_BLA
3,xi_1,1.0,dsh_tau2.535us,0.03927516771221093,0.03825163970923442,0.04029869571518744,4,qpsk,D_BLA
3,xi_1,1.0,dsh_tau4.000us,0.02678552004414265,0.025299145060233424,0.02827189502805188,4,qpsk,D_BLA
3,xi_1,1.0,linear,0.0045860548928058995,0.004470817960570153,0.004701291825041646,4,qpsk,D_BLA
3,xi_1,1.0,static,0.16142493516291964,0.1605867814041541,0.16226308892168517,4,qpsk,D_BLA
3,xi_1,1.0,static_lti,0.16222786807351736,0.16171082301305909,0.16274491313397563,4,qpsk,D_BLA
3,xi_1,1.0,static_lti_mh,0.16421146577319035,0.16374247310113077,0.16468045844524992,4,qpsk,D_BLA
3,xi_1,1.0,static_mh,0.24212774444598645,0.23792703886828168,0.24632845002369122,4,qpsk,D_BLA
3,xi_1,1.0,full_minus_static_mh,0.3150664242715122,0.27657597501268694,0.3535568735303375,4,qpsk,D_BLA
3,xi_1,1.0,full_minus_static_lti_mh,0.39298270294430826,0.3545848436125758,0.4313805622760407,4,qpsk,D_BLA
3,xi_1,1.0,full_minus_dsh_tau2.535us,0.5179190010052876,0.4785123362427665,0.5573256657678088,4,qpsk,D_BLA
3,xi_16,16.0,atomic,0.7669810863930108,0.7494911205554425,0.784471052230579,4,qpsk,D_BLA
3,xi_16,16.0,dsh_tau1.940us,0.16460351137580614,0.16411936499601976,0.16508765775559253,4,qpsk,D_BLA
3,xi_16,16.0,dsh_tau2.535us,0.16036926790658065,0.16006650746566545,0.16067202834749586,4,qpsk,D_BLA
3,xi_16,16.0,dsh_tau4.000us,0.15007123835874134,0.14983951063197032,0.15030296608551236,4,qpsk,D_BLA
3,xi_16,16.0,linear,0.0034630242067503004,0.0034095751125716002,0.0035164733009290005,4,qpsk,D_BLA
3,xi_16,16.0,static,0.16724883378918193,0.16714828985205893,0.16734937772630493,4,qpsk,D_BLA
3,xi_16,16.0,static_lti,0.16327230269625453,0.16279905733104816,0.1637455480614609,4,qpsk,D_BLA
3,xi_16,16.0,static_lti_mh,0.16505313811192757,0.16462088606986058,0.16548539015399455,4,qpsk,D_BLA
3,xi_16,16.0,static_mh,0.19232994809929727,0.1915390339687484,0.19312086222984612,4,qpsk,D_BLA
3,xi_16,16.0,full_minus_static_mh,0.5746511382937135,0.556471244284297,0.5928310323031301,4,qpsk,D_BLA
3,xi_16,16.0,full_minus_static_lti_mh,0.6019279482810832,0.584495910379268,0.6193599861828984,4,qpsk,D_BLA
3,xi_16,16.0,full_minus_dsh_tau2.535us,0.6066118184864301,0.58907412077166,0.6241495162012002,4,qpsk,D_BLA
3,xi_32,32.0,atomic,0.7595045955449553,0.7324722817060152,0.7865369093838954,4,qpsk,D_BLA
3,xi_32,32.0,dsh_tau1.940us,0.17164648542822475,0.17107620396889103,0.17221676688755846,4,qpsk,D_BLA
3,xi_32,32.0,dsh_tau2.535us,0.16956027429643614,0.16907211060114896,0.1700484379917233,4,qpsk,D_BLA
3,xi_32,32.0,dsh_tau4.000us,0.16442797694100855,0.16417267865033175,0.16468327523168536,4,qpsk,D_BLA
3,xi_32,32.0,linear,0.00342584311750655,0.003393924468163539,0.003457761766849561,4,qpsk,D_BLA
3,xi_32,32.0,static,0.16731074081175176,0.16699386021473403,0.1676276214087695,4,qpsk,D_BLA
3,xi_32,32.0,static_lti,0.1631700310671328,0.16271446576654874,0.16362559636771684,4,qpsk,D_BLA
3,xi_32,32.0,static_lti_mh,0.16498350415147345,0.16458964794482664,0.16537736035812026,4,qpsk,D_BLA
3,xi_32,32.0,static_mh,0.1906283515249857,0.1898665280889757,0.1913901749609957,4,qpsk,D_BLA
3,xi_32,32.0,full_minus_static_mh,0.5688762440199696,0.5423770805389001,0.5953754075010391,4,qpsk,D_BLA
3,xi_32,32.0,full_minus_static_lti_mh,0.594521091393482,0.5678317537620958,0.6212104290248681,4,qpsk,D_BLA
3,xi_32,32.0,full_minus_dsh_tau2.535us,0.5899443212485191,0.5628757840941451,0.6170128584028932,4,qpsk,D_BLA
3,xi_4,4.0,atomic,0.6862707277321463,0.6488798335766924,0.7236616218876001,4,qpsk,D_BLA
3,xi_4,4.0,dsh_tau1.940us,0.12619267072000262,0.12538559534943672,0.12699974609056852,4,qpsk,D_BLA
3,xi_4,4.0,dsh_tau2.535us,0.11207279819762556,0.11106349837294881,0.1130820980223023,4,qpsk,D_BLA
3,xi_4,4.0,dsh_tau4.000us,0.08465312893212158,0.08291576025779913,0.08639049760644403,4,qpsk,D_BLA
3,xi_4,4.0,linear,0.003707378341926625,0.0036749167900856188,0.003739839893767631,4,qpsk,D_BLA
3,xi_4,4.0,static,0.1665100352712729,0.16627087687127826,0.16674919367126753,4,qpsk,D_BLA
3,xi_4,4.0,static_lti,0.16388509254766734,0.1633914758475243,0.16437870924781037,4,qpsk,D_BLA
3,xi_4,4.0,static_lti_mh,0.1654638657903493,0.16496451056793318,0.16596322101276542,4,qpsk,D_BLA
3,xi_4,4.0,static_mh,0.20242349971432674,0.20167206440570748,0.203174935022946,4,qpsk,D_BLA
3,xi_4,4.0,full_minus_static_mh,0.4838472280178196,0.44716437101172324,0.520530085023916,4,qpsk,D_BLA
3,xi_4,4.0,full_minus_static_lti_mh,0.520806861941797,0.48336813153360214,0.5582455923499919,4,qpsk,D_BLA
3,xi_4,4.0,full_minus_dsh_tau2.535us,0.5741979295345208,0.5377974685233904,0.6105983905456511,4,qpsk,D_BLA
3,xi_8,8.0,atomic,0.7406207266511818,0.712486564039475,0.7687548892628887,4,qpsk,D_BLA
3,xi_8,8.0,dsh_tau1.940us,0.15214123452882305,0.15092826498447776,0.15335420407316835,4,qpsk,D_BLA
3,xi_8,8.0,dsh_tau2.535us,0.1443924505453709,0.14276040736123577,0.14602449372950602,4,qpsk,D_BLA
3,xi_8,8.0,dsh_tau4.000us,0.12620106646734489,0.12357067022333519,0.12883146271135457,4,qpsk,D_BLA
3,xi_8,8.0,linear,0.0035562930678063997,0.003502532168856588,0.0036100539667562113,4,qpsk,D_BLA
3,xi_8,8.0,static,0.16690663895408422,0.1665191856425354,0.16729409226563305,4,qpsk,D_BLA
3,xi_8,8.0,static_lti,0.16331548241025234,0.16316850653342882,0.16346245828707587,4,qpsk,D_BLA
3,xi_8,8.0,static_lti_mh,0.1650405660615428,0.1646918625572188,0.1653892695658668,4,qpsk,D_BLA
3,xi_8,8.0,static_mh,0.19578028220158758,0.19539360074964426,0.1961669636535309,4,qpsk,D_BLA
3,xi_8,8.0,full_minus_static_mh,0.5448404444495942,0.5166046585780149,0.5730762303211736,4,qpsk,D_BLA
3,xi_8,8.0,full_minus_static_lti_mh,0.5755801605896389,0.5475408769539315,0.6036194442253463,4,qpsk,D_BLA
3,xi_8,8.0,full_minus_dsh_tau2.535us,0.596228276105811,0.5681660851120445,0.6242904670995775,4,qpsk,D_BLA
3,xi_0.05,0.05,atomic,0.08036941043969137,0.07906266861115953,0.08167615226822321,4,qpsk,D_ref_linear
3,xi_0.05,0.05,linear,0.009804290553950925,0.009751226373679289,0.009857354734222562,4,qpsk,D_ref_linear
3,xi_0.05,0.05,static,0.01119071478903445,0.011124799466672542,0.011256630111396358,4,qpsk,D_ref_linear
3,xi_0.05,0.05,static_lti,0.01419081990359425,0.014042868395597475,0.014338771411591025,4,qpsk,D_ref_linear
3,xi_0.05,0.05,static_lti_mh,0.022244375358754353,0.02188106183856362,0.022607688878945084,4,qpsk,D_ref_linear
3,xi_0.05,0.05,static_mh,0.4826936701134608,0.4808397332003326,0.48454760702658906,4,qpsk,D_ref_linear
3,xi_0.05,0.05,full_minus_static_mh,-0.4023242596737695,-0.40486626564349304,-0.39978225370404596,4,qpsk,D_ref_linear
3,xi_0.05,0.05,full_minus_static_lti_mh,0.058125035080937026,0.05676344574233495,0.0594866244195391,4,qpsk,D_ref_linear
3,xi_1,1.0,atomic,0.08850056673267873,0.08746254551752476,0.08953858794783269,4,qpsk,D_ref_linear
3,xi_1,1.0,linear,0.0045860548928058995,0.004470817960570153,0.004701291825041646,4,qpsk,D_ref_linear
3,xi_1,1.0,static,0.04918507789373992,0.048803564304005585,0.04956659148347426,4,qpsk,D_ref_linear
3,xi_1,1.0,static_lti,0.0507568083267381,0.050436228146626585,0.05107738850684962,4,qpsk,D_ref_linear
3,xi_1,1.0,static_lti_mh,0.05137166870304962,0.05108709940959541,0.05165623799650383,4,qpsk,D_ref_linear
3,xi_1,1.0,static_mh,0.07389465264739711,0.07286881337725439,0.07492049191753984,4,qpsk,D_ref_linear
3,xi_1,1.0,full_minus_static_mh,0.014605914085281599,0.01255434846799823,0.016657479702564967,4,qpsk,D_ref_linear
3,xi_1,1.0,full_minus_static_lti_mh,0.0371288980296291,0.035917334330263624,0.03834046172899457,4,qpsk,D_ref_linear
3,xi_16,16.0,atomic,0.10446962866681862,0.10286029210485982,0.10607896522877742,4,qpsk,D_ref_linear
3,xi_16,16.0,linear,0.0034630242067503004,0.0034095751125716002,0.0035164733009290005,4,qpsk,D_ref_linear
3,xi_16,16.0,static,0.05109506323426172,0.050943741546359764,0.05124638492216367,4,qpsk,D_ref_linear
3,xi_16,16.0,static_lti,0.051329065976928975,0.051036136373683295,0.051621995580174655,4,qpsk,D_ref_linear
3,xi_16,16.0,static_lti_mh,0.05188749715181475,0.05159488623262569,0.05218010807100382,4,qpsk,D_ref_linear
3,xi_16,16.0,static_mh,0.058793435169413,0.05854599484643352,0.05904087549239249,4,qpsk,D_ref_linear
3,xi_16,16.0,full_minus_static_mh,0.04567619349740562,0.0439398688814372,0.04741251811337404,4,qpsk,D_ref_linear
3,xi_16,16.0,full_minus_static_lti_mh,0.05258213151500388,0.05125308478852164,0.05391117824148611,4,qpsk,D_ref_linear
3,xi_32,32.0,atomic,0.10431213852321927,0.1023129335242197,0.10631134352221884,4,qpsk,D_ref_linear
3,xi_32,32.0,linear,0.00342584311750655,0.003393924468163539,0.003457761766849561,4,qpsk,D_ref_linear
3,xi_32,32.0,static,0.05112659088361483,0.050928024322907696,0.05132515744432196,4,qpsk,D_ref_linear
3,xi_32,32.0,static_lti,0.051328939039912716,0.051162889014840736,0.051494989064984696,4,qpsk,D_ref_linear
3,xi_32,32.0,static_lti_mh,0.05189928981358098,0.05176066769501927,0.052037911932142696,4,qpsk,D_ref_linear
3,xi_32,32.0,static_mh,0.05826204163083102,0.05782451701165951,0.05869956625000253,4,qpsk,D_ref_linear
3,xi_32,32.0,full_minus_static_mh,0.04605009689238825,0.04432152206988708,0.04777867171488943,4,qpsk,D_ref_linear
3,xi_32,32.0,full_minus_static_lti_mh,0.052412848709638304,0.050522640674562275,0.054303056744714334,4,qpsk,D_ref_linear
3,xi_4,4.0,atomic,0.10362101304087902,0.10138336031186164,0.1058586657698964,4,qpsk,D_ref_linear
3,xi_4,4.0,linear,0.003707378341926625,0.0036749167900856188,0.003739839893767631,4,qpsk,D_ref_linear
3,xi_4,4.0,static,0.05081822590480375,0.05037277565958111,0.05126367615002639,4,qpsk,D_ref_linear
3,xi_4,4.0,static_lti,0.05142260556911892,0.051062015660528315,0.05178319547770953,4,qpsk,D_ref_linear
3,xi_4,4.0,static_lti_mh,0.051926103971595625,0.051551302553179204,0.052300905390012045,4,qpsk,D_ref_linear
3,xi_4,4.0,static_mh,0.06169068679240395,0.06127240837615948,0.06210896520864842,4,qpsk,D_ref_linear
3,xi_4,4.0,full_minus_static_mh,0.04193032624847508,0.039632366069806975,0.04422828642714318,4,qpsk,D_ref_linear
3,xi_4,4.0,full_minus_static_lti_mh,0.05169490906928341,0.04941924330202507,0.053970574836541746,4,qpsk,D_ref_linear
3,xi_8,8.0,atomic,0.10402585866265647,0.1024107363574931,0.10564098096781983,4,qpsk,D_ref_linear
3,xi_8,8.0,linear,0.0035562930678063997,0.003502532168856588,0.0036100539667562113,4,qpsk,D_ref_linear
3,xi_8,8.0,static,0.0510043156754251,0.05065157472196105,0.05135705662888915,4,qpsk,D_ref_linear
3,xi_8,8.0,static_lti,0.051342796811347076,0.05108242698932685,0.0516031666333673,4,qpsk,D_ref_linear
3,xi_8,8.0,static_lti_mh,0.05188702039434135,0.05165908829057379,0.05211495249810891,4,qpsk,D_ref_linear
3,xi_8,8.0,static_mh,0.059831349211858204,0.05934558973951833,0.060317108684198074,4,qpsk,D_ref_linear
3,xi_8,8.0,full_minus_static_mh,0.04419450945079828,0.04266560893860501,0.045723409962991554,4,qpsk,D_ref_linear
3,xi_8,8.0,full_minus_static_lti_mh,0.05213883826831513,0.05071431097785298,0.053563365558777276,4,qpsk,D_ref_linear
3,xi_0.05,0.05,atomic,0.42587479951594276,0.42160641019886613,0.4301431888330194,4,cw,D_BLA
3,xi_0.05,0.05,dsh_tau1.940us,0.06308755185852341,0.06266773664506448,0.06350736707198235,4,cw,D_BLA
3,xi_0.05,0.05,dsh_tau2.535us,0.06261087350359523,0.06220254879872515,0.06301919820846531,4,cw,D_BLA
3,xi_0.05,0.05,dsh_tau4.000us,0.06201840899660827,0.06162036458983265,0.06241645340338389,4,cw,D_BLA
3,xi_0.05,0.05,linear,0.023498972846611524,0.023343951226972418,0.02365399446625063,4,cw,D_BLA
3,xi_0.05,0.05,static,0.053993021485219124,0.05383464964262636,0.05415139332781189,4,cw,D_BLA
3,xi_0.05,0.05,static_lti,0.029115706059957502,0.029041666500255525,0.02918974561965948,4,cw,D_BLA
3,xi_0.05,0.05,static_lti_mh,0.40079558421355677,0.3956565963329338,0.4059345720941797,4,cw,D_BLA
3,xi_0.05,0.05,static_mh,58.358236699079,49.04889785965144,67.66757553850657,4,cw,D_BLA
3,xi_0.05,0.05,full_minus_static_mh,-57.93236189956306,-67.24073723162357,-48.62398656750256,4,cw,D_BLA
3,xi_0.05,0.05,full_minus_static_lti_mh,0.025079215302386035,0.020917616373237247,0.029240814231534823,4,cw,D_BLA
3,xi_0.05,0.05,full_minus_dsh_tau2.535us,0.3632639260123475,0.3590406475631884,0.3674872044615067,4,cw,D_BLA
3,xi_1,1.0,atomic,0.6053795909518458,0.5661540986566396,0.644605083247052,4,cw,D_BLA
3,xi_1,1.0,dsh_tau1.940us,0.08911969366487522,0.08613614682859477,0.09210324050115568,4,cw,D_BLA
3,xi_1,1.0,dsh_tau2.535us,0.0833962237878898,0.07949470235608769,0.08729774521969191,4,cw,D_BLA
3,xi_1,1.0,dsh_tau4.000us,0.07370638371982795,0.06801891011631293,0.07939385732334296,4,cw,D_BLA
3,xi_1,1.0,linear,0.018913287100638672,0.018619857653830583,0.01920671654744676,4,cw,D_BLA
3,xi_1,1.0,static,0.018300981681293974,0.018147545515055156,0.01845441784753279,4,cw,D_BLA
3,xi_1,1.0,static_lti,0.04211600388675278,0.041474991566468396,0.04275701620703717,4,cw,D_BLA
3,xi_1,1.0,static_lti_mh,0.08101121956205487,0.07871392339667124,0.0833085157274385,4,cw,D_BLA
3,xi_1,1.0,static_mh,1.9488362760310531,1.9162659550463106,1.9814065970157957,4,cw,D_BLA
3,xi_1,1.0,full_minus_static_mh,-1.3434566850792073,-1.3632722535693134,-1.3236411165891013,4,cw,D_BLA
3,xi_1,1.0,full_minus_static_lti_mh,0.5243683713897909,0.4869431764224761,0.5617935663571056,4,cw,D_BLA
3,xi_1,1.0,full_minus_dsh_tau2.535us,0.521983367163956,0.4866110131811426,0.5573557211467695,4,cw,D_BLA
3,xi_16,16.0,atomic,0.43341877921819466,0.3838874079051817,0.4829501505312076,4,cw,D_BLA
3,xi_16,16.0,dsh_tau1.940us,0.2332732828420457,0.22981934275662805,0.23672722292746337,4,cw,D_BLA
3,xi_16,16.0,dsh_tau2.535us,0.25403442825342326,0.2506623450065327,0.2574065115003138,4,cw,D_BLA
3,xi_16,16.0,dsh_tau4.000us,0.3049830824233186,0.3023820403230388,0.30758412452359846,4,cw,D_BLA
3,xi_16,16.0,linear,0.014799624373691402,0.014639944724572777,0.014959304022810026,4,cw,D_BLA
3,xi_16,16.0,static,0.016171317643321498,0.016107210544693624,0.016235424741949372,4,cw,D_BLA
3,xi_16,16.0,static_lti,0.036846582980061104,0.0363785186170847,0.03731464734303751,4,cw,D_BLA
3,xi_16,16.0,static_lti_mh,0.07521361799737025,0.07399326567057185,0.07643397032416865,4,cw,D_BLA
3,xi_16,16.0,static_mh,0.5998235921716554,0.5924169101656257,0.607230274177685,4,cw,D_BLA
3,xi_16,16.0,full_minus_static_mh,-0.1664048129534607,-0.2120302688465816,-0.1207793570603398,4,cw,D_BLA
3,xi_16,16.0,full_minus_static_lti_mh,0.3582051612208244,0.30758733663606536,0.40882298580558346,4,cw,D_BLA
3,xi_16,16.0,full_minus_dsh_tau2.535us,0.1793843509647714,0.1300397545023736,0.2287289474271692,4,cw,D_BLA
3,xi_32,32.0,atomic,0.4137487099637457,0.40162484448586355,0.4258725754416278,4,cw,D_BLA
3,xi_32,32.0,dsh_tau1.940us,0.232633102365166,0.2304864356937629,0.23477976903656908,4,cw,D_BLA
3,xi_32,32.0,dsh_tau2.535us,0.24796662296686492,0.24498296984884643,0.2509502760848834,4,cw,D_BLA
3,xi_32,32.0,dsh_tau4.000us,0.2914011485242263,0.28624135397932543,0.2965609430691272,4,cw,D_BLA
3,xi_32,32.0,linear,0.0145914096317502,0.014471238983010507,0.014711580280489894,4,cw,D_BLA
3,xi_32,32.0,static,0.015852381881205677,0.015763227190766158,0.015941536571645196,4,cw,D_BLA
3,xi_32,32.0,static_lti,0.0359824184663722,0.035742886880282175,0.036221950052462225,4,cw,D_BLA
3,xi_32,32.0,static_lti_mh,0.07518956079475869,0.07427451225460566,0.07610460933491173,4,cw,D_BLA
3,xi_32,32.0,static_mh,0.5552429190170476,0.5495112349967316,0.5609746030373636,4,cw,D_BLA
3,xi_32,32.0,full_minus_static_mh,-0.14149420905330184,-0.15353871214607373,-0.12944970596052996,4,cw,D_BLA
3,xi_32,32.0,full_minus_static_lti_mh,0.33855914916898705,0.3255554794593689,0.3515628188786052,4,cw,D_BLA
3,xi_32,32.0,full_minus_dsh_tau2.535us,0.1657820869968808,0.15116328996961487,0.18040088402414672,4,cw,D_BLA
3,xi_4,4.0,atomic,0.48014483211534315,0.45151614868860024,0.508773515542086,4,cw,D_BLA
3,xi_4,4.0,dsh_tau1.940us,0.1911647943853315,0.18901196505481044,0.19331762371585254,4,cw,D_BLA
3,xi_4,4.0,dsh_tau2.535us,0.1948032458425114,0.19215150005119958,0.19745499163382324,4,cw,D_BLA
3,xi_4,4.0,dsh_tau4.000us,0.18656885222857125,0.18152953294249866,0.19160817151464385,4,cw,D_BLA
3,xi_4,4.0,linear,0.015615167419313824,0.015449955372412172,0.015780379466215477,4,cw,D_BLA
3,xi_4,4.0,static,0.016944440431524425,0.016840603548223487,0.017048277314825364,4,cw,D_BLA
3,xi_4,4.0,static_lti,0.0388344839536781,0.03817335455450517,0.039495613352851025,4,cw,D_BLA
3,xi_4,4.0,static_lti_mh,0.0742370604269554,0.07243229974509342,0.07604182110881737,4,cw,D_BLA
3,xi_4,4.0,static_mh,0.861456378529212,0.8461233797315812,0.8767893773268427,4,cw,D_BLA
3,xi_4,4.0,full_minus_static_mh,-0.38131154641386883,-0.4100945787396943,-0.35252851408804337,4,cw,D_BLA
3,xi_4,4.0,full_minus_static_lti_mh,0.40590777168838776,0.3768532599156551,0.4349622834611204,4,cw,D_BLA
3,xi_4,4.0,full_minus_dsh_tau2.535us,0.2853415862728318,0.2590862906309374,0.3115968819147262,4,cw,D_BLA
3,xi_8,8.0,atomic,0.4571348354163719,0.42196896730275746,0.49230070352998634,4,cw,D_BLA
3,xi_8,8.0,dsh_tau1.940us,0.22593339083754532,0.2218568480965588,0.23000993357853183,4,cw,D_BLA
3,xi_8,8.0,dsh_tau2.535us,0.24555152900121424,0.2405922362057744,0.25051082179665407,4,cw,D_BLA
3,xi_8,8.0,dsh_tau4.000us,0.2792456660987056,0.27081376129352513,0.28767757090388607,4,cw,D_BLA
3,xi_8,8.0,linear,0.014999349303344576,0.014957742905146853,0.015040955701542298,4,cw,D_BLA
3,xi_8,8.0,static,0.0164489897223572,0.016311860201943255,0.016586119242771143,4,cw,D_BLA
3,xi_8,8.0,static_lti,0.0376805861966656,0.03727748246439254,0.038083689928938666,4,cw,D_BLA
3,xi_8,8.0,static_lti_mh,0.07557876142200763,0.0742574042917311,0.07690011855228417,4,cw,D_BLA
3,xi_8,8.0,static_mh,0.6846762231872968,0.6729400314688573,0.6964124149057364,4,cw,D_BLA
3,xi_8,8.0,full_minus_static_mh,-0.22754138777092497,-0.2669289226801365,-0.18815385286171343,4,cw,D_BLA
3,xi_8,8.0,full_minus_static_lti_mh,0.3815560739943643,0.3474733366801511,0.4156388113085775,4,cw,D_BLA
3,xi_8,8.0,full_minus_dsh_tau2.535us,0.21158330641515766,0.18096223531326072,0.2422043775170546,4,cw,D_BLA
3,xi_0.05,0.05,atomic,0.2171856946689818,0.21506327632675923,0.21930811301120437,4,cw,D_ref_linear
3,xi_0.05,0.05,linear,0.023498972846611524,0.023343951226972418,0.02365399446625063,4,cw,D_ref_linear
3,xi_0.05,0.05,static,0.001207904735853575,0.001204933529306732,0.001210875942400418,4,cw,D_ref_linear
3,xi_0.05,0.05,static_lti,0.001839841427299075,0.0018328049750166292,0.001846877879581521,4,cw,D_ref_linear
3,xi_0.05,0.05,static_lti_mh,0.025053907892475125,0.02484035594067253,0.02526745984427772,4,cw,D_ref_linear
3,xi_0.05,0.05,static_mh,1.3480652255994152,1.342914571883924,1.3532158793149065,4,cw,D_ref_linear
3,xi_0.05,0.05,full_minus_static_mh,-1.1308795309304334,-1.1358633494898658,-1.125895712371001,4,cw,D_ref_linear
3,xi_0.05,0.05,full_minus_static_lti_mh,0.19213178677650666,0.1900093744168481,0.19425419913616523,4,cw,D_ref_linear
3,xi_1,1.0,atomic,0.1360357906114587,0.1334806309705004,0.13859095025241702,4,cw,D_ref_linear
3,xi_1,1.0,linear,0.018913287100638672,0.018619857653830583,0.01920671654744676,4,cw,D_ref_linear
3,xi_1,1.0,static,0.000971065155996,0.0009617707249963266,0.0009803595869956733,4,cw,D_ref_linear
3,xi_1,1.0,static_lti,0.00252485993377955,0.002489335817725855,0.0025603840498332454,4,cw,D_ref_linear
3,xi_1,1.0,static_lti_mh,0.0048631707188727495,0.0047519816269847,0.004974359810760799,4,cw,D_ref_linear
3,xi_1,1.0,static_mh,0.10349221683265428,0.10296524238340332,0.10401919128190523,4,cw,D_ref_linear
3,xi_1,1.0,full_minus_static_mh,0.032543573778804416,0.030506829895165982,0.03458031766244285,4,cw,D_ref_linear
3,xi_1,1.0,full_minus_static_lti_mh,0.13117261989258597,0.12871804750210986,0.13362719228306208,4,cw,D_ref_linear
3,xi_16,16.0,atomic,0.038852258877245825,0.03674883002880841,0.04095568772568324,4,cw,D_ref_linear
3,xi_16,16.0,linear,0.014799624373691402,0.014639944724572777,0.014959304022810026,4,cw,D_ref_linear
3,xi_16,16.0,static,0.000911532575812975,0.000908830512380779,0.0009142346392451711,4,cw,D_ref_linear
3,xi_16,16.0,static_lti,0.002212196268774575,0.002185012744543838,0.002239379793005312,4,cw,D_ref_linear
3,xi_16,16.0,static_lti_mh,0.0045175438092656,0.004451400704042164,0.004583686914489035,4,cw,D_ref_linear
3,xi_16,16.0,static_mh,0.03386134629383952,0.033664524344345026,0.03405816824333402,4,cw,D_ref_linear
3,xi_16,16.0,full_minus_static_mh,0.004990912583406299,0.003017593971495648,0.00696423119531695,4,cw,D_ref_linear
3,xi_16,16.0,full_minus_static_lti_mh,0.03433471506798022,0.032168514213092,0.03650091592286844,4,cw,D_ref_linear
3,xi_32,32.0,atomic,0.0329549627925334,0.032328167122317994,0.0335817584627488,4,cw,D_ref_linear
3,xi_32,32.0,linear,0.0145914096317502,0.014471238983010507,0.014711580280489894,4,cw,D_ref_linear
3,xi_32,32.0,static,0.0008962950698367,0.0008914590774906703,0.0009011310621827297,4,cw,D_ref_linear
3,xi_32,32.0,static_lti,0.002161694825324625,0.002147714862632274,0.002175674788016976,4,cw,D_ref_linear
3,xi_32,32.0,static_lti_mh,0.004518114664788251,0.004469285179771225,0.0045669441498052766,4,cw,D_ref_linear
3,xi_32,32.0,static_mh,0.03140766518382045,0.03122392037261374,0.031591409995027166,4,cw,D_ref_linear
3,xi_32,32.0,full_minus_static_mh,0.0015472976087129511,0.0008633902901766821,0.00223120492724922,4,cw,D_ref_linear
3,xi_32,32.0,full_minus_static_lti_mh,0.02843684812774515,0.02781988723157342,0.029053809023916875,4,cw,D_ref_linear
3,xi_4,4.0,atomic,0.06984828457520495,0.06773732066714329,0.07195924848326661,4,cw,D_ref_linear
3,xi_4,4.0,linear,0.015615167419313824,0.015449955372412172,0.015780379466215477,4,cw,D_ref_linear
3,xi_4,4.0,static,0.000941538467224675,0.0009354454524726662,0.0009476314819766837,4,cw,D_ref_linear
3,xi_4,4.0,static_lti,0.002328773595469875,0.002292948722371503,0.002364598468568247,4,cw,D_ref_linear
3,xi_4,4.0,static_lti_mh,0.00445259536176935,0.004355080078182653,0.004550110645356047,4,cw,D_ref_linear
3,xi_4,4.0,static_mh,0.04808721889525002,0.047834271670364054,0.04834016612013599,4,cw,D_ref_linear
3,xi_4,4.0,full_minus_static_mh,0.021761065679954922,0.01970866406620841,0.023813467293701433,4,cw,D_ref_linear
3,xi_4,4.0,full_minus_static_lti_mh,0.06539568921343561,0.06323077973299862,0.0675605986938726,4,cw,D_ref_linear
3,xi_8,8.0,atomic,0.0488773049026768,0.04779088490786702,0.04996372489748657,4,cw,D_ref_linear
3,xi_8,8.0,linear,0.014999349303344576,0.014957742905146853,0.015040955701542298,4,cw,D_ref_linear
3,xi_8,8.0,static,0.000923392061483175,0.0009171294347006335,0.0009296546882657165,4,cw,D_ref_linear
3,xi_8,8.0,static_lti,0.002261041761193725,0.0022359216494336775,0.0022861618729537723,4,cw,D_ref_linear
3,xi_8,8.0,static_lti_mh,0.004535794156366,0.004469936397781913,0.004601651914950087,4,cw,D_ref_linear
3,xi_8,8.0,static_mh,0.03840128642233995,0.0380549295146645,0.038747643330015395,4,cw,D_ref_linear
3,xi_8,8.0,full_minus_static_mh,0.01047601848033685,0.009302768762130346,0.011649268198543354,4,cw,D_ref_linear
3,xi_8,8.0,full_minus_static_lti_mh,0.0443415107463108,0.043283123143447295,0.0453998983491743,4,cw,D_ref_linear
