set,Pavg_over_P1dB_dB,contrast,Delta_full,Delta_DSH,rel_error,within_25pct
"QPSK carrier dwell (main, 8 reals)",0,xi=1 vs 0.05,0.07368445618673682,0.0009529828461067372,0.9870667044933926,False
"QPSK carrier dwell (main, 8 reals)",0,xi=2 vs 0.05,0.13879372079455898,0.00716033904653315,0.9484102090098744,False
"QPSK carrier dwell (main, 8 reals)",0,xi=4 vs 0.05,0.17819361137948803,0.01476397345016945,0.9171464491017721,False
"QPSK carrier dwell (main, 8 reals)",3,xi=1 vs 0.05,0.23436353075379127,0.015770425283133212,0.9327095592372658,False
"QPSK carrier dwell (main, 8 reals)",3,xi=2 vs 0.05,0.30605893739926004,0.04792086503757649,0.8434260229588958,False
"QPSK carrier dwell (main, 8 reals)",3,xi=4 vs 0.05,0.3887906947104196,0.08921637221024903,0.7705285300701462,False
"CW carrier dwell (FU-C, 4 reals)",0,xi=1 vs 0.05,-0.15633847456530653,0.0034077163279169487,1.021797042202132,False
"CW carrier dwell (FU-C, 4 reals)",0,xi=2 vs 0.05,-0.21634383664526827,0.00837389648773395,1.0387064250019027,False
"CW carrier dwell (FU-C, 4 reals)",0,xi=4 vs 0.05,-0.22787623615652508,0.016826391545419025,1.0738400450578849,False
"CW carrier dwell (FU-C, 4 reals)",3,xi=1 vs 0.05,0.1667861474014814,0.0160989658345375,0.9034754019721752,False
"CW carrier dwell (FU-C, 4 reals)",3,xi=2 vs 0.05,0.05119682546496172,0.0560740498021018,0.09526419446608017,True
"CW carrier dwell (FU-C, 4 reals)",3,xi=4 vs 0.05,0.022068421930286908,0.1310465870590998,4.938194741475839,False
"shuffle cycles (main, 8 reals)",3,cycles vs original,-0.07545983785822345,-0.06455521604665278,0.1445089483502291,True
"shuffle cycles (main, 8 reals)",6,cycles vs original,-0.12444355539061497,-0.12173135869478477,0.021794593438904126,True
