job_id,Pavg_over_P1dB_dB,variant,NMSE_vs_full_trace,NMSE_vs_full_trace_static_lti_mh,DSH_better,set
dwell_r0_xi_0.05_p-6_Nd4001_dt1,-6,xi_0.05,0.0355230420705626,0.0399823236712126,True,main/dwell
dwell_r0_xi_0.05_p+0_Nd4001_dt1,0,xi_0.05,0.1705194112765983,0.2329444962377873,True,main/dwell
dwell_r0_xi_0.05_p+3_Nd4001_dt1,3,xi_0.05,0.3672363828084858,0.6002893498899033,True,main/dwell
dwell_r0_xi_0.05_p+6_Nd4001_dt1,6,xi_0.05,0.6102480183023079,0.952582528613841,True,main/dwell
dwell_r0_xi_0.1_p-6_Nd4001_dt1,-6,xi_0.1,0.0171463275679246,0.019588165344133,True,main/dwell
dwell_r0_xi_0.1_p+0_Nd4001_dt1,0,xi_0.1,0.1302645583642378,0.1764331885908923,True,main/dwell
dwell_r0_xi_0.1_p+3_Nd4001_dt1,3,xi_0.1,0.3318255488620256,0.5317604067928935,True,main/dwell
dwell_r0_xi_0.1_p+6_Nd4001_dt1,6,xi_0.1,0.513357535519441,0.8837985173424585,True,main/dwell
dwell_r0_xi_0.25_p-6_Nd4001_dt1,-6,xi_0.25,0.0163086597446098,0.0174925123645104,True,main/dwell
dwell_r0_xi_0.25_p+0_Nd4001_dt1,0,xi_0.25,0.1381884690455179,0.1628331624925368,True,main/dwell
dwell_r0_xi_0.25_p+3_Nd4001_dt1,3,xi_0.25,0.3187112204536962,0.4317045030799994,True,main/dwell
dwell_r0_xi_0.25_p+6_Nd4001_dt1,6,xi_0.25,0.4494234091446859,0.7104572843302382,True,main/dwell
dwell_r0_xi_0.5_p-6_Nd4001_dt1,-6,xi_0.5,0.0159908043513888,0.0170339343037374,True,main/dwell
dwell_r0_xi_0.5_p+0_Nd4001_dt1,0,xi_0.5,0.1565117211497934,0.1782500732575776,True,main/dwell
dwell_r0_xi_0.5_p+3_Nd4001_dt1,3,xi_0.5,0.3482552313207848,0.4253995094071284,True,main/dwell
dwell_r0_xi_0.5_p+6_Nd4001_dt1,6,xi_0.5,0.4164867816497111,0.5953221180716578,True,main/dwell
dwell_r0_xi_1_p-6_Nd4001_dt1,-6,xi_1,0.0177747663864378,0.0185144684248438,True,main/dwell
dwell_r0_xi_1_p+0_Nd4001_dt1,0,xi_1,0.1931751304829695,0.2030030719998571,True,main/dwell
dwell_r0_xi_1_p+3_Nd4001_dt1,3,xi_1,0.3297930135846822,0.3485976579042584,True,main/dwell
dwell_r0_xi_1_p+6_Nd4001_dt1,6,xi_1,0.3717101270660402,0.4850100664099719,True,main/dwell
dwell_r0_xi_2_p-6_Nd4001_dt1,-6,xi_2,0.0166986041409274,0.0171278609296222,True,main/dwell
dwell_r0_xi_2_p+0_Nd4001_dt1,0,xi_2,0.2268412134717271,0.2283213663940577,True,main/dwell
dwell_r0_xi_2_p+3_Nd4001_dt1,3,xi_2,0.3334407278783818,0.3247614071758805,False,main/dwell
dwell_r0_xi_2_p+6_Nd4001_dt1,6,xi_2,0.3578520865843178,0.4238330541117656,True,main/dwell
dwell_r0_xi_4_p-6_Nd4001_dt1,-6,xi_4,0.0205114201810118,0.0212289568412783,True,main/dwell
dwell_r0_xi_4_p+0_Nd4001_dt1,0,xi_4,0.2028536090259935,0.20908214602065,True,main/dwell
dwell_r0_xi_4_p+3_Nd4001_dt1,3,xi_4,0.2885253999882329,0.2797750967148613,False,main/dwell
dwell_r0_xi_4_p+6_Nd4001_dt1,6,xi_4,0.302981823178577,0.3427481208403418,True,main/dwell
shuffle_r0_ORIGINAL_p-6_Nd4001_dt1,-6,ORIGINAL,0.1813017248081276,0.1684237322596043,False,main/shuffle
shuffle_r0_ORIGINAL_p+0_Nd4001_dt1,0,ORIGINAL,0.192649110188106,0.2423988049327387,True,main/shuffle
shuffle_r0_ORIGINAL_p+3_Nd4001_dt1,3,ORIGINAL,0.2844325921866333,0.356691639733066,True,main/shuffle
shuffle_r0_ORIGINAL_p+6_Nd4001_dt1,6,ORIGINAL,0.3602749671248453,0.4626710975944892,True,main/shuffle
shuffle_r0_BLOCK_SHUFFLED_CYCLES_p-6_Nd4001_dt1,-6,BLOCK_SHUFFLED_CYCLES,0.1248627426638119,0.1253389602151314,True,main/shuffle
shuffle_r0_BLOCK_SHUFFLED_CYCLES_p+0_Nd4001_dt1,0,BLOCK_SHUFFLED_CYCLES,0.2268595764641908,0.2731009560967027,True,main/shuffle
shuffle_r0_BLOCK_SHUFFLED_CYCLES_p+3_Nd4001_dt1,3,BLOCK_SHUFFLED_CYCLES,0.3250481437559293,0.3920748449972577,True,main/shuffle
shuffle_r0_BLOCK_SHUFFLED_CYCLES_p+6_Nd4001_dt1,6,BLOCK_SHUFFLED_CYCLES,0.3967722054337572,0.5138091414140333,True,main/shuffle
shuffle_r0_BLOCK_SHUFFLED_FIXED_p-6_Nd4001_dt1,-6,BLOCK_SHUFFLED_FIXED,0.1387767038288116,0.1367112922233269,False,main/shuffle
shuffle_r0_BLOCK_SHUFFLED_FIXED_p+0_Nd4001_dt1,0,BLOCK_SHUFFLED_FIXED,0.2568571504213542,0.3836258753393515,True,main/shuffle
shuffle_r0_BLOCK_SHUFFLED_FIXED_p+3_Nd4001_dt1,3,BLOCK_SHUFFLED_FIXED,0.3643373351106809,0.5396763336606699,True,main/shuffle
shuffle_r0_BLOCK_SHUFFLED_FIXED_p+6_Nd4001_dt1,6,BLOCK_SHUFFLED_FIXED,0.4412823748467987,0.6696062307753791,True,main/shuffle
shuffle_r0_SHUFFLED_p-6_Nd4001_dt1,-6,SHUFFLED,0.0054866975336933,0.0145394025177698,True,main/shuffle
shuffle_r0_SHUFFLED_p+0_Nd4001_dt1,0,SHUFFLED,0.026964201583935,0.0530163257967431,True,main/shuffle
shuffle_r0_SHUFFLED_p+3_Nd4001_dt1,3,SHUFFLED,0.0695737383632208,0.1057369369079738,True,main/shuffle
shuffle_r0_SHUFFLED_p+6_Nd4001_dt1,6,SHUFFLED,0.1819804631664486,0.2313706045565971,True,main/shuffle
dwell_r0_xi_0.05_p+3_Nd4001_dt1,3,xi_0.05,0.2323855727693393,0.4699234464281255,True,fu_cwcarrier/dwell
dwell_r0_xi_0.05_p+0_Nd4001_dt1,0,xi_0.05,0.1225258279622637,0.1822778331538606,True,fu_cwcarrier/dwell
dwell_r0_xi_0.1_p+3_Nd4001_dt1,3,xi_0.1,0.2211402479938399,0.4317128767905357,True,fu_cwcarrier/dwell
dwell_r0_xi_0.1_p+0_Nd4001_dt1,0,xi_0.1,0.0817118960368,0.1250091015595737,True,fu_cwcarrier/dwell
dwell_r0_xi_0.25_p+3_Nd4001_dt1,3,xi_0.25,0.2755111184365056,0.3904172752685887,True,fu_cwcarrier/dwell
dwell_r0_xi_0.25_p+0_Nd4001_dt1,0,xi_0.25,0.1153717864425307,0.1350069479752532,True,fu_cwcarrier/dwell
dwell_r0_xi_0.5_p+3_Nd4001_dt1,3,xi_0.5,0.1729927374256778,0.2259708262301157,True,fu_cwcarrier/dwell
dwell_r0_xi_0.5_p+0_Nd4001_dt1,0,xi_0.5,0.0475841161604056,0.0613059700232724,True,fu_cwcarrier/dwell
dwell_r0_xi_1_p+3_Nd4001_dt1,3,xi_1,0.1338873035110916,0.1879757003851377,True,fu_cwcarrier/dwell
dwell_r0_xi_1_p+0_Nd4001_dt1,0,xi_1,0.035061998773978,0.0471395738779893,True,fu_cwcarrier/dwell
dwell_r0_xi_2_p+3_Nd4001_dt1,3,xi_2,0.0864298518884507,0.1088494423766344,True,fu_cwcarrier/dwell
dwell_r0_xi_2_p+0_Nd4001_dt1,0,xi_2,0.0196044720406614,0.0260449550836276,True,fu_cwcarrier/dwell
dwell_r0_xi_4_p+3_Nd4001_dt1,3,xi_4,0.0553337079031605,0.0691301543543374,True,fu_cwcarrier/dwell
dwell_r0_xi_4_p+0_Nd4001_dt1,0,xi_4,0.012416973393555,0.016673427501405,True,fu_cwcarrier/dwell
dwell_r0_xi_0.05_p+3_Nd4001_dt1,3,xi_0.05,0.3678344656600461,0.5949149230826998,True,fu_long_qpsk/dwell
dwell_r0_xi_1_p+3_Nd4001_dt1,3,xi_1,0.3327586519999415,0.3491330960567905,True,fu_long_qpsk/dwell
dwell_r0_xi_4_p+3_Nd4001_dt1,3,xi_4,0.2702884819876989,0.2693144406591379,False,fu_long_qpsk/dwell
dwell_r0_xi_8_p+3_Nd4001_dt1,3,xi_8,0.2529202736045339,0.2515332476389493,False,fu_long_qpsk/dwell
dwell_r0_xi_16_p+3_Nd4001_dt1,3,xi_16,0.2330718481959539,0.2389279978789333,True,fu_long_qpsk/dwell
dwell_r0_xi_32_p+3_Nd4001_dt1,3,xi_32,0.2118024403203804,0.2239704945870086,True,fu_long_qpsk/dwell
dwell_r0_xi_0.05_p+3_Nd4001_dt1,3,xi_0.05,0.2318623413930484,0.468078021932913,True,fu_long_cw/dwell
dwell_r0_xi_1_p+3_Nd4001_dt1,3,xi_1,0.1436487815956236,0.1973195908096818,True,fu_long_cw/dwell
dwell_r0_xi_4_p+3_Nd4001_dt1,3,xi_4,0.0546130410739629,0.0684395053525713,True,fu_long_cw/dwell
dwell_r0_xi_8_p+3_Nd4001_dt1,3,xi_8,0.0314053653144589,0.041578082275619,True,fu_long_cw/dwell
dwell_r0_xi_16_p+3_Nd4001_dt1,3,xi_16,0.0188887552850487,0.028863443431588,True,fu_long_cw/dwell
dwell_r0_xi_32_p+3_Nd4001_dt1,3,xi_32,0.0152232961168078,0.0215484917098198,True,fu_long_cw/dwell
