carrier,P,variant,model,D_ref_linear,fit_gain_rel_linear
qpsk,0,xi_0.05,atomic,0.07723084785113893,0.6709573747760285
qpsk,0,xi_0.05,static_mh,0.05699733163049023,0.7009953352903023
qpsk,0,xi_0.05,static_lti_mh,0.00962033133736518,0.7515891521658153
qpsk,0,xi_0.05,linear,0.009831969702667726,1.0
qpsk,0,xi_0.1,atomic,0.05861924277641184,0.6676350557438243
qpsk,0,xi_0.1,static_mh,0.0301610082634166,0.7135160632121973
qpsk,0,xi_0.1,static_lti_mh,0.012699734984068449,0.7508085870562551
qpsk,0,xi_0.1,linear,0.009907403723022151,1.0
qpsk,0,xi_0.25,atomic,0.0572237465502819,0.6168454053025971
qpsk,0,xi_0.25,static_mh,0.022125621458736314,0.73982033212375
qpsk,0,xi_0.25,static_lti_mh,0.017290561627503767,0.7591438391804856
qpsk,0,xi_0.25,linear,0.007888006495968488,1.0
qpsk,0,xi_0.5,atomic,0.06317765665224205,0.596639442532948
qpsk,0,xi_0.5,static_mh,0.02045562800362501,0.750976049678151
qpsk,0,xi_0.5,static_lti_mh,0.018785746675006647,0.7625270163266819
qpsk,0,xi_0.5,linear,0.005620107226813289,1.0
qpsk,0,xi_1,atomic,0.0858238080507893,0.5748143378293055
qpsk,0,xi_1,static_mh,0.019284505012028413,0.7543081226139535
qpsk,0,xi_1,static_lti_mh,0.019174198230723267,0.7637483667694567
qpsk,0,xi_1,linear,0.00458302554883775,1.0
qpsk,0,xi_2,atomic,0.10251215742186441,0.5423548519056945
qpsk,0,xi_2,static_mh,0.01855754815562848,0.7555237276065192
qpsk,0,xi_2,static_lti_mh,0.01914690597054168,0.7640796382277721
qpsk,0,xi_2,linear,0.0040411615792654764,1.0
qpsk,0,xi_4,atomic,0.10176239569677809,0.5380634259917534
qpsk,0,xi_4,static_mh,0.01823886872695248,0.7578292515464682
qpsk,0,xi_4,static_lti_mh,0.01922002273241976,0.7643997738036125
qpsk,0,xi_4,linear,0.0037876692160686075,1.0
qpsk,3,xi_0.05,atomic,0.07833961627840035,0.501688778030484
qpsk,3,xi_0.05,static_mh,0.4807877796408478,0.5504019601694873
qpsk,3,xi_0.05,static_lti_mh,0.022661513090689107,0.5613430757802561
qpsk,3,xi_0.05,linear,0.00983196970266666,1.0
qpsk,3,xi_0.1,atomic,0.0572701574136988,0.45273998125896636
qpsk,3,xi_0.1,static_mh,0.21727852716042895,0.5430248724597727
qpsk,3,xi_0.1,static_lti_mh,0.029943700442702264,0.5543830721443612
qpsk,3,xi_0.1,linear,0.009907403723021091,1.0
qpsk,3,xi_0.25,atomic,0.05025067138526405,0.4027414746517786
qpsk,3,xi_0.25,static_mh,0.12000609073072567,0.5486295573953668
qpsk,3,xi_0.25,static_lti_mh,0.043347936022373953,0.5583020478730598
qpsk,3,xi_0.25,linear,0.00788800649597019,1.0
qpsk,3,xi_0.5,atomic,0.06363673211495534,0.3892038238030766
qpsk,3,xi_0.5,static_mh,0.0895190377005832,0.5533736717879052
qpsk,3,xi_0.5,static_lti_mh,0.04938106867242453,0.5601860518389417
qpsk,3,xi_0.5,linear,0.0056201072268131785,1.0
qpsk,3,xi_1,atomic,0.08689909115062477,0.4017020600748033
qpsk,3,xi_1,static_mh,0.07367010368198477,0.5512516450201954
qpsk,3,xi_1,static_lti_mh,0.0513878495816142,0.5606631070480136
qpsk,3,xi_1,linear,0.0045830255488406345,1.0
qpsk,3,xi_2,atomic,0.0978363948109301,0.3897994476708568
qpsk,3,xi_2,static_mh,0.0662322241128437,0.5525711859491675
qpsk,3,xi_2,static_lti_mh,0.0514689236122177,0.5607563710157677
qpsk,3,xi_2,linear,0.0040411615792652926,1.0
qpsk,3,xi_4,atomic,0.10019101745684418,0.37518248788667685
qpsk,3,xi_4,static_mh,0.06197533164726366,0.5524811778750988
qpsk,3,xi_4,static_lti_mh,0.05191452100514526,0.5611578286302433
qpsk,3,xi_4,linear,0.0037876692160682054,1.0
cw,0,xi_0.05,atomic,0.19696267865786313,0.8128590610771758
cw,0,xi_0.05,static_mh,0.15414364309937878,0.35108930308780306
cw,0,xi_0.05,static_lti_mh,0.012420303001046408,0.5797502780995587
cw,0,xi_0.05,linear,0.02365722440622915,1.0
cw,0,xi_0.1,atomic,0.12482234703713069,0.758608942333133
cw,0,xi_0.1,static_mh,0.0685499247244425,0.42783521882314557
cw,0,xi_0.1,static_lti_mh,0.011934967209362622,0.5753743100440709
cw,0,xi_0.1,linear,0.027034407772497895,1.0
cw,0,xi_0.25,atomic,0.14527101407582205,0.6333048316367501
cw,0,xi_0.25,static_mh,0.03525031075437295,0.5082675045733527
cw,0,xi_0.25,static_lti_mh,0.012719679952601932,0.5751247440568082
cw,0,xi_0.25,linear,0.030623464629816202,1.0
cw,0,xi_0.5,atomic,0.08466178409442851,0.7595108513260961
cw,0,xi_0.5,static_mh,0.019742956485891416,0.5363185186406844
cw,0,xi_0.5,static_lti_mh,0.009716659512650404,0.5765292620783226
cw,0,xi_0.5,linear,0.022771181757933672,1.0
cw,0,xi_1,atomic,0.07074661508554002,0.7270290685999654
cw,0,xi_1,static_mh,0.010431366067650338,0.5563598199552706
cw,0,xi_1,static_lti_mh,0.008260176897528197,0.5755217277611785
cw,0,xi_1,linear,0.018807966481142226,1.0
cw,0,xi_2,atomic,0.04862674508614438,0.7087280804319649
cw,0,xi_2,static_mh,0.007609475396157671,0.5622853133824148
cw,0,xi_2,static_lti_mh,0.007588820610421971,0.5759939979868216
cw,0,xi_2,linear,0.016807898830565902,1.0
cw,0,xi_4,atomic,0.03722734947062447,0.6642127301653091
cw,0,xi_4,static_mh,0.005331597766244898,0.5676305675703001
cw,0,xi_4,static_lti_mh,0.007375657876202397,0.575262414996785
cw,0,xi_4,linear,0.015700212269544014,1.0
cw,3,xi_0.05,atomic,0.21647646679606652,0.7212136407068667
cw,3,xi_0.05,static_mh,1.349114876828187,0.14904061088000992
cw,3,xi_0.05,static_lti_mh,0.0249893297732384,0.25259535212208667
cw,3,xi_0.05,linear,0.023657224406226886,1.0
cw,3,xi_0.1,atomic,0.1461543272643209,0.5899663750136223
cw,3,xi_0.1,static_mh,0.587060628712681,0.18639281680820552
cw,3,xi_0.1,static_lti_mh,0.01600287273436585,0.24355770308443242
cw,3,xi_0.1,linear,0.02703440777249747,1.0
cw,3,xi_0.25,atomic,0.12998097764227093,0.4469611278577732
cw,3,xi_0.25,static_mh,0.3068449683718774,0.21256808408335032
cw,3,xi_0.25,static_lti_mh,0.00896901638354503,0.24490725709673214
cw,3,xi_0.25,linear,0.030623464629817673,1.0
cw,3,xi_0.5,atomic,0.1244471992787764,0.5186872627538512
cw,3,xi_0.5,static_mh,0.17190297678339242,0.22407741580365198
cw,3,xi_0.5,static_lti_mh,0.005959943379850366,0.24582872290544175
cw,3,xi_0.5,linear,0.022771181757932326,1.0
cw,3,xi_1,atomic,0.12599953158462263,0.4854486867281782
cw,3,xi_1,static_mh,0.09847647252310147,0.24802962839967518
cw,3,xi_1,static_lti_mh,0.004905749555954393,0.24416742114536646
cw,3,xi_1,linear,0.018807966481145095,1.0
cw,3,xi_2,atomic,0.0979429518866411,0.4352938324888563
cw,3,xi_2,static_mh,0.06684762870900188,0.23485576161667956
cw,3,xi_2,static_lti_mh,0.004416634130037843,0.24575135885915853
cw,3,xi_2,linear,0.016807898830569275,1.0
cw,3,xi_4,atomic,0.07132883083654507,0.37589455813802347
cw,3,xi_4,static_mh,0.048180021262092726,0.2361683808117645
cw,3,xi_4,static_lti_mh,0.004513213673891703,0.24503495565888622
cw,3,xi_4,linear,0.015700212269543254,1.0
