job_id,tag,design,realization,variant,Pavg_over_P1dB_dB,Nd,dt_ns,tau_atom_s,E1dB_Vpm,runtime_atomic_s,meta_n_events,meta_n_plateaus,meta_n_spikes,meta_plateau_len_samples,meta_tw_dwell_samples,meta_spike_share_of_high_time,meta_xi_nominal,model,D_gain,D_BLA,BLA_residual_power,BLA_fit_ac_power,gain_abs,gain_phase,out_bb_rms,dc_shift_mean,dc_shift_std,AIR,SER,EVM,cal_var,D_ref_linear,NMSE_full_vs_static,NMSE_full_vs_static_lti,NMSE_full_vs_static_mh,NMSE_full_vs_static_lti_mh,AIR_linear_ref,loss_vs_linear
dwell_r0_xi_0.05_p+3_Nd4001_dt1,fu_long_cw,dwell,0,xi_0.05,3,4001,1.0,2.5350000000000003e-06,0.07321886766113006,79.9879404960011,4379,4379,0,127.01758392327015,137.01771,0.0,0.05,atomic,0.9435336334879315,0.42332499812044455,2.840570640871448e-09,6.710141507077378e-09,0.0017729133518706757,1.6421823949355314,0.0001366308039107896,-8.057966196659854e-06,0.00022128733933351734,1.8647049882108717,0.03884711779448621,0.3294433181566369,0.0010145135395391515,0.21763733295096283,0.4260455700867552,0.39300583166975905,0.8041793474990765,0.468078021932913,1.9430082763887766,0.07830328817790488
dwell_r0_xi_0.05_p+3_Nd4001_dt1,fu_long_cw,dwell,0,xi_0.05,3,4001,1.0,2.5350000000000003e-06,0.07321886766113006,79.9879404960011,4379,4379,0,127.01758392327015,137.01771,0.0,0.05,static,0.05411818340631209,0.053975330688631716,1.5794462383742685e-11,2.9262372610288267e-10,0.00043260446902027613,2.1410671484110555,0.00010766121187909597,-2.499048943336421e-08,7.356983811873729e-06,1.997686228666472,0.0012531328320802004,0.15404333073037027,0.0002346052357729813,0.001210131731678216,,,,,1.9430082763887766,-0.05467795227769545
dwell_r0_xi_0.05_p+3_Nd4001_dt1,fu_long_cw,dwell,0,xi_0.05,3,4001,1.0,2.5350000000000003e-06,0.07321886766113006,79.9879404960011,4379,4379,0,127.01758392327015,137.01771,0.0,0.05,static_lti,0.44174085858122514,0.02912567493263165,2.4094541204238385e-11,8.27261214030906e-10,0.0006145788323571974,2.4302702740071,0.00011054938334781934,-1.756339090086224e-07,4.746301467701743e-05,1.9364948565796958,0.008771929824561403,0.2907371556020514,0.0007379638842421081,0.0018460627632054857,,,,,1.9430082763887766,0.006513419809080823
dwell_r0_xi_0.05_p+3_Nd4001_dt1,fu_long_cw,dwell,0,xi_0.05,3,4001,1.0,2.5350000000000003e-06,0.07321886766113006,79.9879404960011,4379,4379,0,127.01758392327015,137.01771,0.0,0.05,static_mh,60.305670927120765,57.310465756359974,1.7621123070894774e-08,3.0746780432401716e-10,0.00043250229534408965,2.121761776594122,0.00017089579562879907,3.0051523104757045e-05,6.633361475646102e-05,0.9077941583751132,0.2731829573934837,0.8095293127665076,0.006467715563545458,1.3500858502056787,,,,,1.9430082763887766,1.0352141180136634
dwell_r0_xi_0.05_p+3_Nd4001_dt1,fu_long_cw,dwell,0,xi_0.05,3,4001,1.0,2.5350000000000003e-06,0.07321886766113006,79.9879404960011,4379,4379,0,127.01758392327015,137.01771,0.0,0.05,static_lti_mh,0.9550466065610914,0.3982158085298139,3.274262684225333e-10,8.222332248219103e-10,0.0006132982429450264,2.43009250212319,0.00011188107956046196,2.9900914834191086e-05,5.2836986972280156e-05,1.992882197987058,0.0,0.20076128630318435,0.000342754947845704,0.025086571962774553,,,,,1.9430082763887766,-0.0498739215982813
dwell_r0_xi_0.05_p+3_Nd4001_dt1,fu_long_cw,dwell,0,xi_0.05,3,4001,1.0,2.5350000000000003e-06,0.07321886766113006,79.9879404960011,4379,4379,0,127.01758392327015,137.01771,0.0,0.05,linear,0.4356225653663471,0.023640641620788872,3.085541970618942e-10,1.3051853753011547e-08,0.002439806503724994,1.5279908373439781,0.00019526673510491388,-2.068067429545111e-06,0.00020327638507016587,1.9430082763887766,0.0012531328320802004,0.27703083288908337,0.0006854164223319883,0.023640641620788872,,,,,1.9430082763887766,0.0
dwell_r0_xi_1_p+3_Nd4001_dt1,fu_long_cw,dwell,0,xi_1,3,4001,1.0,2.5350000000000003e-06,0.07321886766113006,84.18484282400095,4379,219,4160,2539.771689497717,2373.6809166666667,0.06933333333333333,1.0,atomic,1.4546066422842205,0.6057588733025641,1.0966670235287004e-09,1.8104019138006715e-09,0.0007010765332449513,2.018578070923165,0.00010118977924713752,0.00011486950383504557,0.0003063807819313102,1.2919007403950682,0.13283208020050125,0.6244041214826599,0.004327052981939054,0.13781273574275701,0.2036174076817009,0.19454631690703822,0.2634965477575435,0.19731959080968187,1.9648638797821645,0.6729631393870963
dwell_r0_xi_1_p+3_Nd4001_dt1,fu_long_cw,dwell,0,xi_1,3,4001,1.0,2.5350000000000003e-06,0.07321886766113006,84.18484282400095,4379,219,4160,2539.771689497717,2373.6809166666667,0.06933333333333333,1.0,static,0.01858950823629473,0.018251521276661405,7.699499086878807e-12,4.2185519607750804e-10,0.00041834863242977535,2.181108396016154,0.00010820167635164329,-3.831821513971463e-08,2.5819737210193296e-06,1.9999994472922895,0.0,0.13613321555188065,0.0001987997816396512,0.0009675580739150935,,,,,1.9648638797821645,-0.03513556751012503
dwell_r0_xi_1_p+3_Nd4001_dt1,fu_long_cw,dwell,0,xi_1,3,4001,1.0,2.5350000000000003e-06,0.07321886766113006,84.18484282400095,4379,219,4160,2539.771689497717,2373.6809166666667,0.06933333333333333,1.0,static_lti,0.08470829532707948,0.04208190702234894,2.007915165833274e-11,4.771445278767682e-10,0.00043616231426720766,2.1721615623331876,0.000108927924874259,3.78583699599964e-08,1.689873884969172e-05,1.994451108484681,0.0012531328320802004,0.17818190149801186,0.00039206047953373445,0.002523247952258804,,,,,1.9648638797821645,-0.02958722870251651
dwell_r0_xi_1_p+3_Nd4001_dt1,fu_long_cw,dwell,0,xi_1,3,4001,1.0,2.5350000000000003e-06,0.07321886766113006,84.18484282400095,4379,219,4160,2539.771689497717,2373.6809166666667,0.06933333333333333,1.0,static_mh,1.9668466709023844,1.9637044773873162,8.262446683879483e-10,4.2075815271718293e-10,0.0004176523069183804,2.1792501515646454,0.0001118453105774052,2.9892594083902004e-05,0.00023117215253458522,1.0857883183302675,0.14536340852130325,0.67191948935253,0.007342132793146068,0.10383009217968908,,,,,1.9648638797821645,0.879075561451897
dwell_r0_xi_1_p+3_Nd4001_dt1,fu_long_cw,dwell,0,xi_1,3,4001,1.0,2.5350000000000003e-06,0.07321886766113006,84.18484282400095,4379,219,4160,2539.771689497717,2373.6809166666667,0.06933333333333333,1.0,static_lti_mh,0.12607957522676538,0.08190036597855299,3.90572190637899e-11,4.768869906395498e-10,0.00043605929514946507,2.1724471384201833,0.00010901174406248284,3.0088357775261678e-05,0.00013674702255929918,1.956072400842375,0.008771929824561403,0.19055745896482898,0.0004522061077564187,0.0049081280773499835,,,,,1.9648638797821645,0.008791478939789377
dwell_r0_xi_1_p+3_Nd4001_dt1,fu_long_cw,dwell,0,xi_1,3,4001,1.0,2.5350000000000003e-06,0.07321886766113006,84.18484282400095,4379,219,4160,2539.771689497717,2373.6809166666667,0.06933333333333333,1.0,linear,0.055306465124853,0.018953736012193138,1.5082740463145496e-10,7.957660934732135e-09,0.001785703568721127,1.2340424211017855,0.000181317491705106,-1.2476056864920184e-06,5.309584204275435e-05,1.9648638797821645,0.002506265664160401,0.11212024873965028,0.00017558667965191383,0.018953736012193138,,,,,1.9648638797821645,0.0
dwell_r0_xi_4_p+3_Nd4001_dt1,fu_long_cw,dwell,0,xi_4,3,4001,1.0,2.5350000000000003e-06,0.07321886766113006,75.90645078399757,4379,55,4324,10112.90909090909,9394.10545,0.07206666666666667,4.0,atomic,1.005075470873793,0.49599046552815856,5.372986466197906e-10,1.0832842241183906e-09,0.0005754275520213366,2.038328224421719,0.0001096277826866851,7.165201728628876e-05,0.0002698559818603178,1.5473762783671747,0.08646616541353383,0.49562098766197094,0.0026558484403773224,0.06993966671216395,0.0779408138494961,0.06825285214420541,0.1063700815891858,0.06843950535257137,2.0,0.45262372163282527
dwell_r0_xi_4_p+3_Nd4001_dt1,fu_long_cw,dwell,0,xi_4,3,4001,1.0,2.5350000000000003e-06,0.07321886766113006,75.90645078399757,4379,55,4324,10112.90909090909,9394.10545,0.07206666666666667,4.0,static,0.01763891892470817,0.016913527318797063,7.21825162478756e-12,4.2677387683440015e-10,0.00041798862649613817,2.1817040623656707,0.00010825302013766899,3.884914337926917e-08,2.279119475161971e-06,1.9999998854619419,0.0,0.13946882143631217,0.0002025055362359058,0.0009395931221085319,,,,,2.0,1.1453805814909401e-07
dwell_r0_xi_4_p+3_Nd4001_dt1,fu_long_cw,dwell,0,xi_4,3,4001,1.0,2.5350000000000003e-06,0.07321886766113006,75.90645078399757,4379,55,4324,10112.90909090909,9394.10545,0.07206666666666667,4.0,static_lti,0.05802013715421081,0.039081968983427896,1.7985451232700506e-11,4.6019818603118383e-10,0.0004302994402823321,2.161491115679018,0.00010887553143949068,8.693288200684424e-07,1.5002070237649016e-05,1.9998943126294533,0.0,0.16330161551016018,0.0002932898662332992,0.0023411495130250697,,,,,2.0,0.00010568737054672539
dwell_r0_xi_4_p+3_Nd4001_dt1,fu_long_cw,dwell,0,xi_4,3,4001,1.0,2.5350000000000003e-06,0.07321886766113006,75.90645078399757,4379,55,4324,10112.90909090909,9394.10545,0.07206666666666667,4.0,static_mh,0.8773740495619097,0.8747237191861982,3.711511194090608e-10,4.2430668251955296e-10,0.000416632898537879,2.1795738100472746,0.00010989501599376915,3.049501514773077e-05,0.00023615171990067535,1.5603693547562016,0.07518796992481203,0.446811974457663,0.0022036256748032314,0.04831239712703968,,,,,2.0,0.43963064524379836
dwell_r0_xi_4_p+3_Nd4001_dt1,fu_long_cw,dwell,0,xi_4,3,4001,1.0,2.5350000000000003e-06,0.07321886766113006,75.90645078399757,4379,55,4324,10112.90909090909,9394.10545,0.07206666666666667,4.0,static_lti_mh,0.09488412823358694,0.07507847372210844,3.457162834485293e-11,4.6047324393959524e-10,0.0004303864556750034,2.1615701042974376,0.00010895456330784754,3.129123475144663e-05,0.00020038214051624684,1.9753588291535848,0.002506265664160401,0.1715145418648174,0.00031736301262709114,0.004500156811016157,,,,,2.0,0.02464117084641515
dwell_r0_xi_4_p+3_Nd4001_dt1,fu_long_cw,dwell,0,xi_4,3,4001,1.0,2.5350000000000003e-06,0.07321886766113006,75.90645078399757,4379,55,4324,10112.90909090909,9394.10545,0.07206666666666667,4.0,linear,0.028637926831598853,0.01574390621647071,1.2094966848258365e-10,7.682316371781384e-09,0.0017628985995158735,1.2225412767267216,0.00018064291517562347,3.3798214508588066e-06,4.202623835369706e-05,2.0,0.0,0.08420428380762454,7.556937111917141e-05,0.01574390621647071,,,,,2.0,0.0
dwell_r0_xi_8_p+3_Nd4001_dt1,fu_long_cw,dwell,0,xi_8,3,4001,1.0,2.5350000000000003e-06,0.07321886766113006,87.36457643600079,4379,27,4352,20600.37037037037,19116.15685,0.07253333333333334,8.0,atomic,0.8103264790191782,0.4267033410570813,3.645852693646036e-10,8.54423282605214e-10,0.0005247617172909352,2.0683031578608446,0.00010997889172188603,5.2767156571276416e-05,0.000260713882910639,1.5199894544740804,0.08395989974937343,0.45719937705172164,0.0019293781938212362,0.047872300498396414,0.05148076055407463,0.04183102852314979,0.07325485442640937,0.04157808227561909,1.9009449617101444,0.380955507236064
dwell_r0_xi_8_p+3_Nd4001_dt1,fu_long_cw,dwell,0,xi_8,3,4001,1.0,2.5350000000000003e-06,0.07321886766113006,87.36457643600079,4379,27,4352,20600.37037037037,19116.15685,0.07253333333333334,8.0,static,0.017464241032004935,0.016404416691897496,7.01338342474212e-12,4.275301924149601e-10,0.0004179211110088195,2.181762490916772,0.00010825486465064341,4.976449404699589e-08,2.2243636244345415e-06,1.999999383926823,0.0,0.14213654686075386,0.00020983227499652535,0.0009209006151149888,,,,,1.9009449617101444,-0.0990544222166787
dwell_r0_xi_8_p+3_Nd4001_dt1,fu_long_cw,dwell,0,xi_8,3,4001,1.0,2.5350000000000003e-06,0.07321886766113006,87.36457643600079,4379,27,4352,20600.37037037037,19116.15685,0.07253333333333334,8.0,static_lti,0.054186993260767584,0.03765144635963615,1.721782478806701e-11,4.572951759570438e-10,0.00042904461100811445,2.159754196114925,0.00010885469116213478,-3.0534994440272036e-07,1.4755155380287918e-05,1.9923660132657839,0.0012531328320802004,0.1659394557164996,0.00027853619428346526,0.002260806871379063,,,,,1.9009449617101444,-0.09142105155563951
dwell_r0_xi_8_p+3_Nd4001_dt1,fu_long_cw,dwell,0,xi_8,3,4001,1.0,2.5350000000000003e-06,0.07321886766113006,87.36457643600079,4379,27,4352,20600.37037037037,19116.15685,0.07253333333333334,8.0,static_mh,0.6922911521064197,0.6873703447798385,2.9314263958884813e-10,4.264697216210867e-10,0.00041701241609669944,2.1837406128529233,0.00010968770847109141,3.0491923662941125e-05,0.00023693991984671939,1.5090220627223043,0.09147869674185463,0.40484576624701685,0.0015280893493700646,0.03849144140065718,,,,,1.9009449617101444,0.39192289898784005
dwell_r0_xi_8_p+3_Nd4001_dt1,fu_long_cw,dwell,0,xi_8,3,4001,1.0,2.5350000000000003e-06,0.07321886766113006,87.36457643600079,4379,27,4352,20600.37037037037,19116.15685,0.07253333333333334,8.0,static_lti_mh,0.0923820511615018,0.07490854387962377,3.428367656016972e-11,4.5767378171524417e-10,0.00042915454564091397,2.159886787788797,0.00010893876882711152,3.0138325601141337e-05,0.00021943988123771397,1.9752579209126095,0.0037593984962406013,0.17326630928181705,0.0003013216844711749,0.004501658745946078,,,,,1.9009449617101444,-0.07431295920246517
dwell_r0_xi_8_p+3_Nd4001_dt1,fu_long_cw,dwell,0,xi_8,3,4001,1.0,2.5350000000000003e-06,0.07321886766113006,87.36457643600079,4379,27,4352,20600.37037037037,19116.15685,0.07253333333333334,8.0,linear,0.023556973971622066,0.014997347610270547,1.1421661297493397e-10,7.615787534104741e-09,0.0017574018243269097,1.2206000001147597,0.00018044127223807265,4.278759538466628e-07,4.0138517121059645e-05,1.9009449617101444,0.002506265664160401,0.08137536480144009,6.125044460022587e-05,0.014997347610270547,,,,,1.9009449617101444,0.0
dwell_r0_xi_16_p+3_Nd4001_dt1,fu_long_cw,dwell,0,xi_16,3,4001,1.0,2.5350000000000003e-06,0.07321886766113006,79.66657279699939,4379,14,4365,39729.28571428572,36848.98018333333,0.07275,16.0,atomic,0.70273858569471,0.388868349251404,2.8103008859866505e-10,7.226869688409088e-10,0.0004907943891310478,2.0903903777266946,0.00010973643267512582,3.870034334009248e-05,0.00025641177408319756,1.6633610821479294,0.07644110275689223,0.3905744106394234,0.00178916022043483,0.03702576721213805,0.039146285924379735,0.029271918841755864,0.056218073893775,0.02886344343158809,2.0,0.33663891785207056
dwell_r0_xi_16_p+3_Nd4001_dt1,fu_long_cw,dwell,0,xi_16,3,4001,1.0,2.5350000000000003e-06,0.07321886766113006,79.66657279699939,4379,14,4365,39729.28571428572,36848.98018333333,0.07275,16.0,static,0.01745473806329814,0.01615362138407343,6.911361506898045e-12,4.2785214179355855e-10,0.00041786588480760507,2.181961405494692,0.00010826430250762037,1.4945540838094135e-08,2.1928228573708647e-06,1.9999999828765878,0.0,0.14292255422124978,0.00019009479367187123,0.000910573182926272,,,,,2.0,1.7123412243691405e-08
dwell_r0_xi_16_p+3_Nd4001_dt1,fu_long_cw,dwell,0,xi_16,3,4001,1.0,2.5350000000000003e-06,0.07321886766113006,79.66657279699939,4379,14,4365,39729.28571428572,36848.98018333333,0.07275,16.0,static_lti,0.052564786363506866,0.036909810664742346,1.682885478347625e-11,4.559453023570184e-10,0.0004284206263816086,2.1585141405907233,0.00010883561373834569,-4.139289227991578e-07,1.4277798551093019e-05,1.9999753628723789,0.0,0.16329964799370147,0.0002804823706147645,0.0022172047938600246,,,,,2.0,2.4637127621129906e-05
dwell_r0_xi_16_p+3_Nd4001_dt1,fu_long_cw,dwell,0,xi_16,3,4001,1.0,2.5350000000000003e-06,0.07321886766113006,79.66657279699939,4379,14,4365,39729.28571428572,36848.98018333333,0.07275,16.0,static_mh,0.6014042357664939,0.5943523299756749,2.557496354824167e-10,4.3029971043082105e-10,0.0004184033146945639,2.179813582292626,0.0001095198171318479,3.0461684542055648e-05,0.00023733258456421923,1.6631486022260142,0.07268170426065163,0.3989828010709157,0.0013197822124130071,0.03369506274285146,,,,,2.0,0.33685139777398576
dwell_r0_xi_16_p+3_Nd4001_dt1,fu_long_cw,dwell,0,xi_16,3,4001,1.0,2.5350000000000003e-06,0.07321886766113006,79.66657279699939,4379,14,4365,39729.28571428572,36848.98018333333,0.07275,16.0,static_lti_mh,0.09124416522954776,0.07612039464529548,3.466404546924351e-11,4.553844686535119e-10,0.00042837734680183293,2.1584015554655664,0.0001089103164323238,3.0032282074348898e-05,0.00022841012390553927,1.9999137301896661,0.0,0.1704860619291979,0.0003074162328205386,0.004566994532774295,,,,,2.0,8.626981033388326e-05
dwell_r0_xi_16_p+3_Nd4001_dt1,fu_long_cw,dwell,0,xi_16,3,4001,1.0,2.5350000000000003e-06,0.07321886766113006,79.66657279699939,4379,14,4365,39729.28571428572,36848.98018333333,0.07275,16.0,linear,0.021821788766394002,0.01483869480149077,1.1262750318876373e-10,7.59012195448946e-09,0.001755105519857061,1.2196767735521528,0.0001803478392470871,-7.528687493260475e-07,3.873732512410452e-05,2.0,0.0,0.07838727639659238,6.188867856629642e-05,0.01483869480149077,,,,,2.0,0.0
dwell_r0_xi_32_p+3_Nd4001_dt1,fu_long_cw,dwell,0,xi_32,3,4001,1.0,2.5350000000000003e-06,0.07321886766113006,77.05261950199929,4379,7,4372,79458.57142857143,73678.69019333333,0.07286666666666666,32.0,atomic,0.6671814895815438,0.42015730095131304,2.474107554821258e-10,5.888526866531715e-10,0.0004526499496562703,2.1352192353609074,0.00010888245175654766,2.6887893594581907e-05,0.0002558378842575736,1.562016596218223,0.09899749373433583,0.39955924774452856,0.0017795032937204026,0.032664635977100544,0.03191926481560672,0.022119066810164033,0.048228035331984845,0.021548491709819803,2.0,0.4379834037817769
dwell_r0_xi_32_p+3_Nd4001_dt1,fu_long_cw,dwell,0,xi_32,3,4001,1.0,2.5350000000000003e-06,0.07321886766113006,77.05261950199929,4379,7,4372,79458.57142857143,73678.69019333333,0.07286666666666666,32.0,static,0.01741919340292733,0.015915500994506476,6.816174334903769e-12,4.282726844261136e-10,0.0004179471600765533,2.181934609822047,0.0001082561120570223,-7.209910217914867e-09,2.192299076380235e-06,1.9999992086503735,0.0,0.13989145893151106,0.00020143437008766406,0.0008999117801981418,,,,,2.0,7.913496264944087e-07
dwell_r0_xi_32_p+3_Nd4001_dt1,fu_long_cw,dwell,0,xi_32,3,4001,1.0,2.5350000000000003e-06,0.07321886766113006,77.05261950199929,4379,7,4372,79458.57142857143,73678.69019333333,0.07286666666666666,32.0,static_lti,0.050786079425231175,0.03585094330488787,1.631642748824278e-11,4.551184985422188e-10,0.00042809098472095875,2.1583771330341546,0.0001088462243014087,-4.953459244190479e-07,1.4273679454727935e-05,1.999885424776539,0.0,0.1598452602823713,0.0002759301838197561,0.002154191572276702,,,,,2.0,0.0001145752234610331
dwell_r0_xi_32_p+3_Nd4001_dt1,fu_long_cw,dwell,0,xi_32,3,4001,1.0,2.5350000000000003e-06,0.07321886766113006,77.05261950199929,4379,7,4372,79458.57142857143,73678.69019333333,0.07286666666666666,32.0,static_mh,0.5553740565024251,0.5523119406927876,2.3697080755286034e-10,4.290524793934713e-10,0.0004182246652057541,2.184111066300901,0.00010934461113538269,3.0439444934433722e-05,0.00023753302404081923,1.6426435561705395,0.06766917293233082,0.3563621361313344,0.0012629593089245486,0.03128629210492406,,,,,2.0,0.3573564438294605
dwell_r0_xi_32_p+3_Nd4001_dt1,fu_long_cw,dwell,0,xi_32,3,4001,1.0,2.5350000000000003e-06,0.07321886766113006,77.05261950199929,4379,7,4372,79458.57142857143,73678.69019333333,0.07286666666666666,32.0,static_lti_mh,0.09049425130456763,0.07488648899824066,3.4080685548421594e-11,4.5509792225967845e-10,0.0004280597549692128,2.158351345805611,0.00010892897850482141,2.9948739826677787e-05,0.0002337000517555412,1.9991531090766421,0.0,0.16624981946112316,0.0002988283248788684,0.004499534327518951,,,,,2.0,0.0008468909233578792
dwell_r0_xi_32_p+3_Nd4001_dt1,fu_long_cw,dwell,0,xi_32,3,4001,1.0,2.5350000000000003e-06,0.07321886766113006,77.05261950199929,4379,7,4372,79458.57142857143,73678.69019333333,0.07286666666666666,32.0,linear,0.020529243827803825,0.014597754970633892,1.1056733000665982e-10,7.57426948384095e-09,0.0017538278339557963,1.21916386176488,0.000180317975189319,-1.5659745613232522e-06,3.749813045925258e-05,2.0,0.0,0.07408629541062929,5.6651347917874405e-05,0.014597754970633892,,,,,2.0,0.0
dwell_r1_xi_0.05_p+3_Nd4001_dt1,fu_long_cw,dwell,1,xi_0.05,3,4001,1.0,2.5350000000000003e-06,0.07321886766113006,80.88137772900154,4379,4379,0,127.01758392327015,137.01771,0.0,0.05,atomic,0.9497480371598387,0.42822302623974423,2.850075625954589e-09,6.6555870453331265e-09,0.0017671851084320362,1.6500284516184693,0.0001360032897375096,-1.81294941140937e-05,0.00022407798505510735,1.841305955078288,0.03884711779448621,0.32177034351174366,0.00099815335573023,0.21785276182381047,0.42838129600402264,0.39366541277910455,0.7989692574635479,0.46911314103443935,1.9372419533751335,0.09593599829684551
dwell_r1_xi_0.05_p+3_Nd4001_dt1,fu_long_cw,dwell,1,xi_0.05,3,4001,1.0,2.5350000000000003e-06,0.07321886766113006,80.88137772900154,4379,4379,0,127.01758392327015,137.01771,0.0,0.05,static,0.05422868780726569,0.054074717919787726,1.5780873633003618e-11,2.9183459923752785e-10,0.00043233138389141485,2.145890640719103,0.0001075993171634698,1.7941603492715057e-08,7.374798857177171e-06,1.9968683491007593,0.0012531328320802004,0.15750162383657706,0.00024636820349156513,0.0012062511161579838,,,,,1.9372419533751335,-0.05962639572562578
dwell_r1_xi_0.05_p+3_Nd4001_dt1,fu_long_cw,dwell,1,xi_0.05,3,4001,1.0,2.5350000000000003e-06,0.07321886766113006,80.88137772900154,4379,4379,0,127.01758392327015,137.01771,0.0,0.05,static_lti,0.44525006762874536,0.029175648946376056,2.4018469331749037e-11,8.232368498775894e-10,0.0006127957474090756,2.4258079975430955,0.00011054036324664839,-1.8915388217910897e-06,4.8478349161319024e-05,1.9234647574900188,0.002506265664160401,0.28166389926919083,0.0008062436345276925,0.0018359126442300902,,,,,1.9372419533751335,0.013777195885114724
dwell_r1_xi_0.05_p+3_Nd4001_dt1,fu_long_cw,dwell,1,xi_0.05,3,4001,1.0,2.5350000000000003e-06,0.07321886766113006,80.88137772900154,4379,4379,0,127.01758392327015,137.01771,0.0,0.05,static_mh,56.97021897910215,52.60144076203694,1.7584896687805174e-08,3.343044683387531e-10,0.00044497636284089386,2.0504128537611637,0.0001712575889184988,3.0063252571694353e-05,6.698174571825038e-05,0.8031620241162505,0.31453634085213034,0.8531913129263857,0.006968007107347064,1.3441461956089769,,,,,1.9372419533751335,1.134079929258883
dwell_r1_xi_0.05_p+3_Nd4001_dt1,fu_long_cw,dwell,1,xi_0.05,3,4001,1.0,2.5350000000000003e-06,0.07321886766113006,80.88137772900154,4379,4379,0,127.01758392327015,137.01771,0.0,0.05,static_lti_mh,0.9607636031008474,0.40550724274950917,3.254487727857457e-10,8.025720344205605e-10,0.0006070521853585583,2.4238086340375906,0.00011178796295663157,2.8124212194077434e-05,5.382610242070503e-05,1.9859814150942863,0.0,0.19574735336029256,0.00040907880322612646,0.024876502692730347,,,,,1.9372419533751335,-0.04873946171915278
dwell_r1_xi_0.05_p+3_Nd4001_dt1,fu_long_cw,dwell,1,xi_0.05,3,4001,1.0,2.5350000000000003e-06,0.07321886766113006,80.88137772900154,4379,4379,0,127.01758392327015,137.01771,0.0,0.05,linear,0.43355942701105776,0.023440167747507713,3.066578096424984e-10,1.3082577434843825e-08,0.0024459643644325893,1.526606431428054,0.00019558765189550464,-5.655978607609925e-06,0.0002054655216074817,1.9372419533751335,0.002506265664160401,0.2657748636118489,0.0007007188095763695,0.023440167747507713,,,,,1.9372419533751335,0.0
dwell_r1_xi_1_p+3_Nd4001_dt1,fu_long_cw,dwell,1,xi_1,3,4001,1.0,2.5350000000000003e-06,0.07321886766113006,82.6465297499999,4379,219,4160,2539.771689497717,2373.6809166666667,0.06933333333333333,1.0,atomic,1.4874064375495069,0.6154444831811389,1.0848485872664664e-09,1.7627074690133693e-09,0.0006890707208192838,2.033501115887992,9.951269825370231e-05,0.00011032849870855089,0.0003084714885688968,1.5136102947464853,0.10651629072681704,0.5416296263833132,0.0031307871422660543,0.13639493908085004,0.2071341482204716,0.19795826392873442,0.26766663389592976,0.20057393239640678,1.9999997902813342,0.4863894955348489
dwell_r1_xi_1_p+3_Nd4001_dt1,fu_long_cw,dwell,1,xi_1,3,4001,1.0,2.5350000000000003e-06,0.07321886766113006,82.6465297499999,4379,219,4160,2539.771689497717,2373.6809166666667,0.06933333333333333,1.0,static,0.01870018968343248,0.0183580121031443,7.749369408865509e-12,4.2212464864527587e-10,0.00041835834618946465,2.18118654038354,0.00010821020930547288,-2.5337237844230942e-08,2.57621558037807e-06,1.9999993462452474,0.0,0.13830455490495228,0.00020855306420396698,0.0009743062588121286,,,,,1.9999997902813342,4.4403608678855733e-07
dwell_r1_xi_1_p+3_Nd4001_dt1,fu_long_cw,dwell,1,xi_1,3,4001,1.0,2.5350000000000003e-06,0.07321886766113006,82.6465297499999,4379,219,4160,2539.771689497717,2373.6809166666667,0.06933333333333333,1.0,static_lti,0.08469224689703081,0.04254735383055217,2.0292530343452026e-11,4.769398920616416e-10,0.0004360411580261611,2.171965327626033,0.00010894801494353866,-4.511888673962359e-07,1.7149679516794973e-05,1.9992971702250073,0.0,0.1770763396868654,0.0003329724458666533,0.0025513223434853387,,,,,1.9999997902813342,0.0007026200563269303
dwell_r1_xi_1_p+3_Nd4001_dt1,fu_long_cw,dwell,1,xi_1,3,4001,1.0,2.5350000000000003e-06,0.07321886766113006,82.6465297499999,4379,219,4160,2539.771689497717,2373.6809166666667,0.06933333333333333,1.0,static_mh,1.9593802013168358,1.955784505006277,8.243346771293417e-10,4.2148543207049084e-10,0.0004178576129512346,2.1806773060173823,0.00011191062944205617,3.003359571644172e-05,0.00023131263647193986,0.9198828261747966,0.14285714285714285,0.7750215036599305,0.00593885806375916,0.10364126329610256,,,,,1.9999997902813342,1.0801169641065376
dwell_r1_xi_1_p+3_Nd4001_dt1,fu_long_cw,dwell,1,xi_1,3,4001,1.0,2.5350000000000003e-06,0.07321886766113006,82.6465297499999,4379,219,4160,2539.771689497717,2373.6809166666667,0.06933333333333333,1.0,static_lti_mh,0.12549668464766284,0.08207323196678588,3.9122085057410475e-11,4.766728946807254e-10,0.00043598091451145304,2.172223988860237,0.00010902657654738063,2.982522809118066e-05,0.00013610989527278734,1.9551224776723612,0.005012531328320802,0.1841205582610557,0.00036350385105416566,0.004918708906250955,,,,,1.9999997902813342,0.044877312608972986
dwell_r1_xi_1_p+3_Nd4001_dt1,fu_long_cw,dwell,1,xi_1,3,4001,1.0,2.5350000000000003e-06,0.07321886766113006,82.6465297499999,4379,219,4160,2539.771689497717,2373.6809166666667,0.06933333333333333,1.0,linear,0.05486424400359995,0.019078654673179714,1.5174647760849155e-10,7.953730501858335e-09,0.0017852211983914934,1.2338722803386215,0.00018133475584295922,-2.1953921392139603e-06,5.386022199024303e-05,1.9999997902813342,0.0,0.1173782369776568,0.00014386837289286932,0.019078654673179714,,,,,1.9999997902813342,0.0
dwell_r1_xi_4_p+3_Nd4001_dt1,fu_long_cw,dwell,1,xi_4,3,4001,1.0,2.5350000000000003e-06,0.07321886766113006,75.75627184900077,4379,55,4324,10112.90909090909,9394.10545,0.07206666666666667,4.0,atomic,0.9834709410731701,0.4905408387279856,5.475631626712933e-10,1.116243785310865e-09,0.000586215716053465,2.033287484441386,0.00010928358555449957,6.617943136727423e-05,0.00027095465580538245,1.5037231127411643,0.08771929824561403,0.4824168742986817,0.0026190189660302288,0.07132225504410132,0.08035574992711496,0.07093294283875967,0.10741117683062153,0.0711768846997825,1.9611158147292267,0.45739270198806237
dwell_r1_xi_4_p+3_Nd4001_dt1,fu_long_cw,dwell,1,xi_4,3,4001,1.0,2.5350000000000003e-06,0.07321886766113006,75.75627184900077,4379,55,4324,10112.90909090909,9394.10545,0.07206666666666667,4.0,static,0.017822846520211266,0.0170410890060695,7.271585222106972e-12,4.2670895149465286e-10,0.00041794385143863205,2.1819649915655797,0.00010826194591806536,2.8103332382126143e-08,2.2957481263480558e-06,1.9999985760977201,0.0,0.1380391640536746,0.00020380162866730784,0.0009471525682186313,,,,,1.9611158147292267,-0.038882761368493446
dwell_r1_xi_4_p+3_Nd4001_dt1,fu_long_cw,dwell,1,xi_4,3,4001,1.0,2.5350000000000003e-06,0.07321886766113006,75.75627184900077,4379,55,4324,10112.90909090909,9394.10545,0.07206666666666667,4.0,static_lti,0.058356460231375175,0.03883838914005391,1.788278848150519e-11,4.604410449933601e-10,0.0004302926618013546,2.1613740740320067,0.0001088697652217744,-3.0856790389805057e-07,1.5154529980585431e-05,1.9967990846854802,0.0012531328320802004,0.16908506243376034,0.0003134232871421181,0.0023293035177081264,,,,,1.9611158147292267,-0.03568326995625348
dwell_r1_xi_4_p+3_Nd4001_dt1,fu_long_cw,dwell,1,xi_4,3,4001,1.0,2.5350000000000003e-06,0.07321886766113006,75.75627184900077,4379,55,4324,10112.90909090909,9394.10545,0.07206666666666667,4.0,static_mh,0.8563563873004518,0.8517359551375581,3.691696458637409e-10,4.334320321185911e-10,0.0004208605952243918,2.1850655334486966,0.00011005119309358727,3.0478749874096613e-05,0.00023619883408244872,1.6228093105851618,0.08270676691729323,0.42542181632620474,0.001915410893642282,0.04808579800800153,,,,,1.9611158147292267,0.33830650414406493
dwell_r1_xi_4_p+3_Nd4001_dt1,fu_long_cw,dwell,1,xi_4,3,4001,1.0,2.5350000000000003e-06,0.07321886766113006,75.75627184900077,4379,55,4324,10112.90909090909,9394.10545,0.07206666666666667,4.0,static_lti_mh,0.09430527602115302,0.073848070234893,3.401856112894365e-11,4.6065606075742764e-10,0.0004303377852454658,2.1607628697795094,0.00010894960010331143,3.014225647844446e-05,0.00020015861116155824,1.9448398851589652,0.005012531328320802,0.17888145151144116,0.00035815589091786143,0.0044310513534826425,,,,,1.9611158147292267,0.01627592957026147
dwell_r1_xi_4_p+3_Nd4001_dt1,fu_long_cw,dwell,1,xi_4,3,4001,1.0,2.5350000000000003e-06,0.07321886766113006,75.75627184900077,4379,55,4324,10112.90909090909,9394.10545,0.07206666666666667,4.0,linear,0.027834705384260094,0.01560433873464943,1.1979936786428723e-10,7.677311413284868e-09,0.0017628855793519647,1.2224979991476614,0.00018060679748673793,7.504508163232348e-07,4.210664124528377e-05,1.9611158147292267,0.0012531328320802004,0.08616610101597216,7.456772993995693e-05,0.01560433873464943,,,,,1.9611158147292267,0.0
dwell_r1_xi_8_p+3_Nd4001_dt1,fu_long_cw,dwell,1,xi_8,3,4001,1.0,2.5350000000000003e-06,0.07321886766113006,77.39842484799738,4379,27,4352,20600.37037037037,19116.15685,0.07253333333333334,8.0,atomic,0.9089984419693088,0.47931241344779835,3.7480549744980924e-10,7.819649292071362e-10,0.0004978195096618147,2.1020933307235428,0.00010916341865774141,5.195059762019792e-05,0.0002576469531030614,1.4903526291260991,0.09649122807017543,0.4671131003339298,0.0025222652774918317,0.04916463727588264,0.051373833100234266,0.041586075347543265,0.07204158603250177,0.0413928222265962,2.0,0.5096473708739009
dwell_r1_xi_8_p+3_Nd4001_dt1,fu_long_cw,dwell,1,xi_8,3,4001,1.0,2.5350000000000003e-06,0.07321886766113006,77.39842484799738,4379,27,4352,20600.37037037037,19116.15685,0.07253333333333334,8.0,static,0.0175186582277533,0.016466801442744844,7.040623253004479e-12,4.275647142212022e-10,0.0004179530012011386,2.1822713885956686,0.00010826963281797847,1.7770140786951307e-08,2.254921300349094e-06,1.9999998854735423,0.0,0.13734088048213458,0.0001980178799632088,0.0009235448540251561,,,,,2.0,1.1452645765075431e-07
dwell_r1_xi_8_p+3_Nd4001_dt1,fu_long_cw,dwell,1,xi_8,3,4001,1.0,2.5350000000000003e-06,0.07321886766113006,77.39842484799738,4379,27,4352,20600.37037037037,19116.15685,0.07253333333333334,8.0,static_lti,0.05423259075054099,0.03751882121784602,1.7142364304718887e-11,4.569003968750765e-10,0.000428836410016338,2.159244367987559,0.00010885357677946772,7.129463556820563e-07,1.512267345704035e-05,1.9999418631305077,0.0,0.15878822246921806,0.0002937029003543787,0.0022486279652432326,,,,,2.0,5.8136869492297905e-05
dwell_r1_xi_8_p+3_Nd4001_dt1,fu_long_cw,dwell,1,xi_8,3,4001,1.0,2.5350000000000003e-06,0.07321886766113006,77.39842484799738,4379,27,4352,20600.37037037037,19116.15685,0.07253333333333334,8.0,static_mh,0.6917256418837526,0.6864343444469896,2.928581863063105e-10,4.266368497955112e-10,0.0004170614473769847,2.178847653644513,0.00010955703241710293,3.0469630190635064e-05,0.00023694859709508711,1.6178515720379623,0.08395989974937343,0.3842959905601532,0.0015229091848128731,0.03841530233945063,,,,,2.0,0.38214842796203774
dwell_r1_xi_8_p+3_Nd4001_dt1,fu_long_cw,dwell,1,xi_8,3,4001,1.0,2.5350000000000003e-06,0.07321886766113006,77.39842484799738,4379,27,4352,20600.37037037037,19116.15685,0.07253333333333334,8.0,static_lti_mh,0.0932055647950624,0.07672836273453078,3.501808136709145e-11,4.563903114712486e-10,0.0004287671248654195,2.1594293845962054,0.00010893970811990261,3.116510559128155e-05,0.000220192509581587,1.9998520070885109,0.0,0.1674207206183932,0.00032325772637380217,0.004593452551322154,,,,,2.0,0.00014799291148914762
dwell_r1_xi_8_p+3_Nd4001_dt1,fu_long_cw,dwell,1,xi_8,3,4001,1.0,2.5350000000000003e-06,0.07321886766113006,77.39842484799738,4379,27,4352,20600.37037037037,19116.15685,0.07253333333333334,8.0,linear,0.024301292891121068,0.015029982720281384,1.1458073245870332e-10,7.623477324700357e-09,0.0017577343608622144,1.2204285527613479,0.00018043153465187867,2.3736440111824557e-06,4.0590108857057296e-05,2.0,0.0,0.0779403538716929,6.531335965197922e-05,0.015029982720281384,,,,,2.0,0.0
dwell_r1_xi_16_p+3_Nd4001_dt1,fu_long_cw,dwell,1,xi_16,3,4001,1.0,2.5350000000000003e-06,0.07321886766113006,88.57314556100027,4379,14,4365,39729.28571428572,36848.98018333333,0.07275,16.0,atomic,0.7601151599692666,0.44358106973144296,2.990700581964924e-10,6.742173609382345e-10,0.0004753616992056966,2.1141851046142457,0.00010891220255277892,3.9238827341395994e-05,0.00025771054312948835,1.5304387650803692,0.10275689223057644,0.4233146848349422,0.001966663131599012,0.03939148528578105,0.03972178471820413,0.029991126722535868,0.05873540682933846,0.02952938541903745,1.9843275330086583,0.453888767928289
dwell_r1_xi_16_p+3_Nd4001_dt1,fu_long_cw,dwell,1,xi_16,3,4001,1.0,2.5350000000000003e-06,0.07321886766113006,88.57314556100027,4379,14,4365,39729.28571428572,36848.98018333333,0.07275,16.0,static,0.017483574772295507,0.01622319046628367,6.935075207038043e-12,4.274791214127129e-10,0.0004176980761801674,2.1818206179699686,0.00010827040835574321,1.4372764720577764e-08,2.2270447751920244e-06,1.999998880441347,0.0,0.13686886849785734,0.00020456246451969228,0.0009134412004371891,,,,,1.9843275330086583,-0.01567134743268883
dwell_r1_xi_16_p+3_Nd4001_dt1,fu_long_cw,dwell,1,xi_16,3,4001,1.0,2.5350000000000003e-06,0.07321886766113006,88.57314556100027,4379,14,4365,39729.28571428572,36848.98018333333,0.07275,16.0,static_lti,0.05129851229044836,0.036457796352139554,1.6620662399242623e-11,4.558877404082934e-10,0.0004285642270717902,2.15838813444288,0.00010882009340130749,5.364198272461078e-07,1.4424518320116089e-05,1.996527458811273,0.0012531328320802004,0.16003536262096127,0.00027081381408905063,0.0021891612362931584,,,,,1.9843275330086583,-0.012199925802614642
dwell_r1_xi_16_p+3_Nd4001_dt1,fu_long_cw,dwell,1,xi_16,3,4001,1.0,2.5350000000000003e-06,0.07321886766113006,88.57314556100027,4379,14,4365,39729.28571428572,36848.98018333333,0.07275,16.0,static_mh,0.6077504637042181,0.6046574539017604,2.5719805070522007e-10,4.2536158124829374e-10,0.0004165193211129437,2.182859510139436,0.00010936102039596763,3.045315033593593e-05,0.00023732799656469702,1.7135825584995374,0.08270676691729323,0.36202001169971,0.0012403764468155484,0.03387638766308659,,,,,1.9843275330086583,0.27074497450912083
dwell_r1_xi_16_p+3_Nd4001_dt1,fu_long_cw,dwell,1,xi_16,3,4001,1.0,2.5350000000000003e-06,0.07321886766113006,88.57314556100027,4379,14,4365,39729.28571428572,36848.98018333333,0.07275,16.0,static_lti_mh,0.091103387033425,0.07466406841783589,3.408778508252791e-11,4.565487228979469e-10,0.00042866808635855404,2.1585884795652817,0.00010890815372030587,3.0974961101633654e-05,0.00022815661813477576,1.9917443541285258,0.002506265664160401,0.1666773052408925,0.00029642028788618086,0.004489812496111031,,,,,1.9843275330086583,-0.007416821119867523
dwell_r1_xi_16_p+3_Nd4001_dt1,fu_long_cw,dwell,1,xi_16,3,4001,1.0,2.5350000000000003e-06,0.07321886766113006,88.57314556100027,4379,14,4365,39729.28571428572,36848.98018333333,0.07275,16.0,linear,0.021753249967765453,0.014740813387525557,1.1191596066224572e-10,7.59225137175638e-09,0.0017553511714030058,1.2198979637151544,0.00018033290133054553,1.8011079846053801e-06,3.83399548907891e-05,1.9843275330086583,0.0012531328320802004,0.07586730760112781,5.94035013835145e-05,0.014740813387525557,,,,,1.9843275330086583,0.0
dwell_r1_xi_32_p+3_Nd4001_dt1,fu_long_cw,dwell,1,xi_32,3,4001,1.0,2.5350000000000003e-06,0.07321886766113006,80.38451576300213,4379,7,4372,79458.57142857143,73678.69019333333,0.07286666666666666,32.0,atomic,0.6546975522088901,0.4028628199995683,2.5047231414856174e-10,6.217310253371858e-10,0.0004640245820427727,2.116757330406162,0.00010901417255893024,2.86062488076927e-05,0.00025747619733894724,1.5725709716890626,0.10401002506265664,0.39776868943180793,0.0017943840360582304,0.0330876440520519,0.032955080791141615,0.02331244718083852,0.04864606617564597,0.02279581358810423,2.0,0.42742902831093743
dwell_r1_xi_32_p+3_Nd4001_dt1,fu_long_cw,dwell,1,xi_32,3,4001,1.0,2.5350000000000003e-06,0.07321886766113006,80.38451576300213,4379,7,4372,79458.57142857143,73678.69019333333,0.07286666666666666,32.0,static,0.017290551001985403,0.015840922175813732,6.781192246520645e-12,4.2808064904670245e-10,0.0004178732518676097,2.181575782085558,0.00010825153849297953,1.4817080588104627e-09,2.2126977128593553e-06,1.9999985114179657,0.0,0.13458035268719226,0.00020611208325131212,0.0008958023008017059,,,,,2.0,1.488582034303576e-06
dwell_r1_xi_32_p+3_Nd4001_dt1,fu_long_cw,dwell,1,xi_32,3,4001,1.0,2.5350000000000003e-06,0.07321886766113006,80.38451576300213,4379,7,4372,79458.57142857143,73678.69019333333,0.07286666666666666,32.0,static_lti,0.04948149610751234,0.03595543804744518,1.634304278678093e-11,4.5453605001878677e-10,0.00042811331868755826,2.158470146952238,0.00010883207051808813,1.4306158945507746e-07,1.4310520089406075e-05,1.9999490437227332,0.0,0.1585991760107668,0.000261960563387075,0.002158932352642085,,,,,2.0,5.095627726681151e-05
dwell_r1_xi_32_p+3_Nd4001_dt1,fu_long_cw,dwell,1,xi_32,3,4001,1.0,2.5350000000000003e-06,0.07321886766113006,80.38451576300213,4379,7,4372,79458.57142857143,73678.69019333333,0.07286666666666666,32.0,static_mh,0.5571799106299778,0.5533802975979615,2.3753074894261496e-10,4.292360063660676e-10,0.0004182240475262894,2.1818066149309576,0.00010930609300504866,3.0443470016652897e-05,0.00023754160664526188,1.616929028265167,0.07644110275689223,0.3666082480647408,0.0012363492524364687,0.03137805030127589,,,,,2.0,0.38307097173483307
dwell_r1_xi_32_p+3_Nd4001_dt1,fu_long_cw,dwell,1,xi_32,3,4001,1.0,2.5350000000000003e-06,0.07321886766113006,80.38451576300213,4379,7,4372,79458.57142857143,73678.69019333333,0.07286666666666666,32.0,static_lti_mh,0.08972517408919622,0.07605195955000134,3.454933861935305e-11,4.542859753224129e-10,0.00042806943759660955,2.158535394078775,0.00010891943866901019,3.0584399325855535e-05,0.0002333951883025004,1.9994072230578055,0.0,0.1642196890483389,0.00028730173502624436,0.004564002302437817,,,,,2.0,0.0005927769421945062
dwell_r1_xi_32_p+3_Nd4001_dt1,fu_long_cw,dwell,1,xi_32,3,4001,1.0,2.5350000000000003e-06,0.07321886766113006,80.38451576300213,4379,7,4372,79458.57142857143,73678.69019333333,0.07286666666666666,32.0,linear,0.0202509022849917,0.014544312998333352,1.1009994331003591e-10,7.569965203763999e-09,0.0017535590138906235,1.2191645176079047,0.00018031855302325553,6.882041234801262e-07,3.910222159139396e-05,2.0,0.0,0.07330294211553469,5.906947140235593e-05,0.014544312998333352,,,,,2.0,0.0
dwell_r2_xi_0.05_p+3_Nd4001_dt1,fu_long_cw,dwell,2,xi_0.05,3,4001,1.0,2.5350000000000003e-06,0.07321886766113006,85.0208936300005,4379,4379,0,127.01758392327015,137.01771,0.0,0.05,atomic,0.9429066570704847,0.4237903212949391,2.8203812602736805e-09,6.655133726640306e-09,0.0017649215275467353,1.6469253328823044,0.00013550000021768287,-2.0800648111797246e-05,0.00022521990386936057,1.8391208218827222,0.03383458646616541,0.32765623994810306,0.001113989976358211,0.2152011074976016,0.43013516502434734,0.39698998096575727,0.8036005356047984,0.4720003521277541,1.946028467507655,0.10690764562493271
dwell_r2_xi_0.05_p+3_Nd4001_dt1,fu_long_cw,dwell,2,xi_0.05,3,4001,1.0,2.5350000000000003e-06,0.07321886766113006,85.0208936300005,4379,4379,0,127.01758392327015,137.01771,0.0,0.05,static,0.05402154499748444,0.053859327822944635,1.5811845504403758e-11,2.9357673301053986e-10,0.00043298948678267585,2.1412216114967952,0.00010769178882058959,-1.2263993984641327e-08,7.346147109705749e-06,1.999330017533702,0.0,0.14997942611385828,0.00021358936947006875,0.0012064775468684232,,,,,1.946028467507655,-0.053301550026047195
dwell_r2_xi_0.05_p+3_Nd4001_dt1,fu_long_cw,dwell,2,xi_0.05,3,4001,1.0,2.5350000000000003e-06,0.07321886766113006,85.0208936300005,4379,4379,0,127.01758392327015,137.01771,0.0,0.05,static_lti,0.4423784935106503,0.02909414342895817,2.4084801511364465e-11,8.27823014283769e-10,0.0006141955129935979,2.430684225009893,0.00011053172531197799,-1.7389027718761111e-06,4.8392444465068754e-05,1.9391109027312108,0.005012531328320802,0.28904635645952204,0.0007503096103163958,0.001837721740713379,,,,,1.946028467507655,0.006917564776444118
dwell_r2_xi_0.05_p+3_Nd4001_dt1,fu_long_cw,dwell,2,xi_0.05,3,4001,1.0,2.5350000000000003e-06,0.07321886766113006,85.0208936300005,4379,4379,0,127.01758392327015,137.01771,0.0,0.05,static_mh,60.005892724276045,57.00168695022076,1.7650323110457947e-08,3.096456272578717e-10,0.0004336275352314453,2.0855414174983444,0.00017133640829416452,3.012081590743445e-05,6.780705370630053e-05,0.9095942045028167,0.2907268170426065,0.8172164706090038,0.006653579999610794,1.3467573106383783,,,,,1.946028467507655,1.0364342630048382
dwell_r2_xi_0.05_p+3_Nd4001_dt1,fu_long_cw,dwell,2,xi_0.05,3,4001,1.0,2.5350000000000003e-06,0.07321886766113006,85.0208936300005,4379,4379,0,127.01758392327015,137.01771,0.0,0.05,static_lti_mh,0.9583259595338061,0.40001529628482047,3.2832700944713105e-10,8.207861361715387e-10,0.0006121937100403758,2.4318379513923563,0.00011183960878587707,2.8383647762541488e-05,5.356051398881405e-05,1.9887842424609796,0.0,0.20223192454861505,0.0003866292518601221,0.025052051312928467,,,,,1.946028467507655,-0.04275577495332472
dwell_r2_xi_0.05_p+3_Nd4001_dt1,fu_long_cw,dwell,2,xi_0.05,3,4001,1.0,2.5350000000000003e-06,0.07321886766113006,85.0208936300005,4379,4379,0,127.01758392327015,137.01771,0.0,0.05,linear,0.4381613411544911,0.023430041868274767,3.0706928872773743e-10,1.310579342769002e-08,0.0024406577979135123,1.5283438383955676,0.00019537505530966694,-6.955985910798935e-06,0.0002034487997821339,1.946028467507655,0.005012531328320802,0.27168116887432475,0.0007001705642686579,0.023430041868274767,,,,,1.946028467507655,0.0
dwell_r2_xi_1_p+3_Nd4001_dt1,fu_long_cw,dwell,2,xi_1,3,4001,1.0,2.5350000000000003e-06,0.07321886766113006,79.90601431100004,4379,219,4160,2539.771689497717,2373.6809166666667,0.06933333333333333,1.0,atomic,1.3562591341064485,0.5712866500872557,1.067811136203938e-09,1.8691337107927264e-09,0.0007181618546529095,2.0063883567492518,0.00010113058162033738,0.00012375149448848205,0.0003096222342963885,1.5173247929059552,0.09899749373433583,0.5140831392658206,0.002941706954881542,0.13392667442800016,0.20429446995048156,0.1951746401159182,0.2656364492335979,0.1974554211187661,1.8865669618870615,0.3692421689811063
dwell_r2_xi_1_p+3_Nd4001_dt1,fu_long_cw,dwell,2,xi_1,3,4001,1.0,2.5350000000000003e-06,0.07321886766113006,79.90601431100004,4379,219,4160,2539.771689497717,2373.6809166666667,0.06933333333333333,1.0,static,0.01851134563779813,0.018191918973043345,7.693189608596942e-12,4.2289049440010454e-10,0.0004182460160463526,2.180199247223338,0.00010822313468433428,9.917361887378482e-10,2.565361968908643e-06,1.9999999836766484,0.0,0.13730889458554021,0.00020262093258888503,0.0009648928214836095,,,,,1.8865669618870615,-0.11343302178958692
dwell_r2_xi_1_p+3_Nd4001_dt1,fu_long_cw,dwell,2,xi_1,3,4001,1.0,2.5350000000000003e-06,0.07321886766113006,79.90601431100004,4379,219,4160,2539.771689497717,2373.6809166666667,0.06933333333333333,1.0,static_lti,0.08328634450403556,0.041585175694469206,1.990792004648756e-11,4.787263661635869e-10,0.00043642075691241824,2.172520598872738,0.00010897226810403188,9.241463352150003e-07,1.678497579350803e-05,1.9797071360832263,0.007518796992481203,0.1811641968474597,0.0003471129840967793,0.0024968849230051367,,,,,1.8865669618870615,-0.09314017419616483
dwell_r2_xi_1_p+3_Nd4001_dt1,fu_long_cw,dwell,2,xi_1,3,4001,1.0,2.5350000000000003e-06,0.07321886766113006,79.90601431100004,4379,219,4160,2539.771689497717,2373.6809166666667,0.06933333333333333,1.0,static_mh,1.935397211935665,1.91856847136742,8.216781328888749e-10,4.282766787589503e-10,0.00041975867610747323,2.190051853270962,0.00011177557967440934,3.044923538288508e-05,0.00023150649385816452,1.0032293461620867,0.15789473684210525,0.7326233936394453,0.005306102929823155,0.10305625785026305,,,,,1.8865669618870615,0.8833376157249748
dwell_r2_xi_1_p+3_Nd4001_dt1,fu_long_cw,dwell,2,xi_1,3,4001,1.0,2.5350000000000003e-06,0.07321886766113006,79.90601431100004,4379,219,4160,2539.771689497717,2373.6809166666667,0.06933333333333333,1.0,static_lti_mh,0.12559019834262633,0.07893311929215208,3.799603267376801e-11,4.813699625012255e-10,0.0004369508295461672,2.172008911416783,0.00010907583900793434,3.135638268731924e-05,0.00013552451696019824,1.8922132550561694,0.013784461152882205,0.19540389475954414,0.00038865654600408735,0.004765526528919354,,,,,1.8865669618870615,-0.005646293169107919
dwell_r2_xi_1_p+3_Nd4001_dt1,fu_long_cw,dwell,2,xi_1,3,4001,1.0,2.5350000000000003e-06,0.07321886766113006,79.90601431100004,4379,219,4160,2539.771689497717,2373.6809166666667,0.06933333333333333,1.0,linear,0.05490414860090394,0.018649362073388985,1.48693280036383e-10,7.973102750176927e-09,0.0017848655322522946,1.2345160370148633,0.00018154402503957966,3.365363421531618e-06,5.400928331451735e-05,1.8865669618870615,0.008771929824561403,0.1191770461165223,0.00013070836303054773,0.018649362073388985,,,,,1.8865669618870615,0.0
dwell_r2_xi_4_p+3_Nd4001_dt1,fu_long_cw,dwell,2,xi_4,3,4001,1.0,2.5350000000000003e-06,0.07321886766113006,77.44955220499833,4379,55,4324,10112.90909090909,9394.10545,0.07206666666666667,4.0,atomic,0.960972407638301,0.4785916903468264,5.375828696102883e-10,1.1232599321160635e-09,0.0005890538679636341,2.0317795567028725,0.00010976576944820526,6.71676035529216e-05,0.00027250560502084867,1.6369672420469317,0.06516290726817042,0.44042648919679533,0.0024210666033292463,0.07003352746480672,0.07890026213814094,0.06936971084865699,0.10635659678441431,0.06970884739391879,1.9999997737508823,0.36303253170395067
dwell_r2_xi_4_p+3_Nd4001_dt1,fu_long_cw,dwell,2,xi_4,3,4001,1.0,2.5350000000000003e-06,0.07321886766113006,77.44955220499833,4379,55,4324,10112.90909090909,9394.10545,0.07206666666666667,4.0,static,0.017683325377119353,0.016898965166137186,7.205654229146276e-12,4.263961821511562e-10,0.0004177973839523906,2.181420598183274,0.00010825598309134761,-5.322849071571007e-08,2.2912783582634552e-06,1.999999911504376,0.0,0.13843385950723192,0.00019725324372515311,0.0009387155206873404,,,,,1.9999997737508823,-1.3775349372302514e-07
dwell_r2_xi_4_p+3_Nd4001_dt1,fu_long_cw,dwell,2,xi_4,3,4001,1.0,2.5350000000000003e-06,0.07321886766113006,77.44955220499833,4379,55,4324,10112.90909090909,9394.10545,0.07206666666666667,4.0,static_lti,0.057831337199838365,0.038247800331966925,1.763182785877699e-11,4.609893302554337e-10,0.0004305407090165707,2.161539450204593,0.00010885567673622806,-5.756142938656172e-07,1.5070037142357145e-05,1.998327778459163,0.0,0.16255297740281566,0.00030002926589154614,0.0022969837217796094,,,,,1.9999997737508823,0.0016719952917192415
dwell_r2_xi_4_p+3_Nd4001_dt1,fu_long_cw,dwell,2,xi_4,3,4001,1.0,2.5350000000000003e-06,0.07321886766113006,77.44955220499833,4379,55,4324,10112.90909090909,9394.10545,0.07206666666666667,4.0,static_mh,0.8608172800165894,0.8587455782572146,3.682178125456185e-10,4.2878568678385504e-10,0.00041889457712742105,2.187634430992891,0.00010981883669623267,3.038820489752517e-05,0.00023620408494074647,1.3685956230665073,0.10651629072681704,0.46200541861719535,0.0025960136763072583,0.04796952013489364,,,,,1.9999997737508823,0.631404150684375
dwell_r2_xi_4_p+3_Nd4001_dt1,fu_long_cw,dwell,2,xi_4,3,4001,1.0,2.5350000000000003e-06,0.07321886766113006,77.44955220499833,4379,55,4324,10112.90909090909,9394.10545,0.07206666666666667,4.0,static_lti_mh,0.09368517813934417,0.07280719275012511,3.3587041412002444e-11,4.6131488034806463e-10,0.00043056616227995955,2.1614051634546896,0.00010893107655071523,2.985491308310545e-05,0.00020060731140046016,1.9963479889681601,0.0012531328320802004,0.17166906376833374,0.0003308599153849274,0.004375546767132434,,,,,1.9999997737508823,0.0036517847827222116
dwell_r2_xi_4_p+3_Nd4001_dt1,fu_long_cw,dwell,2,xi_4,3,4001,1.0,2.5350000000000003e-06,0.07321886766113006,77.44955220499833,4379,55,4324,10112.90909090909,9394.10545,0.07206666666666667,4.0,linear,0.027873384274858956,0.015490265985625511,1.1890450104435826e-10,7.6760787164467e-09,0.0017626426370784061,1.222937989870414,0.00018061632611619512,-2.8638343436575934e-06,4.3130325606425254e-05,1.9999997737508823,0.0,0.08371959575185421,9.698298995460463e-05,0.015490265985625511,,,,,1.9999997737508823,0.0
dwell_r2_xi_8_p+3_Nd4001_dt1,fu_long_cw,dwell,2,xi_8,3,4001,1.0,2.5350000000000003e-06,0.07321886766113006,79.66948138400039,4379,27,4352,20600.37037037037,19116.15685,0.07253333333333334,8.0,atomic,0.8604370044120249,0.45868963625658676,3.7629719034994225e-10,8.203743023734791e-10,0.0005129049920684132,2.0790327878266766,0.0001092737444079907,4.974638490955027e-05,0.0002617239377631091,1.4683439055848324,0.10902255639097744,0.48589666615636923,0.002377943321650885,0.04939163088682893,0.05230124234672796,0.042542819247738665,0.07462118745934089,0.04240194721717321,1.9350190402886753,0.4666751347038429
dwell_r2_xi_8_p+3_Nd4001_dt1,fu_long_cw,dwell,2,xi_8,3,4001,1.0,2.5350000000000003e-06,0.07321886766113006,79.66948138400039,4379,27,4352,20600.37037037037,19116.15685,0.07253333333333334,8.0,static,0.017660730754757912,0.016561411281750413,7.076894646895162e-12,4.2731229401285593e-10,0.000417825492351347,2.1818391485881694,0.00010826566492278318,2.21881657350757e-08,2.260754901133031e-06,1.9999999217512336,0.0,0.13541736044797417,0.00020534989280451818,0.0009288917833783529,,,,,1.9350190402886753,-0.06498088146255832
dwell_r2_xi_8_p+3_Nd4001_dt1,fu_long_cw,dwell,2,xi_8,3,4001,1.0,2.5350000000000003e-06,0.07321886766113006,79.66948138400039,4379,27,4352,20600.37037037037,19116.15685,0.07253333333333334,8.0,static_lti,0.05402439013165123,0.037504664221127894,1.7152175065683422e-11,4.5733445217784163e-10,0.00042908526027912345,2.159548208224928,0.00010884396723036376,2.025682335464397e-07,1.4840025505191726e-05,1.9997135856531874,0.0,0.16678504905548797,0.00029302426894223786,0.002251342612903026,,,,,1.9350190402886753,-0.06469454536451202
dwell_r2_xi_8_p+3_Nd4001_dt1,fu_long_cw,dwell,2,xi_8,3,4001,1.0,2.5350000000000003e-06,0.07321886766113006,79.66948138400039,4379,27,4352,20600.37037037037,19116.15685,0.07253333333333334,8.0,static_mh,0.6941871148821446,0.6909040053648757,2.940991523195976e-10,4.256729589579957e-10,0.0004168441954635235,2.181735513337342,0.00010959876249025247,3.0474899980182545e-05,0.00023695668094943586,1.5564173419566059,0.08270676691729323,0.38874470610524836,0.0017242253523802066,0.038602565068291295,,,,,1.9350190402886753,0.37860169833206947
dwell_r2_xi_8_p+3_Nd4001_dt1,fu_long_cw,dwell,2,xi_8,3,4001,1.0,2.5350000000000003e-06,0.07321886766113006,79.66948138400039,4379,27,4352,20600.37037037037,19116.15685,0.07253333333333334,8.0,static_lti_mh,0.09301544038347419,0.07503655479916933,3.436300728222436e-11,4.579502267154297e-10,0.0004292047746457245,2.15988141524564,0.0001089263033483468,3.065244452267477e-05,0.0002191661899052299,1.9900452045989672,0.002506265664160401,0.17724565400059356,0.00032790804155929454,0.004510384385986688,,,,,1.9350190402886753,-0.055026164310291836
dwell_r2_xi_8_p+3_Nd4001_dt1,fu_long_cw,dwell,2,xi_8,3,4001,1.0,2.5350000000000003e-06,0.07321886766113006,79.66948138400039,4379,27,4352,20600.37037037037,19116.15685,0.07253333333333334,8.0,linear,0.023700993505652624,0.014966341682672735,1.1402321048906254e-10,7.618642745613163e-09,0.0017576605298459348,1.2206702128025633,0.00018042813507285506,1.1165917838526062e-06,3.996707669565821e-05,1.9350190402886753,0.0012531328320802004,0.08271823548948519,6.587684796524794e-05,0.014966341682672735,,,,,1.9350190402886753,0.0
dwell_r2_xi_16_p+3_Nd4001_dt1,fu_long_cw,dwell,2,xi_16,3,4001,1.0,2.5350000000000003e-06,0.07321886766113006,82.8242429910024,4379,14,4365,39729.28571428572,36848.98018333333,0.07275,16.0,atomic,0.7495164173803299,0.43994640732856843,2.9491854656988347e-10,6.703510738061949e-10,0.0004748266278621449,2.116024042363807,0.00010908711525627193,3.869180174654169e-05,0.0002562927066596061,1.5879688211114837,0.09273182957393483,0.4457729274320205,0.0018696677025266375,0.03886865512963143,0.038996057342494485,0.029258285675510236,0.057328628554085805,0.02880117636619563,1.9999999999999782,0.4120311788884945
dwell_r2_xi_16_p+3_Nd4001_dt1,fu_long_cw,dwell,2,xi_16,3,4001,1.0,2.5350000000000003e-06,0.07321886766113006,82.8242429910024,4379,14,4365,39729.28571428572,36848.98018333333,0.07275,16.0,static,0.01748273481607822,0.016179541291183767,6.922945611102024e-12,4.2788268755643507e-10,0.00041788214436994905,2.182141492430153,0.00010826318809736887,3.798895538345175e-08,2.177288538366022e-06,1.9999953597210784,0.0,0.13815988341127133,0.00019721240932503044,0.0009124064544898262,,,,,1.9999999999999782,4.640278899792349e-06
dwell_r2_xi_16_p+3_Nd4001_dt1,fu_long_cw,dwell,2,xi_16,3,4001,1.0,2.5350000000000003e-06,0.07321886766113006,82.8242429910024,4379,14,4365,39729.28571428572,36848.98018333333,0.07275,16.0,static_lti,0.05185244429730105,0.037169725022213426,1.692087898597915e-11,4.552328266046324e-10,0.00042828616835805867,2.158491808939199,0.00010884279268889751,-3.094580966824245e-07,1.4484516693698893e-05,1.9998438426741552,0.0,0.16401240822355853,0.00028645621186149605,0.0022300795166858233,,,,,1.9999999999999782,0.00015615732582308084
dwell_r2_xi_16_p+3_Nd4001_dt1,fu_long_cw,dwell,2,xi_16,3,4001,1.0,2.5350000000000003e-06,0.07321886766113006,82.8242429910024,4379,14,4365,39729.28571428572,36848.98018333333,0.07275,16.0,static_mh,0.6066962025868159,0.6025396765109838,2.5793443431034805e-10,4.280787545874518e-10,0.0004177044547478374,2.183487908127295,0.00010951735090489855,3.0485777175358052e-05,0.00023731952182408844,1.6659149298822498,0.07644110275689223,0.3611476784474071,0.0013606060848495285,0.033994350948321414,,,,,1.9999999999999782,0.3340850701177285
dwell_r2_xi_16_p+3_Nd4001_dt1,fu_long_cw,dwell,2,xi_16,3,4001,1.0,2.5350000000000003e-06,0.07321886766113006,82.8242429910024,4379,14,4365,39729.28571428572,36848.98018333333,0.07275,16.0,static_lti_mh,0.09090992838106997,0.07557188331345752,3.4418139565455317e-11,4.554357792394236e-10,0.00042835969844620843,2.1584016853560053,0.00010892164138312739,3.0140146764459743e-05,0.0002284016367021232,1.9826398211378666,0.0012531328320802004,0.17165615638128684,0.0003093858500522106,0.004536122982201817,,,,,1.9999999999999782,0.017360178862111608
dwell_r2_xi_16_p+3_Nd4001_dt1,fu_long_cw,dwell,2,xi_16,3,4001,1.0,2.5350000000000003e-06,0.07321886766113006,82.8242429910024,4379,14,4365,39729.28571428572,36848.98018333333,0.07275,16.0,linear,0.021484254782668705,0.014921366109884628,1.1321687337233113e-10,7.587567555046508e-09,0.0017551789536263218,1.2194665909057387,0.0001803336406716745,2.4485374574036927e-07,3.827811512070196e-05,1.9999999999999782,0.0,0.07700956052828546,6.285148767818267e-05,0.014921366109884628,,,,,1.9999999999999782,0.0
dwell_r2_xi_32_p+3_Nd4001_dt1,fu_long_cw,dwell,2,xi_32,3,4001,1.0,2.5350000000000003e-06,0.07321886766113006,75.04715695400228,4379,7,4372,79458.57142857143,73678.69019333333,0.07286666666666666,32.0,atomic,0.6653986663136883,0.4174975584766791,2.4691068794109105e-10,5.914063038883213e-10,0.00045345796373639206,2.1333219420301903,0.0001089596972954575,3.265426259992306e-05,0.0002538464804192186,1.6079091399701986,0.09022556390977443,0.3954269266733723,0.0020395750972557135,0.032614756508732586,0.03190789903249722,0.022116267850809293,0.048820436030381144,0.021504225289935144,2.0,0.3920908600298014
dwell_r2_xi_32_p+3_Nd4001_dt1,fu_long_cw,dwell,2,xi_32,3,4001,1.0,2.5350000000000003e-06,0.07321886766113006,75.04715695400228,4379,7,4372,79458.57142857143,73678.69019333333,0.07286666666666666,32.0,static,0.017251487572097834,0.015782009713083207,6.757090042808084e-12,4.2815143100605814e-10,0.00041790425865713946,2.18200953000341,0.00010826159282005494,3.3530315528279845e-08,2.2301855632271536e-06,1.9999999551936187,0.0,0.13797084091190132,0.00020505933259091762,0.0008925528833581575,,,,,2.0,4.480638127191128e-08
dwell_r2_xi_32_p+3_Nd4001_dt1,fu_long_cw,dwell,2,xi_32,3,4001,1.0,2.5350000000000003e-06,0.07321886766113006,75.04715695400228,4379,7,4372,79458.57142857143,73678.69019333333,0.07286666666666666,32.0,static_lti,0.050971314208477246,0.03592487491322037,1.6346622089202587e-11,4.550223801388108e-10,0.0004280328332179479,2.158310793733521,0.00010884222886814325,-3.214567714822984e-08,1.4534702899786116e-05,1.9994463386056192,0.0,0.15641122082713002,0.0002806347004977757,0.002159246744745253,,,,,2.0,0.0005536613943808444
dwell_r2_xi_32_p+3_Nd4001_dt1,fu_long_cw,dwell,2,xi_32,3,4001,1.0,2.5350000000000003e-06,0.07321886766113006,75.04715695400228,4379,7,4372,79458.57142857143,73678.69019333333,0.07286666666666666,32.0,static_mh,0.5641947434603568,0.5604123759500255,2.3895415720306935e-10,4.2638986478124814e-10,0.00041684032305590334,2.1817221030302996,0.00010938899294454388,3.0490742913311067e-05,0.00023750448750122532,1.7622794325322975,0.07268170426065163,0.34928537751244093,0.0013848667392339783,0.031563767931289,,,,,2.0,0.23772056746770254
dwell_r2_xi_32_p+3_Nd4001_dt1,fu_long_cw,dwell,2,xi_32,3,4001,1.0,2.5350000000000003e-06,0.07321886766113006,75.04715695400228,4379,7,4372,79458.57142857143,73678.69019333333,0.07286666666666666,32.0,static_lti_mh,0.09077251753496966,0.07490381343903314,3.4107179631428856e-11,4.553463711055231e-10,0.0004281349217065909,2.1584239476914173,0.00010892141370090074,3.042277793469907e-05,0.00023316919355235262,1.9986674580677122,0.0,0.16348321657089168,0.0003011982584697275,0.0045052620773712955,,,,,2.0,0.001332541932287823
dwell_r2_xi_32_p+3_Nd4001_dt1,fu_long_cw,dwell,2,xi_32,3,4001,1.0,2.5350000000000003e-06,0.07321886766113006,75.04715695400228,4379,7,4372,79458.57142857143,73678.69019333333,0.07286666666666666,32.0,linear,0.02028626441674364,0.014528054933934042,1.0998494001398305e-10,7.570520659106588e-09,0.0017535812384368746,1.219077206692457,0.00018028999249144112,6.365516260030652e-07,3.8563514783259257e-05,2.0,0.0,0.07274194442795702,6.071984554627145e-05,0.014528054933934042,,,,,2.0,0.0
dwell_r3_xi_0.05_p+3_Nd4001_dt1,fu_long_cw,dwell,3,xi_0.05,3,4001,1.0,2.5350000000000003e-06,0.07321886766113006,76.84269621199928,4379,4379,0,127.01758392327015,137.01771,0.0,0.05,atomic,0.9536552528157667,0.4281608524086433,2.849626540839486e-09,6.6555046422594434e-09,0.001763417264441558,1.6490642217828666,0.0001353379288489553,-2.161712357562433e-05,0.00021547326516530176,1.8155716818036542,0.05012531328320802,0.33723926905474544,0.00103460377026219,0.21805157640355244,0.4334474098601284,0.3997763638318521,0.8123584460468539,0.475904481985458,1.9380705317328484,0.12249884992919413
dwell_r3_xi_0.05_p+3_Nd4001_dt1,fu_long_cw,dwell,3,xi_0.05,3,4001,1.0,2.5350000000000003e-06,0.07321886766113006,76.84269621199928,4379,4379,0,127.01758392327015,137.01771,0.0,0.05,static,0.05417878942185506,0.05406270950951258,1.5796769272126026e-11,2.9219344378857873e-10,0.00043212691460665383,2.1415279138933667,0.0001076365916241461,-1.1490785391153056e-07,7.317581257398796e-06,1.9902396500662343,0.0037593984962406013,0.15953495542460544,0.00022364199000069634,0.0012087585487098747,,,,,1.9380705317328484,-0.05216911833338589
dwell_r3_xi_0.05_p+3_Nd4001_dt1,fu_long_cw,dwell,3,xi_0.05,3,4001,1.0,2.5350000000000003e-06,0.07321886766113006,76.84269621199928,4379,4379,0,127.01758392327015,137.01771,0.0,0.05,static_lti,0.4391409814411983,0.029067356931864304,2.404187323189628e-11,8.271090243344769e-10,0.0006148251239581351,2.428304364227214,0.00011056174796897932,3.4065149478448077e-07,4.734589259313057e-05,1.9174851513838282,0.013784461152882205,0.28384891042748306,0.0007390878052077566,0.0018396685610476446,,,,,1.9380705317328484,0.020585380349020133
dwell_r3_xi_0.05_p+3_Nd4001_dt1,fu_long_cw,dwell,3,xi_0.05,3,4001,1.0,2.5350000000000003e-06,0.07321886766113006,76.84269621199928,4379,4379,0,127.01758392327015,137.01771,0.0,0.05,static_mh,70.20654707397468,66.51935332769834,1.765921313074386e-08,2.654748166860283e-10,0.00040111216550560213,2.1084261565354074,0.0001706488129691178,2.988561815032914e-05,6.593791007050008e-05,0.7021407367057622,0.34711779448621555,0.9026145037348332,0.007065486456615094,1.351271545944627,,,,,1.9380705317328484,1.2359297950270862
dwell_r3_xi_0.05_p+3_Nd4001_dt1,fu_long_cw,dwell,3,xi_0.05,3,4001,1.0,2.5350000000000003e-06,0.07321886766113006,76.84269621199928,4379,4379,0,127.01758392327015,137.01771,0.0,0.05,static_lti_mh,0.9570557449998548,0.39944398929008357,3.2933506278171295e-10,8.244837113884915e-10,0.0006138569793284988,2.436273706971389,0.00011189212625743751,3.036074520273087e-05,5.243486414321653e-05,1.9820437953909964,0.0012531328320802004,0.20694875389436365,0.00038396187753614655,0.025200505601467325,,,,,1.9380705317328484,-0.04397326365814802
dwell_r3_xi_0.05_p+3_Nd4001_dt1,fu_long_cw,dwell,3,xi_0.05,3,4001,1.0,2.5350000000000003e-06,0.07321886766113006,76.84269621199928,4379,4379,0,127.01758392327015,137.01771,0.0,0.05,linear,0.4332025242462516,0.023485040149874962,3.06916349001338e-10,1.3068589495384452e-08,0.0024423129995121704,1.5282035908943865,0.0001953259622378224,-5.697549631597757e-06,0.00020217610986214812,1.9380705317328484,0.011278195488721804,0.2734237640431514,0.0006636376611391331,0.023485040149874962,,,,,1.9380705317328484,0.0
dwell_r3_xi_1_p+3_Nd4001_dt1,fu_long_cw,dwell,3,xi_1,3,4001,1.0,2.5350000000000003e-06,0.07321886766113006,78.73515360999954,4379,219,4160,2539.771689497717,2373.6809166666667,0.06933333333333333,1.0,atomic,1.558168263557372,0.6290283572364245,1.0810221755259606e-09,1.718558731239602e-09,0.0006739936395374755,2.0403865403449855,0.000100349760945326,0.00011413098284855831,0.0003039270972878398,1.3062607064576257,0.14411027568922305,0.6252243796217694,0.004008267847254031,0.13600881319422772,0.20055858282063876,0.19166405307955786,0.26178663344980124,0.19427223766158588,1.9050622910033082,0.5988015845456824
dwell_r3_xi_1_p+3_Nd4001_dt1,fu_long_cw,dwell,3,xi_1,3,4001,1.0,2.5350000000000003e-06,0.07321886766113006,78.73515360999954,4379,219,4160,2539.771689497717,2373.6809166666667,0.06933333333333333,1.0,static,0.018768183441336475,0.018402474372326918,7.769370988993045e-12,4.2219164835117983e-10,0.0004185532276540834,2.181667445118552,0.00010821697763546161,-1.0911223507556397e-08,2.5677807688763355e-06,1.99999703782287,0.0,0.13888147733889283,0.00020223767516448502,0.000977503469773392,,,,,1.9050622910033082,-0.09493474681956182
dwell_r3_xi_1_p+3_Nd4001_dt1,fu_long_cw,dwell,3,xi_1,3,4001,1.0,2.5350000000000003e-06,0.07321886766113006,78.73515360999954,4379,219,4160,2539.771689497717,2373.6809166666667,0.06933333333333333,1.0,static_lti,0.08402902587396605,0.04224957899964096,2.0092869406033356e-11,4.755756123914065e-10,0.00043566135375843645,2.1717451837128507,0.0001089264375579266,-3.683210177261815e-07,1.6542740753947427e-05,1.9851575574690203,0.006265664160401002,0.18347807688106216,0.00036816543523785573,0.002527984516369041,,,,,1.9050622910033082,-0.08009526646571219
dwell_r3_xi_1_p+3_Nd4001_dt1,fu_long_cw,dwell,3,xi_1,3,4001,1.0,2.5350000000000003e-06,0.07321886766113006,78.73515360999954,4379,219,4160,2539.771689497717,2373.6809166666667,0.06933333333333333,1.0,static_mh,1.9616302179094092,1.9572876503631993,8.221694375309169e-10,4.2005549740139273e-10,0.00041726172103193917,2.185779905310479,0.0001118850498604635,2.9864062494252748e-05,0.00023111932858366747,1.09110440888615,0.12656641604010024,0.6496855727947607,0.00525640533587766,0.10344125400456261,,,,,1.9050622910033082,0.8139578821171582
dwell_r3_xi_1_p+3_Nd4001_dt1,fu_long_cw,dwell,3,xi_1,3,4001,1.0,2.5350000000000003e-06,0.07321886766113006,78.73515360999954,4379,219,4160,2539.771689497717,2373.6809166666667,0.06933333333333333,1.0,static_lti_mh,0.1254195939129723,0.08113816101072886,3.8630680528081905e-11,4.761098852483702e-10,0.0004357233177016369,2.171973876735064,0.00010901599574867432,2.9616936865236356e-05,0.00013879841863438276,1.9017233613065196,0.013784461152882205,0.1968071913486,0.00042679503212909165,0.004860319362970927,,,,,1.9050622910033082,0.0033389296967885063
dwell_r3_xi_1_p+3_Nd4001_dt1,fu_long_cw,dwell,3,xi_1,3,4001,1.0,2.5350000000000003e-06,0.07321886766113006,78.73515360999954,4379,219,4160,2539.771689497717,2373.6809166666667,0.06933333333333333,1.0,linear,0.05482377516254731,0.018971395643793024,1.5078801814357173e-10,7.948177402167345e-09,0.001785248420082409,1.2333409687099082,0.00018121878439444867,-1.5693684927147419e-06,5.23656841746903e-05,1.9050622910033082,0.008771929824561403,0.11880559229001557,0.00015540421036991815,0.018971395643793024,,,,,1.9050622910033082,0.0
dwell_r3_xi_4_p+3_Nd4001_dt1,fu_long_cw,dwell,3,xi_4,3,4001,1.0,2.5350000000000003e-06,0.07321886766113006,82.06580215400027,4379,55,4324,10112.90909090909,9394.10545,0.07206666666666667,4.0,atomic,0.9286605423182616,0.4554563338584021,5.230180898668633e-10,1.148338602377337e-09,0.0005958272169200912,2.0189693609462016,0.00011020908314835313,6.744822125103985e-05,0.00027069751773091914,1.5020612697102151,0.09273182957393483,0.5047261730448637,0.002688064666498805,0.06809768907974796,0.07804262825154926,0.06862267252925952,0.10547830401589163,0.06895632596309365,1.933850850952731,0.4317895812425159
dwell_r3_xi_4_p+3_Nd4001_dt1,fu_long_cw,dwell,3,xi_4,3,4001,1.0,2.5350000000000003e-06,0.07321886766113006,82.06580215400027,4379,55,4324,10112.90909090909,9394.10545,0.07206666666666667,4.0,static,0.017661039624237068,0.016924180235094143,7.2249041594095745e-12,4.268983229348943e-10,0.00041804073269766535,2.181751362078959,0.0001082524088340008,-6.943712879751033e-08,2.2994274831752713e-06,1.9999988703193656,0.0,0.13854880014922188,0.00020898071080044622,0.0009406926578843415,,,,,1.933850850952731,-0.06614801936663461
dwell_r3_xi_4_p+3_Nd4001_dt1,fu_long_cw,dwell,3,xi_4,3,4001,1.0,2.5350000000000003e-06,0.07321886766113006,82.06580215400027,4379,55,4324,10112.90909090909,9394.10545,0.07206666666666667,4.0,static_lti,0.05858545862650888,0.039169777359263844,1.8030970295260102e-11,4.603286388350045e-10,0.0004302570073766039,2.1616046304854066,0.00010888058872352054,-3.894952827509947e-07,1.5029706675710582e-05,1.998240764141742,0.0012531328320802004,0.16431668356099577,0.0002999839581663638,0.002347657629366803,,,,,1.933850850952731,-0.06438991318901088
dwell_r3_xi_4_p+3_Nd4001_dt1,fu_long_cw,dwell,3,xi_4,3,4001,1.0,2.5350000000000003e-06,0.07321886766113006,82.06580215400027,4379,55,4324,10112.90909090909,9394.10545,0.07206666666666667,4.0,static_mh,0.8636784830925445,0.8606202615358771,3.685149254639298e-10,4.2819689697552785e-10,0.0004184839423092376,2.178898817537842,0.00010983612851782432,3.038318888597481e-05,0.00023621249918007227,1.4926829147646727,0.09523809523809523,0.4376073521769053,0.0019795214692173066,0.04798116031106542,,,,,1.933850850952731,0.4411679361880583
dwell_r3_xi_4_p+3_Nd4001_dt1,fu_long_cw,dwell,3,xi_4,3,4001,1.0,2.5350000000000003e-06,0.07321886766113006,82.06580215400027,4379,55,4324,10112.90909090909,9394.10545,0.07206666666666667,4.0,static_lti_mh,0.09478525141164044,0.07521450500069517,3.458969268140703e-11,4.5988061320203243e-10,0.00043014938082396113,2.1617116208158995,0.00010894111846191523,3.006533262605093e-05,0.00019943624774013035,1.967724978052604,0.0037593984962406013,0.1758971885577006,0.00032785979002825067,0.004503626515446316,,,,,1.933850850952731,-0.03387412709987303
dwell_r3_xi_4_p+3_Nd4001_dt1,fu_long_cw,dwell,3,xi_4,3,4001,1.0,2.5350000000000003e-06,0.07321886766113006,82.06580215400027,4379,55,4324,10112.90909090909,9394.10545,0.07206666666666667,4.0,linear,0.02836298898882928,0.015622158740509777,1.1998456532775763e-10,7.680408791175958e-09,0.0017627823600271453,1.222472385695169,0.00018063425406279578,-3.3549717486784074e-06,4.267519063743354e-05,1.933850850952731,0.002506265664160401,0.08534776832917937,6.953210030650908e-05,0.015622158740509777,,,,,1.933850850952731,0.0
dwell_r3_xi_8_p+3_Nd4001_dt1,fu_long_cw,dwell,3,xi_8,3,4001,1.0,2.5350000000000003e-06,0.07321886766113006,88.69412921299954,4379,27,4352,20600.37037037037,19116.15685,0.07253333333333334,8.0,atomic,0.8522695206690957,0.46383395090402135,3.73151830002454e-10,8.044944301191706e-10,0.0005100797895790461,2.086306855280733,0.00010948103152360562,4.940748499549501e-05,0.00025936384874878347,1.5231466434859056,0.10150375939849623,0.48343890582490284,0.0021266885273450117,0.049080650949599354,0.05078261850486483,0.041412160560745204,0.07137631999806007,0.041168422389620124,1.9999777880738019,0.4768311445878963
dwell_r3_xi_8_p+3_Nd4001_dt1,fu_long_cw,dwell,3,xi_8,3,4001,1.0,2.5350000000000003e-06,0.07321886766113006,88.69412921299954,4379,27,4352,20600.37037037037,19116.15685,0.07253333333333334,8.0,static,0.01735802562687283,0.01636332947303626,6.996359513858186e-12,4.275633223291686e-10,0.0004180907751133275,2.181713130598628,0.00010823162317185189,2.9264556741151795e-09,2.2273955042437454e-06,1.9999964841573796,0.0,0.13804573356730182,0.00020278431996046043,0.0009202309934144607,,,,,1.9999777880738019,-1.8696083577740552e-05
dwell_r3_xi_8_p+3_Nd4001_dt1,fu_long_cw,dwell,3,xi_8,3,4001,1.0,2.5350000000000003e-06,0.07321886766113006,88.69412921299954,4379,27,4352,20600.37037037037,19116.15685,0.07253333333333334,8.0,static_lti,0.05392990979743626,0.03804741298805257,1.7360222197358038e-11,4.562786490321798e-10,0.00042884522790661493,2.1600687441077286,0.00010886141327582212,1.4508202544137992e-09,1.4640963891482388e-05,1.9879649564439474,0.0012531328320802004,0.16485170454427372,0.0002904434765535931,0.0022833895952497755,,,,,1.9999777880738019,0.012012831629854448
dwell_r3_xi_8_p+3_Nd4001_dt1,fu_long_cw,dwell,3,xi_8,3,4001,1.0,2.5350000000000003e-06,0.07321886766113006,88.69412921299954,4379,27,4352,20600.37037037037,19116.15685,0.07253333333333334,8.0,static_mh,0.6803028947586713,0.6739961981574837,2.896361595163729e-10,4.2972966362148157e-10,0.00041856594468065925,2.181562900153512,0.00010954228800018219,3.029181623457009e-05,0.0002368831761672214,1.5692128182998455,0.08646616541353383,0.3780539172491586,0.0013915246774364412,0.03809583688096099,,,,,1.9999777880738019,0.4307649697739564
dwell_r3_xi_8_p+3_Nd4001_dt1,fu_long_cw,dwell,3,xi_8,3,4001,1.0,2.5350000000000003e-06,0.07321886766113006,88.69412921299954,4379,27,4352,20600.37037037037,19116.15685,0.07253333333333334,8.0,static_lti_mh,0.09162834111654881,0.07564158427470688,3.449921536883158e-11,4.560879534667212e-10,0.00042884807918281033,2.1597638557962253,0.00010893671094796233,2.9831077225699457e-05,0.00021955038746404858,1.984906520909649,0.0012531328320802004,0.17292718891966027,0.0003233321439172215,0.004537680942209343,,,,,1.9999777880738019,0.015071267164152857
dwell_r3_xi_8_p+3_Nd4001_dt1,fu_long_cw,dwell,3,xi_8,3,4001,1.0,2.5350000000000003e-06,0.07321886766113006,88.69412921299954,4379,27,4352,20600.37037037037,19116.15685,0.07253333333333334,8.0,linear,0.02314195899948382,0.015003725200153889,1.1407076733844871e-10,7.602829685075725e-09,0.001756856456646903,1.2202665442425071,0.00018039927726021327,1.0437009568022114e-07,4.036513350757837e-05,1.9999777880738019,0.0,0.07970876851956915,6.123872166528456e-05,0.015003725200153889,,,,,1.9999777880738019,0.0
dwell_r3_xi_16_p+3_Nd4001_dt1,fu_long_cw,dwell,3,xi_16,3,4001,1.0,2.5350000000000003e-06,0.07321886766113006,85.88145787599933,4379,14,4365,39729.28571428572,36848.98018333333,0.07275,16.0,atomic,0.7711089806300934,0.46127929056136346,3.044001896169865e-10,6.599043049310545e-10,0.00047168729093456863,2.122250425963693,0.00010870622654855078,3.179350695884381e-05,0.000259973076572607,1.5169521511831414,0.08270676691729323,0.4406977220167587,0.0018892501308138052,0.040123127881432984,0.03970820601206843,0.02987783353038336,0.05794488843692247,0.029444651847465884,1.8848588590403712,0.3679067078572298
dwell_r3_xi_16_p+3_Nd4001_dt1,fu_long_cw,dwell,3,xi_16,3,4001,1.0,2.5350000000000003e-06,0.07321886766113006,85.88145787599933,4379,14,4365,39729.28571428572,36848.98018333333,0.07275,16.0,static,0.017385102680421146,0.01612891743174538,6.9016487094942484e-12,4.2790526634541715e-10,0.00041790277606566095,2.181839979599483,0.00010826173449590547,1.9225679705899854e-08,2.2064481982186928e-06,1.9999998630294493,0.0,0.1384105914829431,0.00019953156751555478,0.0009097094653988083,,,,,1.8848588590403712,-0.11514100398907812
dwell_r3_xi_16_p+3_Nd4001_dt1,fu_long_cw,dwell,3,xi_16,3,4001,1.0,2.5350000000000003e-06,0.07321886766113006,85.88145787599933,4379,14,4365,39729.28571428572,36848.98018333333,0.07275,16.0,static_lti,0.05191799979643852,0.03684899988114921,1.6784249071742405e-11,4.554872350912487e-10,0.0004283262001883303,2.158692328639695,0.00010884483757045866,-1.0459737697575654e-06,1.485897227974766e-05,1.9981843313325522,0.0012531328320802004,0.16018123839013934,0.000285780513546572,0.0022123395282594906,,,,,1.8848588590403712,-0.11332547229218104
dwell_r3_xi_16_p+3_Nd4001_dt1,fu_long_cw,dwell,3,xi_16,3,4001,1.0,2.5350000000000003e-06,0.07321886766113006,85.88145787599933,4379,14,4365,39729.28571428572,36848.98018333333,0.07275,16.0,static_mh,0.6028283691484004,0.5977449082982025,2.5703259650550327e-10,4.300038242689222e-10,0.0004185198796660559,2.188801227643582,0.00010952021631626797,3.0465625996843067e-05,0.00023733183035627776,1.776852598325265,0.06641604010025062,0.35867248913474664,0.0013950411205290816,0.03387958382109883,,,,,1.8848588590403712,0.10800626071510622
dwell_r3_xi_16_p+3_Nd4001_dt1,fu_long_cw,dwell,3,xi_16,3,4001,1.0,2.5350000000000003e-06,0.07321886766113006,85.88145787599933,4379,14,4365,39729.28571428572,36848.98018333333,0.07275,16.0,static_lti_mh,0.09065727935479534,0.07449812561289237,3.396729935353161e-11,4.5594837553407315e-10,0.00042843627851164753,2.1585780007665867,0.00010892609374126362,2.940336181691053e-05,0.00022940314889510538,1.9778239228541057,0.0037593984962406013,0.16748157326732943,0.00030312306145661923,0.0044772452259754176,,,,,1.8848588590403712,-0.09296506381373448
dwell_r3_xi_16_p+3_Nd4001_dt1,fu_long_cw,dwell,3,xi_16,3,4001,1.0,2.5350000000000003e-06,0.07321886766113006,85.88145787599933,4379,14,4365,39729.28571428572,36848.98018333333,0.07275,16.0,linear,0.021721354905167457,0.0146976231958648,1.1150574553811377e-10,7.586651532166513e-09,0.0017546757598140633,1.2195978793601352,0.00018032966242704533,-2.1450300479864673e-06,3.97488136843041e-05,1.8848588590403712,0.002506265664160401,0.07907864797127348,6.0694027148832063e-05,0.0146976231958648,,,,,1.8848588590403712,0.0
dwell_r3_xi_32_p+3_Nd4001_dt1,fu_long_cw,dwell,3,xi_32,3,4001,1.0,2.5350000000000003e-06,0.07321886766113006,89.40712782800256,4379,7,4372,79458.57142857143,73678.69019333333,0.07286666666666666,32.0,atomic,0.6665505951448646,0.4144771604274225,2.5340423793686296e-10,6.113828749346386e-10,0.0004603965212215036,2.121424409994148,0.00010886857558157362,2.5546086430613713e-05,0.0002585340888433678,1.5678728782209932,0.10401002506265664,0.43568398101848,0.0018721954934317001,0.033452814632248716,0.03307369537500203,0.0233289102523706,0.04993938878755924,0.022770912291594014,1.999999999945538,0.4321271217245448
dwell_r3_xi_32_p+3_Nd4001_dt1,fu_long_cw,dwell,3,xi_32,3,4001,1.0,2.5350000000000003e-06,0.07321886766113006,89.40712782800256,4379,7,4372,79458.57142857143,73678.69019333333,0.07286666666666666,32.0,static,0.017382997882780887,0.015871094641419402,6.794096029847788e-12,4.280798636356799e-10,0.0004178555202769425,2.1819045753570934,0.00010826111431034155,8.206843148850775e-10,2.2182629496419986e-06,1.999991841707686,0.0,0.1422775327530649,0.00021942775010868294,0.0008969133149889288,,,,,1.999999999945538,8.158237851940697e-06
dwell_r3_xi_32_p+3_Nd4001_dt1,fu_long_cw,dwell,3,xi_32,3,4001,1.0,2.5350000000000003e-06,0.07321886766113006,89.40712782800256,4379,7,4372,79458.57142857143,73678.69019333333,0.07286666666666666,32.0,static_lti,0.05061843558878788,0.03619841759993562,1.647109124658089e-11,4.5502241088599923e-10,0.00042815599337898605,2.1583420971498737,0.00010883173541454097,-3.1936945174222877e-07,1.4661516592535915e-05,1.9979415484630687,0.0,0.1584116300417756,0.000284561772102974,0.0021744086316346878,,,,,1.999999999945538,0.0020584514824693034
dwell_r3_xi_32_p+3_Nd4001_dt1,fu_long_cw,dwell,3,xi_32,3,4001,1.0,2.5350000000000003e-06,0.07321886766113006,89.40712782800256,4379,7,4372,79458.57142857143,73678.69019333333,0.07286666666666666,32.0,static_mh,0.5579884438889434,0.5548670618274157,2.37873537407987e-10,4.2870365493415154e-10,0.00041805150305312976,2.1821508316608056,0.0001093818244589952,3.0436686468679926e-05,0.00023754093837692256,1.709830013745666,0.08646616541353383,0.3518994407797899,0.0012935653115152175,0.03140255039779301,,,,,1.999999999945538,0.2901699861998721
dwell_r3_xi_32_p+3_Nd4001_dt1,fu_long_cw,dwell,3,xi_32,3,4001,1.0,2.5350000000000003e-06,0.07321886766113006,89.40712782800256,4379,7,4372,79458.57142857143,73678.69019333333,0.07286666666666666,32.0,static_lti_mh,0.09081896449419305,0.07491598119175986,3.411511200372551e-11,4.5537829794155976e-10,0.00042813798930634495,2.158424729224966,0.00010891789593899761,3.0115807244808432e-05,0.00023332074342550653,1.9945139605251068,0.002506265664160401,0.16603736005637015,0.00031122790166117885,0.004503659951825195,,,,,1.999999999945538,0.0054860394204312435
dwell_r3_xi_32_p+3_Nd4001_dt1,fu_long_cw,dwell,3,xi_32,3,4001,1.0,2.5350000000000003e-06,0.07321886766113006,89.40712782800256,4379,7,4372,79458.57142857143,73678.69019333333,0.07286666666666666,32.0,linear,0.020419138483033245,0.01469551562409979,1.1131816496613718e-10,7.574975102172112e-09,0.001754106096796748,1.2191997035536573,0.00018030323098973104,-8.843263631721476e-07,3.828271348166763e-05,1.999999999945538,0.0,0.07270736330075582,5.7326618007003326e-05,0.01469551562409979,,,,,1.999999999945538,0.0
