job_id,tag,design,realization,variant,Pavg_over_P1dB_dB,Nd,dt_ns,tau_atom_s,E1dB_Vpm,runtime_atomic_s,meta_n_events,meta_n_plateaus,meta_n_spikes,meta_plateau_len_samples,meta_tw_dwell_samples,meta_spike_share_of_high_time,meta_xi_nominal,model,D_gain,D_BLA,gain_abs,gain_phase,out_bb_rms,dc_shift_mean,dc_shift_std,AIR,SER,EVM,cal_var,NMSE_full_vs_static,NMSE_full_vs_static_lti,NMSE_full_vs_static_mh,NMSE_full_vs_static_lti_mh,AIR_linear_ref,loss_vs_linear
dwell_r0_xi_0.05_p+3_Nd8001_dt1,num_Nd8001,dwell,0,xi_0.05,3,8001,1.0,2.5350000000000003e-06,0.07321886766113006,79.45070167499944,1459,1459,0,127.08019191226867,137.08073,0.0,0.05,atomic,0.7744842486761208,0.31121578916528614,0.0008526289905960736,1.550665589430694,0.00011086819874285922,2.1135195877175984e-05,0.00022618080166485132,0.7696922161086787,0.3283018867924528,0.8589803848971859,0.00759321397950425,0.5674273732661508,0.5267258700178096,0.8224547291172746,0.6002137032956002,1.4999770084514585,0.7302847923427799
dwell_r0_xi_0.05_p+3_Nd8001_dt1,num_Nd8001,dwell,0,xi_0.05,3,8001,1.0,2.5350000000000003e-06,0.07321886766113006,79.45070167499944,1459,1459,0,127.08019191226867,137.08073,0.0,0.05,static,0.10624198598417318,0.03800716968504602,0.0010439700102666712,1.4162424334569734,0.00010719294137901551,1.2821445699919582e-07,7.600277668498218e-06,1.9957536423190256,0.0,0.33471547957540615,0.001139648107601783,,,,,1.4999770084514585,-0.4957766338675671
dwell_r0_xi_0.05_p+3_Nd8001_dt1,num_Nd8001,dwell,0,xi_0.05,3,8001,1.0,2.5350000000000003e-06,0.07321886766113006,79.45070167499944,1459,1459,0,127.08019191226867,137.08073,0.0,0.05,static_lti,0.18525439965928278,0.046242214078178134,0.0010426837329608701,1.4663286058467628,0.0001108148809301176,-1.9694023761404837e-06,4.981542181546851e-05,1.9699132297216915,0.0,0.4025897856348054,0.001578454488546726,,,,,1.4999770084514585,-0.46993622127023293
dwell_r0_xi_0.05_p+3_Nd8001_dt1,num_Nd8001,dwell,0,xi_0.05,3,8001,1.0,2.5350000000000003e-06,0.07321886766113006,79.45070167499944,1459,1459,0,127.08019191226867,137.08073,0.0,0.05,static_mh,1.7502657264725585,1.5870604780420923,0.0010553306227821695,1.4198647349290467,0.00017083944815833208,3.022653722300202e-05,6.566175456491521e-05,0.5297289689040972,0.3169811320754717,1.2880884245735988,0.0170523379337492,,,,,1.4999770084514585,0.9702480395473614
dwell_r0_xi_0.05_p+3_Nd8001_dt1,num_Nd8001,dwell,0,xi_0.05,3,8001,1.0,2.5350000000000003e-06,0.07321886766113006,79.45070167499944,1459,1459,0,127.08019191226867,137.08073,0.0,0.05,static_lti_mh,0.21363724669193895,0.07191709959957915,0.0010429347239394465,1.4651501433349656,0.00011215940755801477,2.814434508311192e-05,5.4711588094614536e-05,1.9522317563582634,0.0,0.4348539656954388,0.0018250309226806557,,,,,1.4999770084514585,-0.45225474790680487
dwell_r0_xi_0.05_p+3_Nd8001_dt1,num_Nd8001,dwell,0,xi_0.05,3,8001,1.0,2.5350000000000003e-06,0.07321886766113006,79.45070167499944,1459,1459,0,127.08019191226867,137.08073,0.0,0.05,linear,0.1742637302456716,0.00983196970266666,0.0018333033856760819,1.2923053032732077,0.00019392930600843218,2.6384080529493397e-06,0.0002032181011390684,1.4999770084514585,0.19245283018867926,0.4014210889190655,0.0015644591225726207,,,,,1.4999770084514585,0.0
dwell_r0_xi_0.25_p+3_Nd8001_dt1,num_Nd8001,dwell,0,xi_0.25,3,8001,1.0,2.5350000000000003e-06,0.07321886766113006,79.04383284900177,1459,293,1166,632.7986348122867,605.90671,0.0583,0.25,atomic,0.5789788931754396,0.30974082721405205,0.0006676097112406781,1.6414835828250804,8.51098017663462e-05,6.201749820119492e-05,0.00026766102321284217,1.0880498033649293,0.1660377358490566,0.6449855236437958,0.0038904561272732415,0.44112370096394615,0.4141592016375506,0.5644696833844546,0.4314704788442649,1.8776268027099972,0.7895769993450679
dwell_r0_xi_0.25_p+3_Nd8001_dt1,num_Nd8001,dwell,0,xi_0.25,3,8001,1.0,2.5350000000000003e-06,0.07321886766113006,79.04383284900177,1459,293,1166,632.7986348122867,605.90671,0.0583,0.25,static,0.1589378617783555,0.1261012587054723,0.000986528614483062,1.4392428443292586,0.00010774688230513583,-3.255166468748863e-08,4.036384135731444e-06,1.9969040934294306,0.0,0.3924179719180266,0.001611284676184039,,,,,1.8776268027099972,-0.11927729071943349
dwell_r0_xi_0.25_p+3_Nd8001_dt1,num_Nd8001,dwell,0,xi_0.25,3,8001,1.0,2.5350000000000003e-06,0.07321886766113006,79.04383284900177,1459,293,1166,632.7986348122867,605.90671,0.0583,0.25,static_lti,0.20094486187492203,0.13344150904200475,0.000987326341960608,1.4633259452694696,0.00010977050741462461,9.472401359873601e-07,2.6376447043351433e-05,1.9944087011169334,0.0,0.40168884508393987,0.001677556439098364,,,,,1.8776268027099972,-0.1167818984069362
dwell_r0_xi_0.25_p+3_Nd8001_dt1,num_Nd8001,dwell,0,xi_0.25,3,8001,1.0,2.5350000000000003e-06,0.07321886766113006,79.04383284900177,1459,293,1166,632.7986348122867,605.90671,0.0583,0.25,static_mh,0.4335872761495871,0.39869876057562065,0.0009860839706449986,1.4415660540834336,0.00011977410945502615,2.979174696447049e-05,0.0002107317771922617,1.5404695331652432,0.07169811320754717,0.6751914348763135,0.004948029416205981,,,,,1.8776268027099972,0.337157269544754
dwell_r0_xi_0.25_p+3_Nd8001_dt1,num_Nd8001,dwell,0,xi_0.25,3,8001,1.0,2.5350000000000003e-06,0.07321886766113006,79.04383284900177,1459,293,1166,632.7986348122867,605.90671,0.0583,0.25,static_lti_mh,0.20613916463919826,0.1390688879874244,0.0009872568994054236,1.4629483285366223,0.0001099997734140202,3.0772454832144966e-05,8.504614281610468e-05,1.9925187868994387,0.0,0.40133785765190483,0.0017081128464282876,,,,,1.8776268027099972,-0.11489198418944158
dwell_r0_xi_0.25_p+3_Nd8001_dt1,num_Nd8001,dwell,0,xi_0.25,3,8001,1.0,2.5350000000000003e-06,0.07321886766113006,79.04383284900177,1459,293,1166,632.7986348122867,605.90671,0.0583,0.25,linear,0.07007160801396492,0.00788800649597019,0.0017659743427481526,1.2478085614169558,0.00018537524983857585,3.6327558372899597e-06,8.28683338733174e-05,1.8776268027099972,0.022641509433962263,0.19467940388782876,0.00041905939886793575,,,,,1.8776268027099972,0.0
dwell_r0_xi_1_p+3_Nd8001_dt1,num_Nd8001,dwell,0,xi_1,3,8001,1.0,2.5350000000000003e-06,0.07321886766113006,75.6843800860006,1459,73,1386,2539.8630136986303,2373.85055,0.0693,1,atomic,0.7894823065121896,0.5386618620595893,0.0006614192110109703,1.6414025986558716,9.029899695615697e-05,8.105215146400404e-05,0.0003141888680912681,1.1350087108245945,0.09433962264150944,0.7996397145781203,0.006975585247758399,0.37156151360509354,0.3453793859610345,0.41866874164055934,0.34869415802666237,1.9999999375656925,0.864991226741098
dwell_r0_xi_1_p+3_Nd8001_dt1,num_Nd8001,dwell,0,xi_1,3,8001,1.0,2.5350000000000003e-06,0.07321886766113006,75.6843800860006,1459,73,1386,2539.8630136986303,2373.85055,0.0693,1,static,0.16527549522689106,0.1602650474074836,0.000978567751128655,1.4410459805751399,0.00010780286970230585,-3.9135441521534786e-08,3.3167312249486406e-06,1.996475449957186,0.0,0.4032615865469148,0.0017662884441935244,,,,,1.9999999375656925,0.0035244876085065435
dwell_r0_xi_1_p+3_Nd8001_dt1,num_Nd8001,dwell,0,xi_1,3,8001,1.0,2.5350000000000003e-06,0.07321886766113006,75.6843800860006,1459,73,1386,2539.8630136986303,2373.85055,0.0693,1,static_lti,0.2047867067768145,0.16179819940684628,0.0009774676158942693,1.4608455190030518,0.00010949114344785178,6.887398734156935e-07,2.0955298352921302e-05,1.995864937333604,0.0,0.40315938187992445,0.0017660356247703108,,,,,1.9999999375656925,0.00413500023208857
dwell_r0_xi_1_p+3_Nd8001_dt1,num_Nd8001,dwell,0,xi_1,3,8001,1.0,2.5350000000000003e-06,0.07321886766113006,75.6843800860006,1459,73,1386,2539.8630136986303,2373.85055,0.0693,1,static_mh,0.2479175904668917,0.24243285954857532,0.0009767350008524297,1.4428501874030641,0.00011134415241383073,3.0195482183584264e-05,0.0002313180206267913,1.8114635233152063,0.018867924528301886,0.5031300244914269,0.0026571547247727337,,,,,1.9999999375656925,0.18853641425048617
dwell_r0_xi_1_p+3_Nd8001_dt1,num_Nd8001,dwell,0,xi_1,3,8001,1.0,2.5350000000000003e-06,0.07321886766113006,75.6843800860006,1459,73,1386,2539.8630136986303,2373.85055,0.0693,1,static_lti_mh,0.20672781063673745,0.16347693452375017,0.0009775962986598465,1.4609081530178767,0.00010959455629102554,3.0430713824488598e-05,0.00013690388682132207,1.9951319653090573,0.0,0.4062965429418385,0.001828078520840589,,,,,1.9999999375656925,0.004867972256635156
dwell_r0_xi_1_p+3_Nd8001_dt1,num_Nd8001,dwell,0,xi_1,3,8001,1.0,2.5350000000000003e-06,0.07321886766113006,75.6843800860006,1459,73,1386,2539.8630136986303,2373.85055,0.0693,1,linear,0.044828313523293,0.0045830255488406345,0.0017412205832026547,1.2394968856265685,0.0001816169825435297,1.3112231623146511e-06,5.612587130983602e-05,1.9999999375656925,0.0,0.1229771854385743,0.00016381434489950186,,,,,1.9999999375656925,0.0
dwell_r0_xi_4_p+3_Nd8001_dt1,num_Nd8001,dwell,0,xi_4,3,8001,1.0,2.5350000000000003e-06,0.07321886766113006,88.20068964799793,1459,18,1441,10300.555555555555,9568.40055,0.07205,4,atomic,1.0463950512985523,0.7113147164118191,0.0006057686940756847,1.6198531124864646,8.872981608894138e-05,2.6533234436145957e-05,0.0002967319945719205,1.2961245707677713,0.06792452830188679,0.8676294702960704,0.00779461447249205,0.31445379770755866,0.27976353226547557,0.33484687555788595,0.27971911077000144,1.905628062737146,0.6095034919693747
dwell_r0_xi_4_p+3_Nd8001_dt1,num_Nd8001,dwell,0,xi_4,3,8001,1.0,2.5350000000000003e-06,0.07321886766113006,88.20068964799793,1459,18,1441,10300.555555555555,9568.40055,0.07205,4,static,0.166805820940356,0.1659613513080655,0.0009757066370024941,1.443216710938769,0.00010791902089896589,-3.80580184054526e-08,3.101945876874916e-06,1.994622095871797,0.0,0.4268629242630808,0.0019163201897285757,,,,,1.905628062737146,-0.08899403313465104
dwell_r0_xi_4_p+3_Nd8001_dt1,num_Nd8001,dwell,0,xi_4,3,8001,1.0,2.5350000000000003e-06,0.07321886766113006,88.20068964799793,1459,18,1441,10300.555555555555,9568.40055,0.07205,4,static_lti,0.20467892269757615,0.1633725789399663,0.0009733008018365653,1.460224238999843,0.0001093867619609224,-5.653512604121228e-07,2.0275676358693117e-05,1.9936634186365305,0.0,0.42407692272521613,0.0019087556065299689,,,,,1.905628062737146,-0.0880353558993845
dwell_r0_xi_4_p+3_Nd8001_dt1,num_Nd8001,dwell,0,xi_4,3,8001,1.0,2.5350000000000003e-06,0.07321886766113006,88.20068964799793,1459,18,1441,10300.555555555555,9568.40055,0.07205,4,static_mh,0.2042316347080202,0.2030410663643928,0.0009746952084433681,1.4420872452401021,0.00010952181880517416,3.118873298812993e-05,0.0002366238672257449,1.9789549053032243,0.0,0.4824302771422399,0.0023337217942223038,,,,,1.905628062737146,-0.07332684256607824
dwell_r0_xi_4_p+3_Nd8001_dt1,num_Nd8001,dwell,0,xi_4,3,8001,1.0,2.5350000000000003e-06,0.07321886766113006,88.20068964799793,1459,18,1441,10300.555555555555,9568.40055,0.07205,4,static_lti_mh,0.20630946880980913,0.16486133000451839,0.000973327302116453,1.4604245352788865,0.00010946418775993119,3.0402389835443177e-05,0.00020179967604562997,1.9932304522874125,0.0,0.4278328830530262,0.0019214558229750166,,,,,1.905628062737146,-0.08760238955026645
dwell_r0_xi_4_p+3_Nd8001_dt1,num_Nd8001,dwell,0,xi_4,3,8001,1.0,2.5350000000000003e-06,0.07321886766113006,88.20068964799793,1459,18,1441,10300.555555555555,9568.40055,0.07205,4,linear,0.03890284450643523,0.0037876692160682054,0.0017350004603960871,1.2359160643092106,0.00018106834307383897,-2.532763617696522e-06,4.636923721487601e-05,1.905628062737146,0.0037735849056603774,0.09925075856009218,9.623731232174985e-05,,,,,1.905628062737146,0.0
dwell_r1_xi_0.05_p+3_Nd8001_dt1,num_Nd8001,dwell,1,xi_0.05,3,8001,1.0,2.5350000000000003e-06,0.07321886766113006,79.52584503499747,1459,1459,0,127.08019191226867,137.08073,0.0,0.05,atomic,0.7446540542408827,0.3048053018317784,0.0008773592525717253,1.5409354659279089,0.00011336106509434918,2.1707864696245742e-05,0.00023821977568865425,0.7966502938303399,0.33962264150943394,0.8052318538203507,0.006183658514882088,0.5603408098289775,0.5195064585239697,0.8291830204426393,0.5937496625206075,1.4989953665677753,0.7023450727374354
dwell_r1_xi_0.05_p+3_Nd8001_dt1,num_Nd8001,dwell,1,xi_0.05,3,8001,1.0,2.5350000000000003e-06,0.07321886766113006,79.52584503499747,1459,1459,0,127.08019191226867,137.08073,0.0,0.05,static,0.10702440509591657,0.03616344668015156,0.0010416603213391972,1.416379025643919,0.00010722122593477864,3.1839561483294866e-08,7.518362533766262e-06,1.9969905579811087,0.0,0.3261805480692204,0.0011442915681132088,,,,,1.4989953665677753,-0.49799519141333337
dwell_r1_xi_0.05_p+3_Nd8001_dt1,num_Nd8001,dwell,1,xi_0.05,3,8001,1.0,2.5350000000000003e-06,0.07321886766113006,79.52584503499747,1459,1459,0,127.08019191226867,137.08073,0.0,0.05,static_lti,0.18189220890491437,0.04283488105339701,0.001044243931111158,1.4668570629445252,0.00011105938794002493,1.554783622164646e-06,4.868001449595847e-05,1.9783746333967167,0.0,0.4088432139007556,0.0015229238765904873,,,,,1.4989953665677753,-0.4793792668289414
dwell_r1_xi_0.05_p+3_Nd8001_dt1,num_Nd8001,dwell,1,xi_0.05,3,8001,1.0,2.5350000000000003e-06,0.07321886766113006,79.52584503499747,1459,1459,0,127.08019191226867,137.08073,0.0,0.05,static_mh,1.8285406945789988,1.6344089629131067,0.001036928909751501,1.4191448300587808,0.0001705962471840178,3.0310877422889078e-05,6.79305321209625e-05,0.5037726252217014,0.3471698113207547,1.347128846979655,0.018352291360125946,,,,,1.4989953665677753,0.9952227413460739
dwell_r1_xi_0.05_p+3_Nd8001_dt1,num_Nd8001,dwell,1,xi_0.05,3,8001,1.0,2.5350000000000003e-06,0.07321886766113006,79.52584503499747,1459,1459,0,127.08019191226867,137.08073,0.0,0.05,static_lti_mh,0.2123060472691648,0.06888837211875497,0.0010439198178951216,1.4668203306528074,0.00011244312017600765,3.172869914151227e-05,5.312976669095395e-05,1.95685214549775,0.0,0.43804134297676856,0.0018481686444414413,,,,,1.4989953665677753,-0.4578567789299748
dwell_r1_xi_0.05_p+3_Nd8001_dt1,num_Nd8001,dwell,1,xi_0.05,3,8001,1.0,2.5350000000000003e-06,0.07321886766113006,79.52584503499747,1459,1459,0,127.08019191226867,137.08073,0.0,0.05,linear,0.17579396328907612,0.00965213001062301,0.0018424273322594708,1.2937573737441337,0.0001954300832601728,4.986054449243156e-06,0.00020079707440420337,1.4989953665677753,0.2037735849056604,0.39545109340391316,0.0013479054085135049,,,,,1.4989953665677753,0.0
dwell_r1_xi_0.25_p+3_Nd8001_dt1,num_Nd8001,dwell,1,xi_0.25,3,8001,1.0,2.5350000000000003e-06,0.07321886766113006,80.23151982899799,1459,293,1166,632.7986348122867,605.90671,0.0583,0.25,atomic,0.5915479424905316,0.3151751928377707,0.0006503664610968274,1.6479826445437669,8.324671357730918e-05,5.262099278105831e-05,0.00026580777880565583,1.1887854408681529,0.14339622641509434,0.7137201751279068,0.0059072010929003705,0.4461294750279603,0.42510457001917107,0.5856766283191146,0.4416682840572171,1.9853896699879523,0.7966042291197994
dwell_r1_xi_0.25_p+3_Nd8001_dt1,num_Nd8001,dwell,1,xi_0.25,3,8001,1.0,2.5350000000000003e-06,0.07321886766113006,80.23151982899799,1459,293,1166,632.7986348122867,605.90671,0.0583,0.25,static,0.1585810236656084,0.12267015441751361,0.0009868184490466466,1.4387135891113507,0.00010779406646776867,-1.8627712781421198e-09,4.039086929635425e-06,1.9974001471483165,0.0,0.3721308662536829,0.0015974097900111766,,,,,1.9853896699879523,-0.012010477160364186
dwell_r1_xi_0.25_p+3_Nd8001_dt1,num_Nd8001,dwell,1,xi_0.25,3,8001,1.0,2.5350000000000003e-06,0.07321886766113006,80.23151982899799,1459,293,1166,632.7986348122867,605.90671,0.0583,0.25,static_lti,0.19765812422603055,0.12954484190925114,0.0009876028447383246,1.462243600138563,0.00010968302667367495,8.836508021297748e-07,2.6442967434037606e-05,1.9956818110379915,0.0,0.3756428470515002,0.0016708223999649834,,,,,1.9853896699879523,-0.010292141050039172
dwell_r1_xi_0.25_p+3_Nd8001_dt1,num_Nd8001,dwell,1,xi_0.25,3,8001,1.0,2.5350000000000003e-06,0.07321886766113006,80.23151982899799,1459,293,1166,632.7986348122867,605.90671,0.0583,0.25,static_mh,0.43790688983814735,0.38807980943177955,0.0009854165191633204,1.4382037784086477,0.00011990548416643752,2.9891855119100115e-05,0.00021130535884298496,1.6064584935569395,0.06037735849056604,0.6407115737781633,0.004910840995220475,,,,,1.9853896699879523,0.3789311764310128
dwell_r1_xi_0.25_p+3_Nd8001_dt1,num_Nd8001,dwell,1,xi_0.25,3,8001,1.0,2.5350000000000003e-06,0.07321886766113006,80.23151982899799,1459,293,1166,632.7986348122867,605.90671,0.0583,0.25,static_lti_mh,0.2023994544136156,0.1341349152528663,0.0009879865316252726,1.4623015269892514,0.00010994174923988346,3.0967144082959814e-05,8.237393626470844e-05,1.9943905807108675,0.0,0.3840837431830766,0.0016926018601114447,,,,,1.9853896699879523,-0.0090009107229152
dwell_r1_xi_0.25_p+3_Nd8001_dt1,num_Nd8001,dwell,1,xi_0.25,3,8001,1.0,2.5350000000000003e-06,0.07321886766113006,80.23151982899799,1459,293,1166,632.7986348122867,605.90671,0.0583,0.25,linear,0.06734211053022932,0.007961415370283342,0.0017666574477265536,1.2462793689385396,0.00018526598434567888,8.881942797882647e-08,8.591168920122253e-05,1.9853896699879523,0.0037735849056603774,0.1929097187318737,0.0004505597280847789,,,,,1.9853896699879523,0.0
dwell_r1_xi_1_p+3_Nd8001_dt1,num_Nd8001,dwell,1,xi_1,3,8001,1.0,2.5350000000000003e-06,0.07321886766113006,103.162202143998,1459,73,1386,2539.8630136986303,2373.85055,0.0693,1,atomic,0.8613370769016571,0.6131681076896917,0.0006324248465275443,1.6331265878119998,8.818078648121143e-05,7.577805490791936e-05,0.00031941588371061546,1.1401431368193926,0.10566037735849057,0.8926348324397292,0.00818830080221173,0.3799817424496786,0.3563505634568089,0.42691868637944,0.35956652178964604,1.7944588885943857,0.6543157517749931
dwell_r1_xi_1_p+3_Nd8001_dt1,num_Nd8001,dwell,1,xi_1,3,8001,1.0,2.5350000000000003e-06,0.07321886766113006,103.162202143998,1459,73,1386,2539.8630136986303,2373.85055,0.0693,1,static,0.16520352582185296,0.16191976390896032,0.0009781401237822665,1.4422761879934625,0.000107923491167309,-1.370223396298433e-07,3.2576451446744426e-06,1.9962208778478485,0.0,0.4139418747515431,0.0018419027051267349,,,,,1.7944588885943857,-0.20176198925346278
dwell_r1_xi_1_p+3_Nd8001_dt1,num_Nd8001,dwell,1,xi_1,3,8001,1.0,2.5350000000000003e-06,0.07321886766113006,103.162202143998,1459,73,1386,2539.8630136986303,2373.85055,0.0693,1,static_lti,0.19854018260517184,0.16319713533677327,0.0009769885779411368,1.4588264200074017,0.00010932664675496838,1.0192332102764772e-06,2.1339637745204126e-05,1.9950547600806607,0.0,0.417143343150439,0.0018656712872910273,,,,,1.7944588885943857,-0.200595871486275
dwell_r1_xi_1_p+3_Nd8001_dt1,num_Nd8001,dwell,1,xi_1,3,8001,1.0,2.5350000000000003e-06,0.07321886766113006,103.162202143998,1459,73,1386,2539.8630136986303,2373.85055,0.0693,1,static_mh,0.24361837046543422,0.23967330158310612,0.0009759536849947585,1.4413743698882766,0.00011125266773962877,3.036398794825522e-05,0.00023162159281645876,1.9448777498934469,0.011320754716981131,0.503638696784867,0.002540001464400647,,,,,1.7944588885943857,-0.15041886129906112
dwell_r1_xi_1_p+3_Nd8001_dt1,num_Nd8001,dwell,1,xi_1,3,8001,1.0,2.5350000000000003e-06,0.07321886766113006,103.162202143998,1459,73,1386,2539.8630136986303,2373.85055,0.0693,1,static_lti_mh,0.2006177252028918,0.16503035923996562,0.0009771154450574308,1.4590612317517049,0.00010943600691764908,3.090313931959809e-05,0.00013742307545468193,1.99473031290679,0.0,0.41907390817921336,0.0018750003857013404,,,,,1.7944588885943857,-0.2002714243124042
dwell_r1_xi_1_p+3_Nd8001_dt1,num_Nd8001,dwell,1,xi_1,3,8001,1.0,2.5350000000000003e-06,0.07321886766113006,103.162202143998,1459,73,1386,2539.8630136986303,2373.85055,0.0693,1,linear,0.04159407878225299,0.00464512059524059,0.0017444038689929644,1.2354485477158186,0.0001819544252634666,-1.0602816922818353e-06,5.8774897314615633e-05,1.7944588885943857,0.011320754716981131,0.14411769372514185,0.00012712611784184184,,,,,1.7944588885943857,0.0
dwell_r1_xi_4_p+3_Nd8001_dt1,num_Nd8001,dwell,1,xi_4,3,8001,1.0,2.5350000000000003e-06,0.07321886766113006,72.63602290600102,1459,18,1441,10300.555555555555,9568.40055,0.07205,4,atomic,0.9914758490491793,0.7402908435507752,0.0006187836523271321,1.6021661121194024,8.948281314710435e-05,4.4742220194053644e-05,0.00028760349190541857,1.3923319351851016,0.05660377358490566,0.9587960398881692,0.009271736056364025,0.3015316409548117,0.2727404214524539,0.324176471169348,0.27284419108862756,2.0,0.6076680648148984
dwell_r1_xi_4_p+3_Nd8001_dt1,num_Nd8001,dwell,1,xi_4,3,8001,1.0,2.5350000000000003e-06,0.07321886766113006,72.63602290600102,1459,18,1441,10300.555555555555,9568.40055,0.07205,4,static,0.16695086695995262,0.16623142421882836,0.000975521377811821,1.4433199005766997,0.0001079740129559481,7.292531516324037e-08,2.995140903214489e-06,1.9953698909160271,0.0,0.4213614967435327,0.0019162306814475786,,,,,2.0,0.004630109083972878
dwell_r1_xi_4_p+3_Nd8001_dt1,num_Nd8001,dwell,1,xi_4,3,8001,1.0,2.5350000000000003e-06,0.07321886766113006,72.63602290600102,1459,18,1441,10300.555555555555,9568.40055,0.07205,4,static_lti,0.19757976183834644,0.16336483102630578,0.0009758561394403561,1.459756820975299,0.00010941955315260082,-1.0300944967821059e-07,2.0357593954712265e-05,1.9951883490504276,0.0,0.41823486060933923,0.0018809268893731172,,,,,2.0,0.004811650949572366
dwell_r1_xi_4_p+3_Nd8001_dt1,num_Nd8001,dwell,1,xi_4,3,8001,1.0,2.5350000000000003e-06,0.07321886766113006,72.63602290600102,1459,18,1441,10300.555555555555,9568.40055,0.07205,4,static_mh,0.2055286587498803,0.20451967085491088,0.0009751040481332866,1.4445578310322456,0.00010970076351782042,3.1276982285994715e-05,0.00023667699993185263,1.9425710133297494,0.0037735849056603774,0.4650734213908737,0.002154381533278777,,,,,2.0,0.05742898667025065
dwell_r1_xi_4_p+3_Nd8001_dt1,num_Nd8001,dwell,1,xi_4,3,8001,1.0,2.5350000000000003e-06,0.07321886766113006,72.63602290600102,1459,18,1441,10300.555555555555,9568.40055,0.07205,4,static_lti_mh,0.19919990432810641,0.1646647802482516,0.0009759817283693825,1.459785368931768,0.00010950749238634647,3.10366023428627e-05,0.00020111444590366372,1.9951854737260055,0.0,0.41973287285641137,0.0018798122601367756,,,,,2.0,0.004814526273994479
dwell_r1_xi_4_p+3_Nd8001_dt1,num_Nd8001,dwell,1,xi_4,3,8001,1.0,2.5350000000000003e-06,0.07321886766113006,72.63602290600102,1459,18,1441,10300.555555555555,9568.40055,0.07205,4,linear,0.03700713612792381,0.00374593579158394,0.0017437314061424416,1.2346156894145273,0.00018195053863653615,7.660466802430369e-07,4.685009624039159e-05,2.0,0.0,0.09806769178242623,8.010336044612945e-05,,,,,2.0,0.0
