job_id,tag,design,realization,variant,Pavg_over_P1dB_dB,model,D_gain,D_BLA,BLA_residual_power,BLA_fit_ac_power,gain_abs,gain_phase,out_bb_rms,dc_shift_mean,dc_shift_std,AIR,SER,EVM,cal_var,NMSE_vs_full_trace,NMSE_vs_full_trace_static_lti_mh,NMSE_vs_full_trace_static_mh,NMSE_vs_full_trace_static_lti,NMSE_vs_full_trace_static
dwell_r0_xi_0.05_p+3_Nd4001_dt1,fu_long_qpsk,dwell,0,xi_0.05,3,dsh_tau2.535us,0.1896435555127217,0.02322413229752375,5.439946196868612e-10,2.3423678986915868e-08,0.0014538178744258048,1.449716275625295,0.0001548240821384319,3.830427485164649e-05,0.00015932710666048734,1.5613101517390084,0.16165413533834586,0.3999539010298608,0.0015774119265388846,0.3678344656600461,0.5949149230826998,0.8252165409163118,0.5228323527752666,0.5638923385014305
dwell_r0_xi_0.05_p+3_Nd4001_dt1,fu_long_qpsk,dwell,0,xi_0.05,3,dsh_tau1.940us,0.18849712345784875,0.023418756069721408,5.471445128353863e-10,2.3363517310930136e-08,0.0014527879282119586,1.449293481342636,0.00015463997485776462,3.831384994255683e-05,0.00015874792746350413,1.5627261299210686,0.16165413533834586,0.39833861853678654,0.0015680942555564856,0.367412016152331,,,,
dwell_r0_xi_0.05_p+3_Nd4001_dt1,fu_long_qpsk,dwell,0,xi_0.05,3,dsh_tau4.000us,0.19100668161199688,0.02299298444346688,5.401636947570942e-10,2.3492543827235697e-08,0.001454955608570618,1.4502208487342496,0.00015503384624514303,3.8286582856808606e-05,0.00016001360719435496,1.5598318290674258,0.16165413533834586,0.4019435250038225,0.0015884929340449132,0.36846326813009006,,,,
dwell_r0_xi_1_p+3_Nd4001_dt1,fu_long_qpsk,dwell,0,xi_1,3,dsh_tau2.535us,0.07688219455424855,0.03933404458390323,6.689134885889427e-10,1.7005967620799513e-08,0.0012566022363683402,1.418633927801899,0.00013297843498525882,2.903942062849385e-05,0.00014344952908278228,1.9982197061994755,0.0,0.21405672638582832,0.0005343078473984225,0.33275865199994153,0.34913309605679055,0.4188551740058806,0.3456619223691886,0.3709281937868614
dwell_r0_xi_1_p+3_Nd4001_dt1,fu_long_qpsk,dwell,0,xi_1,3,dsh_tau1.940us,0.08741237568261953,0.049848681891636784,8.08208981415522e-10,1.621324678498905e-08,0.0012271704540377697,1.4225439794644625,0.00013049644686131034,2.9009838593579932e-05,0.00014337281309879645,1.997926231689173,0.0,0.23664441600167752,0.000645393952805633,0.32131028973794773,,,,
dwell_r0_xi_1_p+3_Nd4001_dt1,fu_long_qpsk,dwell,0,xi_1,3,dsh_tau4.000us,0.0643906145411816,0.026552406199272422,4.821559647613508e-10,1.8158654290795033e-08,0.0012980324525091208,1.4126310277300729,0.00013656425658934245,2.9090885968337883e-05,0.00014356963483762978,1.9983681519123984,0.0012531328320802004,0.1830028814588716,0.00040236126308418064,0.3527026804533332,,,,
dwell_r0_xi_4_p+3_Nd4001_dt1,fu_long_qpsk,dwell,0,xi_4,3,dsh_tau2.535us,0.14950527905485392,0.11255885771925538,1.4594989443364183e-09,1.2966540118741296e-08,0.0010958293902617361,1.4406835296552587,0.00012011769336974609,2.94025212284073e-05,0.00020309810601534356,1.9970461600995921,0.0,0.34063133524764927,0.001314837024915149,0.2702884819876989,0.2693144406591379,0.31962692753683075,0.2691728596532879,0.2996426980505005
dwell_r0_xi_4_p+3_Nd4001_dt1,fu_long_qpsk,dwell,0,xi_4,3,dsh_tau1.940us,0.1638050889233075,0.12635410316925275,1.56973394634696e-09,1.242329221587908e-08,0.0010726068701106754,1.4439854802631487,0.0001183009790752664,2.9378055360456666e-05,0.00020312154247595376,1.9958231606583152,0.0,0.36102631091026655,0.0014705602543477346,0.2589009339351171,,,,
dwell_r0_xi_4_p+3_Nd4001_dt1,fu_long_qpsk,dwell,0,xi_4,3,dsh_tau4.000us,0.12225620816900092,0.08614350535557552,1.2154459922794466e-09,1.4109548796075066e-08,0.0011430863446399903,1.4342964142926424,0.00012380472609322023,2.9393387330653243e-05,0.00020302892913525315,1.9986800984202149,0.0,0.29793190019624965,0.0010175879210649395,0.2967081703046185,,,,
dwell_r0_xi_8_p+3_Nd4001_dt1,fu_long_qpsk,dwell,0,xi_8,3,dsh_tau2.535us,0.1860276470715894,0.1438245982335636,1.6932059777061017e-09,1.1772714810274831e-08,0.0010421902545149828,1.4479188775911687,0.00011604943647311164,3.0743549347306665e-05,0.00022304071124691982,1.9898250704550042,0.0012531328320802004,0.3928617297231358,0.0016475160596862348,0.25292027360453395,0.25153324763894935,0.29706308267542336,0.25189943949767074,0.28316493934215414
dwell_r0_xi_8_p+3_Nd4001_dt1,fu_long_qpsk,dwell,0,xi_8,3,dsh_tau1.940us,0.19428015302555993,0.1517438104468857,1.74144421534162e-09,1.1476212507205828e-08,0.0010289647882140353,1.4500536549007703,0.0001149743242749558,3.072926758163069e-05,0.00022301514415670943,1.9889770935271769,0.0012531328320802004,0.4031940100051688,0.0017316627660284608,0.24462819624545795,,,,
dwell_r0_xi_8_p+3_Nd4001_dt1,fu_long_qpsk,dwell,0,xi_8,3,dsh_tau4.000us,0.1664255974133006,0.12505112762703383,1.5618179217978567e-09,1.2489434933013908e-08,0.001073508259276108,1.443106199797986,0.00011854526149678272,3.077308768709731e-05,0.00022307719584275203,1.9917779172520573,0.0012531328320802004,0.36753773056696454,0.0014476202659329854,0.2737507562865586,,,,
dwell_r0_xi_16_p+3_Nd4001_dt1,fu_long_qpsk,dwell,0,xi_16,3,dsh_tau2.535us,0.20257727427774466,0.16032230179807208,1.7832072697142237e-09,1.1122640142481208e-08,0.0010132277573496936,1.4521982001714098,0.00011361905321211975,2.906113813505687e-05,0.00023134153694010033,1.9928609302415317,0.0,0.403544068559831,0.0018073877262198828,0.23307184819595397,0.23892799787893337,0.2833630955313796,0.2394490795019248,0.27154649791384056
dwell_r0_xi_16_p+3_Nd4001_dt1,fu_long_qpsk,dwell,0,xi_16,3,dsh_tau1.940us,0.2069916925433688,0.16458203642318486,1.805613997951293e-09,1.0970905678360741e-08,0.001006293009076253,1.4533567111304224,0.00011304786790583912,2.906277645213025e-05,0.00023136589249453453,1.9923177409580592,0.0,0.4090359100271101,0.0018549058545658905,0.22805932492570405,,,,
dwell_r0_xi_16_p+3_Nd4001_dt1,fu_long_qpsk,dwell,0,xi_16,3,dsh_tau4.000us,0.19192126657723219,0.14997666692412984,1.7236991093074595e-09,1.1493115193575038e-08,0.0010299352486344221,1.4494870260708264,0.0001149804836569463,2.907704723281693e-05,0.00023128287476273867,1.9940955462818128,0.0,0.3901907045987256,0.001693492927104008,0.24623772431609237,,,,
dwell_r0_xi_32_p+3_Nd4001_dt1,fu_long_qpsk,dwell,0,xi_32,3,dsh_tau2.535us,0.21048014233392165,0.16917275321214226,1.8288412129953706e-09,1.0810495060643765e-08,0.0009993988087240657,1.4556604554762296,0.00011242932302096119,3.109492111782882e-05,0.00023600313017486563,1.9923220969506124,0.0,0.41930021336255285,0.0018573426910075252,0.21180244032038045,0.22397049458700863,0.2680930656178814,0.22480331929392008,0.2576763363638906
dwell_r0_xi_32_p+3_Nd4001_dt1,fu_long_qpsk,dwell,0,xi_32,3,dsh_tau1.940us,0.21260233252074823,0.17117042953584746,1.8384800927679122e-09,1.0740640762269557e-08,0.0009961425080832408,1.456228816606682,0.00011216136977766369,3.108564972595654e-05,0.0002359974689919984,1.9921282297112897,0.0,0.4218616446810976,0.0018763052164631308,0.20991108549565773,,,,
dwell_r0_xi_32_p+3_Nd4001_dt1,fu_long_qpsk,dwell,0,xi_32,3,dsh_tau4.000us,0.2053810116610595,0.16434438435746654,1.8044273196486765e-09,1.0979549600696152e-08,0.0010072246455953247,1.4542988853055439,0.00011307034372503666,3.1110687783127636e-05,0.00023601010856594647,1.99281791692593,0.0,0.4133139052563609,0.0018096972668877119,0.2175393919397126,,,,
dwell_r1_xi_0.05_p+3_Nd4001_dt1,fu_long_qpsk,dwell,1,xi_0.05,3,dsh_tau2.535us,0.18672281586195819,0.023540619641981616,5.469764469247637e-10,2.323543115021929e-08,0.0014497293204169086,1.4500277759950155,0.00015421609340038995,2.3231675615736132e-05,0.00016232643195603468,1.5478175625400592,0.16416040100250626,0.41135092289957514,0.0015943598431664551,,,,,
dwell_r1_xi_0.05_p+3_Nd4001_dt1,fu_long_qpsk,dwell,1,xi_0.05,3,dsh_tau1.940us,0.1855113283393683,0.023738885503669805,5.500783759416818e-10,2.3172038799237012e-08,0.0014486301798983224,1.4496159693320052,0.00015402049014927768,2.3206107271325186e-05,0.0001617020334815568,1.549352516276852,0.16290726817042606,0.4096182404764375,0.0015811008704470035,,,,,
dwell_r1_xi_0.05_p+3_Nd4001_dt1,fu_long_qpsk,dwell,1,xi_0.05,3,dsh_tau4.000us,0.18818607257562714,0.023308823535979472,5.432930528937259e-10,2.3308471663320948e-08,0.0014509474686428157,1.4505207272491358,0.00015444080891843895,2.3282714038958133e-05,0.0001630634896071112,1.5460041552654744,0.16666666666666666,0.4136143386754755,0.001610682931925837,,,,,
dwell_r1_xi_1_p+3_Nd4001_dt1,fu_long_qpsk,dwell,1,xi_1,3,dsh_tau2.535us,0.07909334132749833,0.03929126293150816,6.670906527268639e-10,1.697809138611107e-08,0.0012539186754355596,1.418253578376954,0.00013285301351812225,3.1084158631104464e-05,0.00014314771170790457,1.9936450343439005,0.002506265664160401,0.21852503032061948,0.0004807060391057127,,,,,
dwell_r1_xi_1_p+3_Nd4001_dt1,fu_long_qpsk,dwell,1,xi_1,3,dsh_tau1.940us,0.0894360760571321,0.049464899700247235,8.01575024304821e-10,1.6204925698066554e-08,0.0012251588740572136,1.4221322427668435,0.0001304253360580122,3.1128825966664785e-05,0.00014312349177201075,1.9938552733982242,0.002506265664160401,0.2404498396803874,0.0005801692291085322,,,,,
dwell_r1_xi_1_p+3_Nd4001_dt1,fu_long_qpsk,dwell,1,xi_1,3,dsh_tau4.000us,0.06691500437097865,0.02716076604477233,4.912810877028038e-10,1.8087895123906543e-08,0.0012939995368629847,1.412272526052835,0.00013632559275252108,3.106335718293604e-05,0.00014323328780948118,1.9926006067975788,0.0012531328320802004,0.1894379554892454,0.000363536881507474,,,,,
dwell_r1_xi_4_p+3_Nd4001_dt1,fu_long_qpsk,dwell,1,xi_4,3,dsh_tau2.535us,0.15323061089101264,0.1124167451219227,1.4548759263243277e-09,1.294180795526883e-08,0.0010930209191980901,1.4394177797840055,0.00011998782744142235,3.130230402236562e-05,0.00020178926756281505,1.9940429680133425,0.0,0.3449942231312832,0.0013071264388014342,,,,,
dwell_r1_xi_4_p+3_Nd4001_dt1,fu_long_qpsk,dwell,1,xi_4,3,dsh_tau1.940us,0.16816488899100676,0.12651903217486155,1.5665463490577805e-09,1.2381902723478486e-08,0.001068971697034574,1.4429386450361825,0.00011810509114580215,3.133598008878288e-05,0.00020183199282384405,1.9928985010063345,0.0,0.36604016617173085,0.0014630712866577909,,,,,
dwell_r1_xi_4_p+3_Nd4001_dt1,fu_long_qpsk,dwell,1,xi_4,3,dsh_tau4.000us,0.12397149152927558,0.08472766368552205,1.2001262977220566e-09,1.4164515407582633e-08,0.0011437704999908733,1.432318392276963,0.00012395625884470868,3.124504616652597e-05,0.0002016913335629003,1.99600993774782,0.0,0.3004493474824287,0.0009961897423779547,,,,,
dwell_r1_xi_8_p+3_Nd4001_dt1,fu_long_qpsk,dwell,1,xi_8,3,dsh_tau2.535us,0.1861816820633708,0.14585997039784276,1.6957455701827345e-09,1.1625846114992865e-08,0.0010363833384039328,1.448904662826986,0.00011542058148857688,3.143817771964208e-05,0.00022306763288593322,1.9935858241732514,0.0,0.38175662927093246,0.001634439159668989,,,,,
dwell_r1_xi_8_p+3_Nd4001_dt1,fu_long_qpsk,dwell,1,xi_8,3,dsh_tau1.940us,0.1939241091066745,0.15325172340205967,1.7405596273730361e-09,1.135752074256702e-08,0.0010243147681558238,1.4508328717628785,0.00011444791762594544,3.142915864940349e-05,0.00022307184550793554,1.9928091107808135,0.0,0.39090309969932285,0.0017197406035225431,,,,,
dwell_r1_xi_8_p+3_Nd4001_dt1,fu_long_qpsk,dwell,1,xi_8,3,dsh_tau4.000us,0.16807273032513925,0.1285062123744404,1.5772841371096066e-09,1.2273991334471272e-08,0.001064946794213214,1.4445263378241968,0.00011769327788650631,3.145896806511555e-05,0.0002230643312825201,1.9951819728660634,0.0,0.3592299259326192,0.001439868559007044,,,,,
dwell_r1_xi_16_p+3_Nd4001_dt1,fu_long_qpsk,dwell,1,xi_16,3,dsh_tau2.535us,0.20053812713917482,0.16035606810135286,1.78395697070189e-09,1.1124973266208686e-08,0.001013990250223705,1.451616097265367,0.00011362025223921499,3.211245910530693e-05,0.0002302211941168069,1.992491858803053,0.0,0.40867179302411005,0.0017795453345443278,,,,,
dwell_r1_xi_16_p+3_Nd4001_dt1,fu_long_qpsk,dwell,1,xi_16,3,dsh_tau1.940us,0.20498779613108004,0.1645624072024712,1.8053392840971674e-09,1.0970544942721627e-08,0.0010068871315021366,1.4528379397552793,0.00011303293992658833,3.210746711688729e-05,0.00023022437915076616,1.992078389024394,0.0,0.4144812002179621,0.0018226172097482404,,,,,
dwell_r1_xi_16_p+3_Nd4001_dt1,fu_long_qpsk,dwell,1,xi_16,3,dsh_tau4.000us,0.18951870529784876,0.14994856580014573,1.7255291258013118e-09,1.1507473356571677e-08,0.0010313835252262218,1.4487183266971893,0.00011503828974019274,3.21163704118163e-05,0.00023020420120855721,1.9935719400873575,0.0,0.39458740628413114,0.00167021292028395,,,,,
dwell_r1_xi_32_p+3_Nd4001_dt1,fu_long_qpsk,dwell,1,xi_32,3,dsh_tau2.535us,0.2104435209792443,0.1694653352309825,1.8281287463136965e-09,1.078762653035763e-08,0.0009983092810620638,1.455075887590347,0.00011232005167413392,2.8387286611251545e-05,0.00023699448598480457,1.9910487639093273,0.0,0.42204303429540524,0.0019253472751602722,,,,,
dwell_r1_xi_32_p+3_Nd4001_dt1,fu_long_qpsk,dwell,1,xi_32,3,dsh_tau1.940us,0.21266475837115195,0.17157135427872797,1.837772340325089e-09,1.0711417113019447e-08,0.0009947597521393263,1.4556949560713393,0.00011202334789467696,2.8383705653483328e-05,0.0002369933016157158,1.990793270511302,0.0,0.42485986111267104,0.0019472631818220159,,,,,
dwell_r1_xi_32_p+3_Nd4001_dt1,fu_long_qpsk,dwell,1,xi_32,3,dsh_tau4.000us,0.20493965253873048,0.16432605906174347,1.8034489083596828e-09,1.0974819932132975e-08,0.0010070107530365103,1.4535710600388059,0.00011304116649167664,2.8392978181589465e-05,0.00023698492386474104,1.9917320562395504,0.0,0.41510218813695404,0.0018688420911417904,,,,,
dwell_r2_xi_0.05_p+3_Nd4001_dt1,fu_long_qpsk,dwell,2,xi_0.05,3,dsh_tau2.535us,0.1875532251603408,0.022904694915712454,5.353132462939263e-10,2.3371332744829768e-08,0.001453125318410138,1.4501239546183344,0.00015465224357925924,3.183158876511481e-05,0.00016019750070341455,1.5727455878368393,0.15037593984962405,0.40139026555777024,0.0015067445457376445,,,,,
dwell_r2_xi_0.05_p+3_Nd4001_dt1,fu_long_qpsk,dwell,2,xi_0.05,3,dsh_tau1.940us,0.1864013464476546,0.023093108945811677,5.383020200928812e-10,2.3310071474395888e-08,0.0014520576294840294,1.4497165968695294,0.00015446360341812948,3.186139840026238e-05,0.00015965587592093773,1.574283050135568,0.14786967418546365,0.3998707142930017,0.0014959483905739297,,,,,
dwell_r2_xi_0.05_p+3_Nd4001_dt1,fu_long_qpsk,dwell,2,xi_0.05,3,dsh_tau4.000us,0.18893712228168752,0.022691862324897446,5.319286846458732e-10,2.3441385155163868e-08,0.0014543029262150725,1.450609573929425,0.00015486787238633485,3.1802662282317154e-05,0.00016083320172684482,1.5710767383043596,0.15162907268170425,0.40321392382574395,0.0015196478490891842,,,,,
dwell_r2_xi_1_p+3_Nd4001_dt1,fu_long_qpsk,dwell,2,xi_1,3,dsh_tau2.535us,0.07583770904201494,0.038451961623413286,6.582079478038778e-10,1.7117668904649506e-08,0.0012598479871723674,1.4172296356044887,0.00013341822250065885,3.104318330356005e-05,0.0001404322448874765,1.9935284469077679,0.002506265664160401,0.21349735990875587,0.00047641514186514414,,,,,
dwell_r2_xi_1_p+3_Nd4001_dt1,fu_long_qpsk,dwell,2,xi_1,3,dsh_tau1.940us,0.0863878877855729,0.04908265489457283,8.004114565976969e-10,1.630741976604448e-08,0.0012299318055860086,1.4212557419400418,0.00013088257327180763,3.1094794278256364e-05,0.0001404301502467807,1.9942885532840162,0.002506265664160401,0.23618561325668158,0.0005850064022677839,,,,,
dwell_r2_xi_1_p+3_Nd4001_dt1,fu_long_qpsk,dwell,2,xi_1,3,dsh_tau4.000us,0.0633225092766445,0.02561617728037114,4.686132111780206e-10,1.829364335080176e-08,0.001301925228450484,1.411005832638669,0.0001370781450421882,3.096748405584741e-05,0.0001404728774148083,1.9906624100977142,0.002506265664160401,0.18322719285013864,0.0003488620666957158,,,,,
dwell_r2_xi_4_p+3_Nd4001_dt1,fu_long_qpsk,dwell,2,xi_4,3,dsh_tau2.535us,0.1486401748105241,0.11216176403707759,1.4526833601867136e-09,1.2951680750193056e-08,0.001095635926964147,1.438308775563311,0.00012005813994834438,3.080924600680329e-05,0.0002019265626352042,1.9961061945561618,0.0,0.3406617784570931,0.0012818360310211641,,,,,
dwell_r2_xi_4_p+3_Nd4001_dt1,fu_long_qpsk,dwell,2,xi_4,3,dsh_tau1.940us,0.16368539030632595,0.12645878612188943,1.5663490139714558e-09,1.2386241098832815e-08,0.0010713240327793515,1.4418265095737257,0.00011816353786640165,3.084065800664423e-05,0.0002019405486312725,1.9948646582292966,0.0,0.3606757213240176,0.0014452362550424454,,,,,
dwell_r2_xi_4_p+3_Nd4001_dt1,fu_long_qpsk,dwell,2,xi_4,3,dsh_tau4.000us,0.11945203359135305,0.08412079749792474,1.1930154753982572e-09,1.418217029418544e-08,0.001146617752557607,1.4312790471589745,0.0001240323246707685,3.078888509539827e-05,0.00020188732781162888,1.9978919897066385,0.0,0.29764316996174817,0.0009702348500163463,,,,,
dwell_r2_xi_8_p+3_Nd4001_dt1,fu_long_qpsk,dwell,2,xi_8,3,dsh_tau2.535us,0.1859745959564656,0.14357172453538738,1.6760115436788536e-09,1.1673688179915624e-08,0.0010378959378543615,1.4472765734784023,0.00011556954387649753,2.951298670079086e-05,0.00022278391589566947,1.992461707888482,0.0012531328320802004,0.3878714395857947,0.0016243089898882893,,,,,
dwell_r2_xi_8_p+3_Nd4001_dt1,fu_long_qpsk,dwell,2,xi_8,3,dsh_tau1.940us,0.19453101544596502,0.15156347302780251,1.726059067909207e-09,1.1388357850526308e-08,0.0010250181006992783,1.4492844756500045,0.00011454733107559057,2.9505383033856724e-05,0.0002227863560364473,1.9916422312961986,0.0012531328320802004,0.39834833534728764,0.001713099210332996,,,,,
dwell_r2_xi_8_p+3_Nd4001_dt1,fu_long_qpsk,dwell,2,xi_8,3,dsh_tau4.000us,0.1660871907897092,0.12495466965919902,1.5437199606381876e-09,1.2354239860331147e-08,0.0010679865180607802,1.4428308006025428,0.00011791763614827698,2.9504886042842206e-05,0.0002227535628926055,1.994117891580503,0.0012531328320802004,0.3624870631674229,0.0014182649013240933,,,,,
dwell_r2_xi_16_p+3_Nd4001_dt1,fu_long_qpsk,dwell,2,xi_16,3,dsh_tau2.535us,0.20071774317108312,0.1606278425048262,1.783630257845933e-09,1.1104116385005558e-08,0.0010134390546222517,1.451785786586132,0.00011356884422318217,2.9828870299140178e-05,0.00023081450214516047,1.991357150694164,0.0,0.4075172797933207,0.0018538174430573163,,,,,
dwell_r2_xi_16_p+3_Nd4001_dt1,fu_long_qpsk,dwell,2,xi_16,3,dsh_tau1.940us,0.20525208716536122,0.16500467563869053,1.8066219138801404e-09,1.0948913458889411e-08,0.0010063290399122127,1.453015873937673,0.00011298393055764418,2.980534694541218e-05,0.00023081255424735024,1.990728631300422,0.0,0.4130224503587441,0.0019017813022478367,,,,,
dwell_r2_xi_16_p+3_Nd4001_dt1,fu_long_qpsk,dwell,2,xi_16,3,dsh_tau4.000us,0.1897310859429184,0.15009032447467852,1.7234829340213331e-09,1.1482971604289516e-08,0.0010306194198274675,1.4489218836074387,0.00011496704288149475,2.9874917500383166e-05,0.0002308034748650882,1.9928076809407376,0.0,0.39387159697984453,0.001737236867256006,,,,,
dwell_r2_xi_32_p+3_Nd4001_dt1,fu_long_qpsk,dwell,2,xi_32,3,dsh_tau2.535us,0.2099417179803099,0.16985973469507018,1.828231822782399e-09,1.0763185436880703e-08,0.0009985132588367289,1.454332678133166,0.00011227775507813222,2.971359457408084e-05,0.00023521333199731033,1.987747763199904,0.0,0.42087637967994623,0.002019344563826738,,,,,
dwell_r2_xi_32_p+3_Nd4001_dt1,fu_long_qpsk,dwell,2,xi_32,3,dsh_tau1.940us,0.21224514385072013,0.17194612829437478,1.8379185905543063e-09,1.0688921052108585e-08,0.0009950027616142433,1.4549281154682503,0.00011198982201241467,2.9728705461572284e-05,0.00023521630827113822,1.9872809347007405,0.0,0.4232378546786745,0.002048305668930286,,,,,
dwell_r2_xi_32_p+3_Nd4001_dt1,fu_long_qpsk,dwell,2,xi_32,3,dsh_tau4.000us,0.20427059340234466,0.16466675001681494,1.8028140751006048e-09,1.094825807223687e-08,0.0010071868904494674,1.4528536162209722,0.00011298720968572692,2.96916206445216e-05,0.0002351964925102853,1.9888792810549236,0.0,0.41463848637057554,0.0019489249538547943,,,,,
dwell_r3_xi_0.05_p+3_Nd4001_dt1,fu_long_qpsk,dwell,3,xi_0.05,3,dsh_tau2.535us,0.18553748338852635,0.02335897511400975,5.410028241174318e-10,2.316038359889174e-08,0.0014480741087444233,1.4494700760233743,0.00015395628901675222,1.8851991841045617e-05,0.0001586654859876031,1.538054841496038,0.17418546365914786,0.4142573411069076,0.001486012564581289,,,,,
dwell_r3_xi_0.05_p+3_Nd4001_dt1,fu_long_qpsk,dwell,3,xi_0.05,3,dsh_tau1.940us,0.1843486791590722,0.023545745415101182,5.439053844017506e-10,2.3099943315148313e-08,0.001447041057248062,1.4490402798212725,0.0001537693038624868,1.8902016719152755e-05,0.00015804707470610632,1.5392197697361392,0.17293233082706766,0.41292270808502723,0.0014753411768916884,,,,,
dwell_r3_xi_0.05_p+3_Nd4001_dt1,fu_long_qpsk,dwell,3,xi_0.05,3,dsh_tau4.000us,0.18697409839532234,0.023140071690200586,5.375476306573576e-10,2.3230162717473324e-08,0.0014492209711243482,1.44998645572933,0.00015417155645834897,1.880947789895242e-05,0.00015941356392705136,1.536804938562867,0.17418546365914786,0.4158732134356337,0.0014986801151983286,,,,,
dwell_r3_xi_1_p+3_Nd4001_dt1,fu_long_qpsk,dwell,3,xi_1,3,dsh_tau2.535us,0.07839733554998506,0.040023401710019293,6.691641028946899e-10,1.6719321054791155e-08,0.001245949080016578,1.418615895303693,0.00013187229402427842,2.871094117697171e-05,0.0001426513155942636,1.9953790807794072,0.0012531328320802004,0.21792804140790673,0.0005509380751453572,,,,,
dwell_r3_xi_1_p+3_Nd4001_dt1,fu_long_qpsk,dwell,3,xi_1,3,dsh_tau1.940us,0.08868651325125751,0.05019602334545375,8.017607775357075e-10,1.5972595518531706e-08,0.0012179524478982912,1.422298122564663,0.0001295216250235854,2.875856875840788e-05,0.00014267250303281597,1.9952525309567495,0.0,0.23983123913315935,0.0006612216398040689,,,,,
dwell_r3_xi_1_p+3_Nd4001_dt1,fu_long_qpsk,dwell,3,xi_1,3,dsh_tau4.000us,0.0662638186239668,0.027812730652154893,4.951587058308031e-10,1.7803311441210066e-08,0.0012853869220992836,1.4128425135724674,0.00013528067170780452,2.8643919781494346e-05,0.00014265074246507342,1.9952957258832735,0.002506265664160401,0.18900375079913506,0.0004224562333901281,,,,,
dwell_r3_xi_4_p+3_Nd4001_dt1,fu_long_qpsk,dwell,3,xi_4,3,dsh_tau2.535us,0.1493896921626789,0.11115382591224676,1.4373845865000392e-09,1.2931489984292753e-08,0.001093846754441927,1.4386826283736862,0.0001198777966851294,3.1885071858869336e-05,0.00020192369538926653,1.994150267042371,0.0,0.34542993101661323,0.0012992476841860083,,,,,
dwell_r3_xi_4_p+3_Nd4001_dt1,fu_long_qpsk,dwell,3,xi_4,3,dsh_tau1.940us,0.1645663760577957,0.12543876141400692,1.5519562723080016e-09,1.2372222547588906e-08,0.001069747862325126,1.4421526474236805,0.00011800712725320798,3.188794168982762e-05,0.00020196481260143946,1.9928238215824379,0.0,0.3656398261903066,0.0014629498483300777,,,,,
dwell_r3_xi_4_p+3_Nd4001_dt1,fu_long_qpsk,dwell,3,xi_4,3,dsh_tau4.000us,0.12021875381557227,0.08362054918946416,1.1814209857947016e-09,1.4128357171128884e-08,0.001143699112305148,1.4318549541868408,0.0001237418419535879,3.184638209176635e-05,0.00020183368108230937,1.9960230481297523,0.0012531328320802004,0.30224867807759875,0.000982487919758115,,,,,
dwell_r3_xi_8_p+3_Nd4001_dt1,fu_long_qpsk,dwell,3,xi_8,3,dsh_tau2.535us,0.1831000727633866,0.14431350901468992,1.6930527854638227e-09,1.1731769236457856e-08,0.0010422131205190112,1.4477848101739443,0.00011587322159070795,2.848704617779205e-05,0.00022389085627874672,1.9905056749648724,0.0012531328320802004,0.39136411055825626,0.0016779375474177435,,,,,
dwell_r3_xi_8_p+3_Nd4001_dt1,fu_long_qpsk,dwell,3,xi_8,3,dsh_tau1.940us,0.19082666588460725,0.15200593123854453,1.7391260067414142e-09,1.1441172015927361e-08,0.0010293222198985053,1.4498685257186419,0.00011481294600665924,2.8477820186798563e-05,0.0002238662505557992,1.989746880526,0.0012531328320802004,0.40147909407845095,0.0017576170521294613,,,,,
dwell_r3_xi_8_p+3_Nd4001_dt1,fu_long_qpsk,dwell,3,xi_8,3,dsh_tau4.000us,0.16466436735525644,0.12629225620870632,1.5693369272408316e-09,1.2426232410064781e-08,0.0010725261731686436,1.4431111200810303,0.00011831070928838776,2.84902815872705e-05,0.00022391242268423564,1.9923757215953315,0.0012531328320802004,0.36642577616541844,0.0014828203659617543,,,,,
dwell_r3_xi_16_p+3_Nd4001_dt1,fu_long_qpsk,dwell,3,xi_16,3,dsh_tau2.535us,0.1987710152143261,0.16017085922207167,1.7801564038326184e-09,1.1114109098737429e-08,0.0010144075473176317,1.452357091067925,0.00011356478836633632,2.8116473949963494e-05,0.00023265283242210767,1.9875388578066755,0.0012531328320802004,0.41322814972085986,0.0018604542213339766,,,,,
dwell_r3_xi_16_p+3_Nd4001_dt1,fu_long_qpsk,dwell,3,xi_16,3,dsh_tau1.940us,0.20305542608403712,0.16426492623887815,1.8013268221826597e-09,1.0965985639339255e-08,0.0010076024385996683,1.4535100540191295,0.00011300454651180775,2.809041097257211e-05,0.00023264317972282355,1.9869640520493141,0.0012531328320802004,0.4177288465683185,0.001911743970060209,,,,,
dwell_r3_xi_16_p+3_Nd4001_dt1,fu_long_qpsk,dwell,3,xi_16,3,dsh_tau4.000us,0.1882961601624573,0.15026939623601132,1.724687337021416e-09,1.1477302632617506e-08,0.0010309548279079871,1.4495980542430973,0.00011491189503942834,2.8155895738600057e-05,0.00023264275537162376,1.9888926039937451,0.0012531328320802004,0.4011725002479792,0.001741467888723357,,,,,
dwell_r3_xi_32_p+3_Nd4001_dt1,fu_long_qpsk,dwell,3,xi_32,3,dsh_tau2.535us,0.20891514968170136,0.16974327404754974,1.8271854327916234e-09,1.0764405500272008e-08,0.0009980895145855367,1.45488103949777,0.0001122183395934613,3.1187536269722495e-05,0.00023543671060204558,1.9884796781600766,0.0,0.41930273806103435,0.00197221163676031,,,,,
dwell_r3_xi_32_p+3_Nd4001_dt1,fu_long_qpsk,dwell,3,xi_32,3,dsh_tau1.940us,0.21118096462156122,0.171898029603949,1.8372769534546883e-09,1.0688179251895745e-08,0.0009945333662467225,1.4555061927269572,0.00011192300267648514,3.118351553667005e-05,0.00023543423315635354,1.9882137844520011,0.0,0.4220004866157735,0.001995222818379051,,,,,
dwell_r3_xi_32_p+3_Nd4001_dt1,fu_long_qpsk,dwell,3,xi_32,3,dsh_tau4.000us,0.20336693094884228,0.1643747143280094,1.8005668917631033e-09,1.0954038150722353e-08,0.001006842573691907,1.4533664397918564,0.00011294286813479662,3.119387009950389e-05,0.00023543401374833043,1.9892431055269417,0.0,0.41254174604582716,0.0019142971502740798,,,,,
