job_id,config_version,modulation,seed,model,Pavg_over_P1dB_dB,Ppeak_over_P1dB_dB,E_rms_Vpm,E_peak_Vpm,PAPR_dB,B_occ_99_Hz,information_symbol_rate_Hz,AIR_native,R_AIR_bit_s,eta_AIR_bit_s_Hz,SER,BER,EVM,cal_var,gmi_s,ce_timing_offset,n_test_symbols,Nd,dt_s,noise_sigma_intensity,runtime_s_all_models
fair_v2_OFDM_s20262005_p-06_Nd1501,fair_v2,OFDM,20262005,atomic,-6,4.012506406472831,0.043957873460088,0.1392072950768829,10.01250640647283,5348682.403564452,5000000.0,2.0,10000000.0,1.8696193278060087,0.0,0.0,0.1618124364503445,0.0255301816929182,1.0,,340,1501,1e-09,6.792095186819493e-05,2.4685784000030253
fair_v2_OFDM_s20262005_p-06_Nd1501,fair_v2,OFDM,20262005,static,-6,4.012506406472831,0.043957873460088,0.1392072950768829,10.01250640647283,5348682.403564452,5000000.0,2.0,10000000.0,1.8696193278060087,0.0,0.0,0.1205741333894493,0.016195439402084,1.0,,340,1501,1e-09,6.792095186819493e-05,2.477467999997316
fair_v2_OFDM_s20262005_p-06_Nd1501,fair_v2,OFDM,20262005,static_lti,-6,4.012506406472831,0.043957873460088,0.1392072950768829,10.01250640647283,5348682.403564452,5000000.0,2.0,10000000.0,1.8696193278060087,0.0,0.0,0.1329674853613353,0.0181560377914189,1.0,,340,1501,1e-09,6.792095186819493e-05,2.4862735999922734
fair_v2_OFDM_s20262005_p+00_Nd1501,fair_v2,OFDM,20262005,atomic,0,10.01250640647283,0.0877074883610843,0.2777550698356574,10.01250640647283,5348682.403564452,5000000.0,1.9485034703132067,9742517.351566032,1.8214798741973268,0.0088235294117647,0.0044117647058823,0.3449285876858372,0.1288689775361979,1.0,,340,1501,1e-09,6.792095186819493e-05,2.489189499989152
fair_v2_OFDM_s20262005_p+00_Nd1501,fair_v2,OFDM,20262005,static,0,10.01250640647283,0.0877074883610843,0.2777550698356574,10.01250640647283,5348682.403564452,5000000.0,1.999995099756532,9999975.49878266,1.86961474701106,0.0,0.0,0.25696634379243,0.0765840614610675,1.0,,340,1501,1e-09,6.792095186819493e-05,2.4979903000057675
fair_v2_OFDM_s20262005_p+00_Nd1501,fair_v2,OFDM,20262005,static_lti,0,10.01250640647283,0.0877074883610843,0.2777550698356574,10.01250640647283,5348682.403564452,5000000.0,1.999995229734352,9999976.14867176,1.8696148685155825,0.0,0.0,0.2575766008168608,0.0732262773756467,1.0,,340,1501,1e-09,6.792095186819493e-05,2.506604800000787
fair_v2_OFDM_s20262005_p+03_Nd1501,fair_v2,OFDM,20262005,atomic,3,13.01250640647283,0.1238901202545948,0.3923394643521811,10.01250640647283,5348682.403564452,5000000.0,1.683544639604105,8417723.198020525,1.5737937987140185,0.0529411764705882,0.0279411764705882,0.4907008699046509,0.225826280901537,1.0,,340,1501,1e-09,6.792095186819493e-05,2.460915700008627
fair_v2_OFDM_s20262005_p+03_Nd1501,fair_v2,OFDM,20262005,static,3,13.01250640647283,0.1238901202545948,0.3923394643521811,10.01250640647283,5348682.403564452,5000000.0,1.9145144917188608,9572572.458594304,1.7897066485411397,0.0147058823529411,0.0073529411764705,0.4791293022145674,0.2484703890291776,1.0,,340,1501,1e-09,6.792095186819493e-05,2.470020999986445
fair_v2_OFDM_s20262005_p+03_Nd1501,fair_v2,OFDM,20262005,static_lti,3,13.01250640647283,0.1238901202545948,0.3923394643521811,10.01250640647283,5348682.403564452,5000000.0,1.9319682636408408,9659841.318204204,1.8060226032053657,0.0205882352941176,0.0102941176470588,0.4710351581378908,0.2367200986470091,1.0,,340,1501,1e-09,6.792095186819493e-05,2.4842544000130147
fair_v2_OFDM_s20262105_p-06_Nd1501,fair_v2,OFDM,20262105,atomic,-6,2.9354780228501447,0.043957873460088,0.122973228676451,8.935478022850145,5349636.077880858,5000000.0,2.0,10000000.0,1.8692860326232288,0.0,0.0,0.1555603443196562,0.0228133879745572,1.0,,340,1501,1e-09,6.792095186819493e-05,2.4427354999934323
fair_v2_OFDM_s20262105_p-06_Nd1501,fair_v2,OFDM,20262105,static,-6,2.9354780228501447,0.043957873460088,0.122973228676451,8.935478022850145,5349636.077880858,5000000.0,2.0,10000000.0,1.8692860326232288,0.0,0.0,0.1168514632344121,0.0119237114183348,1.0,,340,1501,1e-09,6.792095186819493e-05,2.451561900001252
fair_v2_OFDM_s20262105_p-06_Nd1501,fair_v2,OFDM,20262105,static_lti,-6,2.9354780228501447,0.043957873460088,0.122973228676451,8.935478022850145,5349636.077880858,5000000.0,2.0,10000000.0,1.8692860326232288,0.0,0.0,0.1295992935351622,0.0155713751907986,1.0,,340,1501,1e-09,6.792095186819493e-05,2.460371799999848
fair_v2_OFDM_s20262105_p+00_Nd1501,fair_v2,OFDM,20262105,atomic,0,8.935478022850145,0.0877074883610843,0.2453638489281731,8.935478022850145,5349636.077880858,5000000.0,1.971050255257769,9855251.276288845,1.8422283558758985,0.0088235294117647,0.0044117647058823,0.3584688709674341,0.1155776476051286,1.0,,340,1501,1e-09,6.792095186819493e-05,2.4461854999826755
fair_v2_OFDM_s20262105_p+00_Nd1501,fair_v2,OFDM,20262105,static,0,8.935478022850145,0.0877074883610843,0.2453638489281731,8.935478022850145,5349636.077880858,5000000.0,1.999999864564142,9999999.32282071,1.8692859060390496,0.0,0.0,0.2594523847599423,0.0483154072465095,1.0,,340,1501,1e-09,6.792095186819493e-05,2.455330500000855
fair_v2_OFDM_s20262105_p+00_Nd1501,fair_v2,OFDM,20262105,static_lti,0,8.935478022850145,0.0877074883610843,0.2453638489281731,8.935478022850145,5349636.077880858,5000000.0,1.99999160018141,9999958.00090705,1.8692781817914448,0.0,0.0,0.2603873619075641,0.0497601243953153,1.0,,340,1501,1e-09,6.792095186819493e-05,2.464250599994557
fair_v2_OFDM_s20262105_p+03_Nd1501,fair_v2,OFDM,20262105,atomic,3,11.935478022850145,0.1238901202545948,0.34658564870419,8.935478022850145,5349636.077880858,5000000.0,1.6923885569632853,8461942.784816427,1.5817791456514254,0.0735294117647058,0.0367647058823529,0.5110958669860686,0.2410641564026771,1.0,,340,1501,1e-09,6.792095186819493e-05,2.39419240001007
fair_v2_OFDM_s20262105_p+03_Nd1501,fair_v2,OFDM,20262105,static,3,11.935478022850145,0.1238901202545948,0.34658564870419,8.935478022850145,5349636.077880858,5000000.0,1.879784491141492,9398922.455707457,1.7569274468162768,0.0352941176470588,0.0176470588235294,0.4769251328662889,0.1882651026359733,1.0,,340,1501,1e-09,6.792095186819493e-05,2.402781500015408
fair_v2_OFDM_s20262105_p+03_Nd1501,fair_v2,OFDM,20262105,static_lti,3,11.935478022850145,0.1238901202545948,0.34658564870419,8.935478022850145,5349636.077880858,5000000.0,1.8806427979641789,9403213.989820894,1.757729657293954,0.0294117647058823,0.0147058823529411,0.4686914053678545,0.1810849289089977,1.0,,340,1501,1e-09,6.792095186819493e-05,2.4131830999976955
fair_v2_OFDM_s20262205_p-06_Nd1501,fair_v2,OFDM,20262205,atomic,-6,2.8320442035503977,0.043957873460088,0.1215175163797524,8.832044203550398,5340576.171874999,5000000.0,2.0,10000000.0,1.872457142857144,0.0,0.0,0.1634232092262778,0.0259459167292388,1.0,,340,1501,1e-09,6.792095186819493e-05,2.443128699989757
fair_v2_OFDM_s20262205_p-06_Nd1501,fair_v2,OFDM,20262205,static,-6,2.8320442035503977,0.043957873460088,0.1215175163797524,8.832044203550398,5340576.171874999,5000000.0,2.0,10000000.0,1.872457142857144,0.0,0.0,0.1198422659134488,0.0129710695138053,1.0,,340,1501,1e-09,6.792095186819493e-05,2.453406999993604
fair_v2_OFDM_s20262205_p-06_Nd1501,fair_v2,OFDM,20262205,static_lti,-6,2.8320442035503977,0.043957873460088,0.1215175163797524,8.832044203550398,5340576.171874999,5000000.0,2.0,10000000.0,1.872457142857144,0.0,0.0,0.1416629026397244,0.0155517451556376,1.0,,340,1501,1e-09,6.792095186819493e-05,2.4633676999947056
fair_v2_OFDM_s20262205_p+00_Nd1501,fair_v2,OFDM,20262205,atomic,0,8.832044203550398,0.0877074883610843,0.2424593210411337,8.832044203550398,5340576.171874999,5000000.0,1.8801167723116623,9400583.861558313,1.7602190398602449,0.0294117647058823,0.0147058823529411,0.3596088727096403,0.1330260822525244,1.0,,340,1501,1e-09,6.792095186819493e-05,2.4770158999890555
fair_v2_OFDM_s20262205_p+00_Nd1501,fair_v2,OFDM,20262205,static,0,8.832044203550398,0.0877074883610843,0.2424593210411337,8.832044203550398,5340576.171874999,5000000.0,1.999997225983129,9999986.129915643,1.872454545743291,0.0,0.0,0.2787543813159852,0.059027157935442,1.0,,340,1501,1e-09,6.792095186819493e-05,2.485941399994772
fair_v2_OFDM_s20262205_p+00_Nd1501,fair_v2,OFDM,20262205,static_lti,0,8.832044203550398,0.0877074883610843,0.2424593210411337,8.832044203550398,5340576.171874999,5000000.0,1.999997777545084,9999988.887725418,1.872455062131352,0.0,0.0,0.2790544601711954,0.0574098146843313,1.0,,340,1501,1e-09,6.792095186819493e-05,2.494830200012075
fair_v2_OFDM_s20262205_p+03_Nd1501,fair_v2,OFDM,20262205,atomic,3,11.832044203550398,0.1238901202545948,0.3424828940143432,8.832044203550398,5340576.171874999,5000000.0,1.650823183477057,8254115.917385285,1.5455478307478918,0.0647058823529411,0.0352941176470588,0.4913018007103823,0.2255653221567213,1.0,,340,1501,1e-09,6.792095186819493e-05,2.422212799981935
fair_v2_OFDM_s20262205_p+03_Nd1501,fair_v2,OFDM,20262205,static,3,11.832044203550398,0.1238901202545948,0.3424828940143432,8.832044203550398,5340576.171874999,5000000.0,1.848671423526805,9243357.117634024,1.7307790058893244,0.0352941176470588,0.0176470588235294,0.5330545836305579,0.2353504759728527,1.0,,340,1501,1e-09,6.792095186819493e-05,2.4307587999792304
fair_v2_OFDM_s20262205_p+03_Nd1501,fair_v2,OFDM,20262205,static_lti,3,11.832044203550398,0.1238901202545948,0.3424828940143432,8.832044203550398,5340576.171874999,5000000.0,1.855175896188506,9275879.48094253,1.7368686790372851,0.0411764705882352,0.0205882352941176,0.5172132499490341,0.2162500199178778,1.0,,340,1501,1e-09,6.792095186819493e-05,2.439779499982251
fair_v2_OFDM_s20262305_p-06_Nd1501,fair_v2,OFDM,20262305,atomic,-6,3.27950485451346,0.043957873460088,0.127941641139443,9.27950485451346,5344867.706298827,5000000.0,2.0,9999999.999999996,1.8709536979213128,0.0,0.0,0.1615127487720707,0.0228344982711881,1.0,,340,1501,1e-09,6.792095186819493e-05,2.410818099975586
fair_v2_OFDM_s20262305_p-06_Nd1501,fair_v2,OFDM,20262305,static,-6,3.27950485451346,0.043957873460088,0.127941641139443,9.27950485451346,5344867.706298827,5000000.0,2.0,10000000.0,1.8709536979213133,0.0,0.0,0.1120829227837984,0.0149717682094462,1.0,,340,1501,1e-09,6.792095186819493e-05,2.419819599977928
fair_v2_OFDM_s20262305_p-06_Nd1501,fair_v2,OFDM,20262305,static_lti,-6,3.27950485451346,0.043957873460088,0.127941641139443,9.27950485451346,5344867.706298827,5000000.0,2.0,10000000.0,1.8709536979213133,0.0,0.0,0.132210608042345,0.0181171712128038,1.0,,340,1501,1e-09,6.792095186819493e-05,2.4317855999979656
fair_v2_OFDM_s20262305_p+00_Nd1501,fair_v2,OFDM,20262305,atomic,0,9.27950485451346,0.0877074883610843,0.2552771350808027,9.27950485451346,5344867.706298827,5000000.0,1.9136518544014105,9568259.272007052,1.7901770067631488,0.0147058823529411,0.0073529411764705,0.3929531119956432,0.1138502418892319,1.0,,340,1501,1e-09,6.792095186819493e-05,2.4359141000022646
fair_v2_OFDM_s20262305_p+00_Nd1501,fair_v2,OFDM,20262305,static,0,9.27950485451346,0.0877074883610843,0.2552771350808027,9.27950485451346,5344867.706298827,5000000.0,1.9999999627139649,9999999.813569823,1.8709536630410908,0.0,0.0,0.2306969952529689,0.058504565887182,1.0,,340,1501,1e-09,6.792095186819493e-05,2.444771199981915
fair_v2_OFDM_s20262305_p+00_Nd1501,fair_v2,OFDM,20262305,static_lti,0,9.27950485451346,0.0877074883610843,0.2552771350808027,9.27950485451346,5344867.706298827,5000000.0,1.9999993973778096,9999996.98688905,1.870953134182206,0.0,0.0,0.2361089750409402,0.0602782188990419,1.0,,340,1501,1e-09,6.792095186819493e-05,2.4539959999965504
fair_v2_OFDM_s20262305_p+03_Nd1501,fair_v2,OFDM,20262305,atomic,3,12.27950485451346,0.1238901202545948,0.3605885375853683,9.27950485451346,5344867.706298827,5000000.0,1.7681073434085148,8840536.717042575,1.6540234862359957,0.0470588235294117,0.0235294117647058,0.5327355909784458,0.2520117066949656,1.0,,340,1501,1e-09,6.792095186819493e-05,2.4259530999988783
fair_v2_OFDM_s20262305_p+03_Nd1501,fair_v2,OFDM,20262305,static,3,12.27950485451346,0.1238901202545948,0.3605885375853683,9.27950485451346,5344867.706298827,5000000.0,1.912036727960468,9560183.63980234,1.788666093369503,0.0235294117647058,0.0117647058823529,0.4417765667724035,0.193654015835137,1.0,,340,1501,1e-09,6.792095186819493e-05,2.435002999991412
fair_v2_OFDM_s20262305_p+03_Nd1501,fair_v2,OFDM,20262305,static_lti,3,12.27950485451346,0.1238901202545948,0.3605885375853683,9.27950485451346,5344867.706298827,5000000.0,1.9220044090028872,9610022.045014435,1.7979906282225102,0.0205882352941176,0.0102941176470588,0.441788218145081,0.1951375002631482,1.0,,340,1501,1e-09,6.792095186819493e-05,2.4436882000009064
fair_v2_OFDM_s20262005_p-15_Nd1501,fair_v2,OFDM,20262005,atomic,-15,-4.987493593527169,0.0155968420658744,0.0493926121722672,10.01250640647283,5348682.403564452,5000000.0,1.999913692874928,9999568.46437464,1.8695386470714284,0.0,0.0,0.2554346724174781,0.0652432330266819,1.0,,340,1501,1e-09,6.792095186819493e-05,2.4652321999892592
fair_v2_OFDM_s20262005_p-15_Nd1501,fair_v2,OFDM,20262005,static,-15,-4.987493593527169,0.0155968420658744,0.0493926121722672,10.01250640647283,5348682.403564452,5000000.0,1.999955813096076,9999779.06548038,1.8695780214612032,0.0,0.0,0.2596928724703287,0.0661957887359047,1.0,,340,1501,1e-09,6.792095186819493e-05,2.4739312999881804
fair_v2_OFDM_s20262005_p-15_Nd1501,fair_v2,OFDM,20262005,static_lti,-15,-4.987493593527169,0.0155968420658744,0.0493926121722672,10.01250640647283,5348682.403564452,5000000.0,1.999916814568698,9999584.07284349,1.869541565260932,0.0,0.0,0.255660555464099,0.0656962356086096,1.0,,340,1501,1e-09,6.792095186819493e-05,2.482899399998132
fair_v2_OFDM_s20262005_p-10_Nd1501,fair_v2,OFDM,20262005,atomic,-10,0.0125064064728306,0.0277355431073735,0.0878338652339807,10.01250640647283,5348682.403564452,5000000.0,1.999999999999993,9999999.999999966,1.8696193278060027,0.0,0.0,0.1654753059232436,0.0266946730021779,1.0,,340,1501,1e-09,6.792095186819493e-05,2.4327479999919888
fair_v2_OFDM_s20262005_p-10_Nd1501,fair_v2,OFDM,20262005,static,-10,0.0125064064728306,0.0277355431073735,0.0878338652339807,10.01250640647283,5348682.403564452,5000000.0,2.0,10000000.0,1.8696193278060087,0.0,0.0,0.1529293191829837,0.0238868056613448,1.0,,340,1501,1e-09,6.792095186819493e-05,2.4431810999813024
fair_v2_OFDM_s20262005_p-10_Nd1501,fair_v2,OFDM,20262005,static_lti,-10,0.0125064064728306,0.0277355431073735,0.0878338652339807,10.01250640647283,5348682.403564452,5000000.0,2.0,10000000.0,1.8696193278060087,0.0,0.0,0.1594591709406627,0.0254590263597516,1.0,,340,1501,1e-09,6.792095186819493e-05,2.4545814999728464
fair_v2_OFDM_s20262005_p-03_Nd1501,fair_v2,OFDM,20262005,atomic,-3,7.012506406472831,0.0620921466441504,0.1966355307814754,10.01250640647283,5348682.403564452,5000000.0,1.9999994632293163,9999997.316146582,1.8696188260275868,0.0,0.0,0.228060539508076,0.0496642179719822,1.0,,340,1501,1e-09,6.792095186819493e-05,2.4443893999850843
fair_v2_OFDM_s20262005_p-03_Nd1501,fair_v2,OFDM,20262005,static,-3,7.012506406472831,0.0620921466441504,0.1966355307814754,10.01250640647283,5348682.403564452,5000000.0,2.0,10000000.0,1.8696193278060087,0.0,0.0,0.1460134225717028,0.0259203080399271,1.0,,340,1501,1e-09,6.792095186819493e-05,2.453661199979252
fair_v2_OFDM_s20262005_p-03_Nd1501,fair_v2,OFDM,20262005,static_lti,-3,7.012506406472831,0.0620921466441504,0.1966355307814754,10.01250640647283,5348682.403564452,5000000.0,2.0,10000000.0,1.8696193278060087,0.0,0.0,0.1564184710784475,0.0266891240221883,1.0,,340,1501,1e-09,6.792095186819493e-05,2.462615900003584
fair_v2_OFDM_s20262005_p+06_Nd1501,fair_v2,OFDM,20262005,atomic,6,16.01250640647283,0.1749994462674431,0.5541942236346366,10.01250640647283,5348682.403564452,5000000.0,1.576022954368286,7880114.77184143,1.4732814882764378,0.088235294117647,0.0485294117647058,0.560545267045913,0.2790487095151228,1.0,,340,1501,1e-09,6.792095186819493e-05,2.4688463999773376
fair_v2_OFDM_s20262005_p+06_Nd1501,fair_v2,OFDM,20262005,static,6,16.01250640647283,0.1749994462674431,0.5541942236346366,10.01250640647283,5348682.403564452,5000000.0,1.4555175630430297,7277587.815215147,1.3606318839131746,0.1294117647058823,0.0676470588235294,0.7491656890227091,0.6125087886077946,1.0,,340,1501,1e-09,6.792095186819493e-05,2.4775796000030823
fair_v2_OFDM_s20262005_p+06_Nd1501,fair_v2,OFDM,20262005,static_lti,6,16.01250640647283,0.1749994462674431,0.5541942236346366,10.01250640647283,5348682.403564452,5000000.0,1.4856030436163454,7428015.218081727,1.3887560818962763,0.1294117647058823,0.0661764705882353,0.731663749173148,0.5834020774941922,1.0,,340,1501,1e-09,6.792095186819493e-05,2.4867874999763444
fair_v2_OFDM_s20262105_p-15_Nd1501,fair_v2,OFDM,20262105,atomic,-15,-6.064521977149855,0.0155968420658744,0.0436325480516871,8.935478022850145,5349636.077880858,5000000.0,1.969582747828432,9847913.73914216,1.840856760305684,0.0029411764705882,0.0014705882352941,0.2565811712032503,0.0641613806161567,1.0,,340,1501,1e-09,6.792095186819493e-05,2.4414355999906547
fair_v2_OFDM_s20262105_p-15_Nd1501,fair_v2,OFDM,20262105,static,-15,-6.064521977149855,0.0155968420658744,0.0436325480516871,8.935478022850145,5349636.077880858,5000000.0,1.9999953343426164,9999976.671713082,1.8692816718991387,0.0,0.0,0.2556860401594978,0.0635022344052739,1.0,,340,1501,1e-09,6.792095186819493e-05,2.4504663000116125
fair_v2_OFDM_s20262105_p-15_Nd1501,fair_v2,OFDM,20262105,static_lti,-15,-6.064521977149855,0.0155968420658744,0.0436325480516871,8.935478022850145,5349636.077880858,5000000.0,1.9692048680096723,9846024.340048363,1.840503577572075,0.0058823529411764,0.0029411764705882,0.2567604928805119,0.0641046597745295,1.0,,340,1501,1e-09,6.792095186819493e-05,2.4594151999917813
fair_v2_OFDM_s20262105_p-10_Nd1501,fair_v2,OFDM,20262105,atomic,-10,-1.0645219771498553,0.0277355431073735,0.077590861807849,8.935478022850145,5349636.077880858,5000000.0,1.999999999999977,9999999.999999885,1.8692860326232068,0.0,0.0,0.1623059365633291,0.0254498699771973,1.0,,340,1501,1e-09,6.792095186819493e-05,2.4601359000080265
fair_v2_OFDM_s20262105_p-10_Nd1501,fair_v2,OFDM,20262105,static,-10,-1.0645219771498553,0.0277355431073735,0.077590861807849,8.935478022850145,5349636.077880858,5000000.0,2.0,10000000.0,1.8692860326232288,0.0,0.0,0.1488179809637885,0.0210834207885077,1.0,,340,1501,1e-09,6.792095186819493e-05,2.4723166000039782
fair_v2_OFDM_s20262105_p-10_Nd1501,fair_v2,OFDM,20262105,static_lti,-10,-1.0645219771498553,0.0277355431073735,0.077590861807849,8.935478022850145,5349636.077880858,5000000.0,1.999999999999991,9999999.999999952,1.86928603262322,0.0,0.0,0.1570679721041492,0.0237112346402214,1.0,,340,1501,1e-09,6.792095186819493e-05,2.484993799997028
fair_v2_OFDM_s20262105_p-03_Nd1501,fair_v2,OFDM,20262105,atomic,-3,5.935478022850145,0.0620921466441504,0.1737043024889666,8.935478022850145,5349636.077880858,5000000.0,1.9999999819194043,9999999.909597022,1.8692860157243265,0.0,0.0,0.2217972198706342,0.0448353661088628,1.0,,340,1501,1e-09,6.792095186819493e-05,2.469862900004955
fair_v2_OFDM_s20262105_p-03_Nd1501,fair_v2,OFDM,20262105,static,-3,5.935478022850145,0.0620921466441504,0.1737043024889666,8.935478022850145,5349636.077880858,5000000.0,2.0,10000000.0,1.8692860326232288,0.0,0.0,0.1456820574206437,0.0156110295762232,1.0,,340,1501,1e-09,6.792095186819493e-05,2.478575400018599
fair_v2_OFDM_s20262105_p-03_Nd1501,fair_v2,OFDM,20262105,static_lti,-3,5.935478022850145,0.0620921466441504,0.1737043024889666,8.935478022850145,5349636.077880858,5000000.0,2.0,10000000.0,1.8692860326232288,0.0,0.0,0.1551497957073207,0.0194903526873303,1.0,,340,1501,1e-09,6.792095186819493e-05,2.489614200021606
fair_v2_OFDM_s20262105_p+06_Nd1501,fair_v2,OFDM,20262105,atomic,6,14.935478022850145,0.1749994462674431,0.4895652412221011,8.935478022850145,5349636.077880858,5000000.0,1.589253515218929,7946267.576094647,1.4853846991480564,0.0764705882352941,0.0397058823529411,0.6773190579364152,0.4172564880439701,1.0,,340,1501,1e-09,6.792095186819493e-05,2.4164439999731258
fair_v2_OFDM_s20262105_p+06_Nd1501,fair_v2,OFDM,20262105,static,6,14.935478022850145,0.1749994462674431,0.4895652412221011,8.935478022850145,5349636.077880858,5000000.0,1.370724416925473,6853622.084627366,1.281138003567203,0.1823529411764705,0.0941176470588235,0.7709793602386468,0.5078987628409132,1.0,,340,1501,1e-09,6.792095186819493e-05,2.425611399987247
fair_v2_OFDM_s20262105_p+06_Nd1501,fair_v2,OFDM,20262105,static_lti,6,14.935478022850145,0.1749994462674431,0.4895652412221011,8.935478022850145,5349636.077880858,5000000.0,1.368948303331096,6844741.5166554805,1.2794779714000426,0.1735294117647058,0.0897058823529411,0.7635926403340197,0.5026945450905373,1.0,,340,1501,1e-09,6.792095186819493e-05,2.4344235999742523
fair_v2_OFDM_s20262205_p-15_Nd1501,fair_v2,OFDM,20262205,atomic,-15,-6.167955796449602,0.0155968420658744,0.0431160418379465,8.832044203550398,5340576.171874999,5000000.0,1.990882731412213,9954413.657061065,1.8639212955118687,0.0029411764705882,0.0014705882352941,0.2643394541198475,0.0609646913144824,1.0,,340,1501,1e-09,6.792095186819493e-05,2.438124300009804
fair_v2_OFDM_s20262205_p-15_Nd1501,fair_v2,OFDM,20262205,static,-15,-6.167955796449602,0.0155968420658744,0.0431160418379465,8.832044203550398,5340576.171874999,5000000.0,1.9999984985953208,9999992.492976608,1.872455737199186,0.0,0.0,0.2597998112640849,0.0645325231166338,1.0,,340,1501,1e-09,6.792095186819493e-05,2.4469861999969
fair_v2_OFDM_s20262205_p-15_Nd1501,fair_v2,OFDM,20262205,static_lti,-15,-6.167955796449602,0.0155968420658744,0.0431160418379465,8.832044203550398,5340576.171874999,5000000.0,1.98624029793594,9931201.489679698,1.8595749166504247,0.0029411764705882,0.0014705882352941,0.2645197952946644,0.0606781197903543,1.0,,340,1501,1e-09,6.792095186819493e-05,2.4561379000078887
fair_v2_OFDM_s20262205_p-10_Nd1501,fair_v2,OFDM,20262205,atomic,-10,-1.1679557964496023,0.0277355431073735,0.076672369442797,8.832044203550398,5340576.171874999,5000000.0,2.0,10000000.0,1.872457142857144,0.0,0.0,0.1718321816420625,0.0263207858827915,1.0,,340,1501,1e-09,6.792095186819493e-05,2.418254100019112
fair_v2_OFDM_s20262205_p-10_Nd1501,fair_v2,OFDM,20262205,static,-10,-1.1679557964496023,0.0277355431073735,0.076672369442797,8.832044203550398,5340576.171874999,5000000.0,2.0,10000000.0,1.872457142857144,0.0,0.0,0.1514843261905413,0.0221260937125016,1.0,,340,1501,1e-09,6.792095186819493e-05,2.427327100012917
fair_v2_OFDM_s20262205_p-10_Nd1501,fair_v2,OFDM,20262205,static_lti,-10,-1.1679557964496023,0.0277355431073735,0.076672369442797,8.832044203550398,5340576.171874999,5000000.0,2.0,9999999.999999996,1.8724571428571424,0.0,0.0,0.1669416525386852,0.0233110363365168,1.0,,340,1501,1e-09,6.792095186819493e-05,2.43619760000729
fair_v2_OFDM_s20262205_p-03_Nd1501,fair_v2,OFDM,20262205,atomic,-3,5.832044203550398,0.0620921466441504,0.1716480542157109,8.832044203550398,5340576.171874999,5000000.0,1.9999850150822007,9999925.075411003,1.8724431135489592,0.0,0.0,0.22691386898938,0.0517671155045944,1.0,,340,1501,1e-09,6.792095186819493e-05,2.423259199975292
fair_v2_OFDM_s20262205_p-03_Nd1501,fair_v2,OFDM,20262205,static,-3,5.832044203550398,0.0620921466441504,0.1716480542157109,8.832044203550398,5340576.171874999,5000000.0,2.0,10000000.0,1.872457142857144,0.0,0.0,0.1505370641784523,0.0176574539771373,1.0,,340,1501,1e-09,6.792095186819493e-05,2.4331599999859463
fair_v2_OFDM_s20262205_p-03_Nd1501,fair_v2,OFDM,20262205,static_lti,-3,5.832044203550398,0.0620921466441504,0.1716480542157109,8.832044203550398,5340576.171874999,5000000.0,2.0,10000000.0,1.872457142857144,0.0,0.0,0.1675550946932945,0.0204844446756741,1.0,,340,1501,1e-09,6.792095186819493e-05,2.4446448999806307
fair_v2_OFDM_s20262205_p+06_Nd1501,fair_v2,OFDM,20262205,atomic,6,14.832044203550398,0.1749994462674431,0.4837699461863152,8.832044203550398,5340576.171874999,5000000.0,1.7098178768479309,8549089.384239655,1.600780348244372,0.0735294117647058,0.0411764705882352,0.5579905053200028,0.3215984255469763,1.0,,340,1501,1e-09,6.792095186819493e-05,2.462532100005774
fair_v2_OFDM_s20262205_p+06_Nd1501,fair_v2,OFDM,20262205,static,6,14.832044203550398,0.1749994462674431,0.4837699461863152,8.832044203550398,5340576.171874999,5000000.0,1.31593005114631,6579650.255731551,1.2320113118846372,0.1529411764705882,0.0794117647058823,0.964004463557074,0.7844376242260144,1.0,,340,1501,1e-09,6.792095186819493e-05,2.4716597000078764
fair_v2_OFDM_s20262205_p+06_Nd1501,fair_v2,OFDM,20262205,static_lti,6,14.832044203550398,0.1749994462674431,0.4837699461863152,8.832044203550398,5340576.171874999,5000000.0,1.2934949161270324,6467474.580635162,1.2110068974757315,0.1647058823529411,0.0852941176470588,1.0273245575403616,0.834015715958196,1.0,,340,1501,1e-09,6.792095186819493e-05,2.480592000007164
fair_v2_OFDM_s20262305_p-15_Nd1501,fair_v2,OFDM,20262305,atomic,-15,-5.72049514548654,0.0155968420658744,0.0453954073167916,9.27950485451346,5344867.706298827,5000000.0,1.9999995858008808,9999997.929004408,1.8709533104476272,0.0,0.0,0.2560780020979651,0.0608382899767198,1.0,,340,1501,1e-09,6.792095186819493e-05,2.4083498000109103
fair_v2_OFDM_s20262305_p-15_Nd1501,fair_v2,OFDM,20262305,static,-15,-5.72049514548654,0.0155968420658744,0.0453954073167916,9.27950485451346,5344867.706298827,5000000.0,1.999990260193624,9999951.300968118,1.870944586557935,0.0,0.0,0.2501521629027903,0.0620602714016587,1.0,,340,1501,1e-09,6.792095186819493e-05,2.4173878000001423
fair_v2_OFDM_s20262305_p-15_Nd1501,fair_v2,OFDM,20262305,static_lti,-15,-5.72049514548654,0.0155968420658744,0.0453954073167916,9.27950485451346,5344867.706298827,5000000.0,1.999999717048812,9999998.58524406,1.870953433227028,0.0,0.0,0.2551237491836903,0.0611644441036049,1.0,,340,1501,1e-09,6.792095186819493e-05,2.426892300019972
fair_v2_OFDM_s20262305_p-10_Nd1501,fair_v2,OFDM,20262305,atomic,-10,-0.7204951454865398,0.0277355431073735,0.0807257181417808,9.27950485451346,5344867.706298827,5000000.0,2.0,10000000.0,1.8709536979213133,0.0,0.0,0.1694104599157594,0.0265174290572069,1.0,,340,1501,1e-09,6.792095186819493e-05,2.422801999986405
fair_v2_OFDM_s20262305_p-10_Nd1501,fair_v2,OFDM,20262305,static,-10,-0.7204951454865398,0.0277355431073735,0.0807257181417808,9.27950485451346,5344867.706298827,5000000.0,2.0,10000000.0,1.8709536979213133,0.0,0.0,0.146887049581036,0.0232417869760698,1.0,,340,1501,1e-09,6.792095186819493e-05,2.4319962000008672
fair_v2_OFDM_s20262305_p-10_Nd1501,fair_v2,OFDM,20262305,static_lti,-10,-0.7204951454865398,0.0277355431073735,0.0807257181417808,9.27950485451346,5344867.706298827,5000000.0,2.0,10000000.0,1.8709536979213133,0.0,0.0,0.1621150997847974,0.0255067582409073,1.0,,340,1501,1e-09,6.792095186819493e-05,2.440969099989161
fair_v2_OFDM_s20262305_p-03_Nd1501,fair_v2,OFDM,20262305,atomic,-3,6.27950485451346,0.0620921466441504,0.1807223716301144,9.27950485451346,5344867.706298827,5000000.0,1.9925082068199544,9962541.034099773,1.86394529884418,0.0029411764705882,0.0014705882352941,0.2324748227503702,0.0368051436405034,1.0,,340,1501,1e-09,6.792095186819493e-05,2.420571100024972
fair_v2_OFDM_s20262305_p-03_Nd1501,fair_v2,OFDM,20262305,static,-3,6.27950485451346,0.0620921466441504,0.1807223716301144,9.27950485451346,5344867.706298827,5000000.0,2.0,10000000.0,1.8709536979213133,0.0,0.0,0.1297836910536171,0.0204459156569139,1.0,,340,1501,1e-09,6.792095186819493e-05,2.429330500017386
fair_v2_OFDM_s20262305_p-03_Nd1501,fair_v2,OFDM,20262305,static_lti,-3,6.27950485451346,0.0620921466441504,0.1807223716301144,9.27950485451346,5344867.706298827,5000000.0,2.0,10000000.0,1.8709536979213133,0.0,0.0,0.1467347645199717,0.0234805698134151,1.0,,340,1501,1e-09,6.792095186819493e-05,2.4380786000110675
fair_v2_OFDM_s20262305_p+06_Nd1501,fair_v2,OFDM,20262305,atomic,6,15.27950485451346,0.1749994462674431,0.5093448474999458,9.27950485451346,5344867.706298827,5000000.0,1.677140698567007,8385703.492835035,1.5689262959591384,0.0647058823529411,0.0338235294117647,0.5963869317287638,0.3403724239061104,1.0,,340,1501,1e-09,6.792095186819493e-05,2.4196497999946587
fair_v2_OFDM_s20262305_p+06_Nd1501,fair_v2,OFDM,20262305,static,6,15.27950485451346,0.1749994462674431,0.5093448474999458,9.27950485451346,5344867.706298827,5000000.0,1.398245982640401,6991229.913202005,1.3080267459123396,0.1441176470588235,0.0735294117647058,0.6936235176089937,0.4794771376206711,1.0,,340,1501,1e-09,6.792095186819493e-05,2.428684200014686
fair_v2_OFDM_s20262305_p+06_Nd1501,fair_v2,OFDM,20262305,static_lti,6,15.27950485451346,0.1749994462674431,0.5093448474999458,9.27950485451346,5344867.706298827,5000000.0,1.419082171301757,7095410.856508785,1.3275185180256146,0.1558823529411764,0.0794117647058823,0.6948553166322887,0.4625352577966188,1.0,,340,1501,1e-09,6.792095186819493e-05,2.437336300004972
fair_v2_OFDM_s20262505_p-03_Nd1501,fair_v2,OFDM,20262505,atomic,-3,7.430213847968581,0.0620921466441504,0.2063228683766588,10.43021384796858,5353927.612304687,5000000.0,1.9999998961761407,9999999.480880704,1.8677875767124985,0.0,0.0,0.2231190133200026,0.0546381108353808,1.0,,340,1501,1e-09,6.792095186819493e-05,2.4597159000113606
fair_v2_OFDM_s20262505_p-03_Nd1501,fair_v2,OFDM,20262505,static,-3,7.430213847968581,0.0620921466441504,0.2063228683766588,10.43021384796858,5353927.612304687,5000000.0,2.0,10000000.0,1.8677876736729608,0.0,0.0,0.1473575429450319,0.0235414622732641,1.0,,340,1501,1e-09,6.792095186819493e-05,2.4717116999963764
fair_v2_OFDM_s20262505_p-03_Nd1501,fair_v2,OFDM,20262505,static_lti,-3,7.430213847968581,0.0620921466441504,0.2063228683766588,10.43021384796858,5353927.612304687,5000000.0,2.0,10000000.0,1.8677876736729608,0.0,0.0,0.1637070221834927,0.0270760349779876,1.0,,340,1501,1e-09,6.792095186819493e-05,2.4815947000170127
fair_v2_OFDM_s20262505_p+00_Nd1501,fair_v2,OFDM,20262505,atomic,0,10.43021384796858,0.0877074883610843,0.2914387978962894,10.43021384796858,5353927.612304687,5000000.0,1.9470749678599584,9735374.839299792,1.818361312343004,0.0147058823529411,0.0073529411764705,0.3516839432411011,0.1316059382741783,1.0,,340,1501,1e-09,6.792095186819493e-05,2.390493200015044
fair_v2_OFDM_s20262505_p+00_Nd1501,fair_v2,OFDM,20262505,static,0,10.43021384796858,0.0877074883610843,0.2914387978962894,10.43021384796858,5353927.612304687,5000000.0,1.9999991285006056,9999995.642503029,1.867786859785048,0.0,0.0,0.2507709251439713,0.0703733036386023,1.0,,340,1501,1e-09,6.792095186819493e-05,2.39930820002337
fair_v2_OFDM_s20262505_p+00_Nd1501,fair_v2,OFDM,20262505,static_lti,0,10.43021384796858,0.0877074883610843,0.2914387978962894,10.43021384796858,5353927.612304687,5000000.0,1.999998989274009,9999994.946370045,1.867786729762187,0.0,0.0,0.2571264338602458,0.0719175011518025,1.0,,340,1501,1e-09,6.792095186819493e-05,2.4080589000077453
fair_v2_OFDM_s20262505_p+03_Nd1501,fair_v2,OFDM,20262505,atomic,3,13.43021384796858,0.1238901202545948,0.4116682439882318,10.43021384796858,5353927.612304687,5000000.0,1.68219740411428,8410987.0205714,1.5709937880446525,0.0647058823529411,0.0323529411764705,0.5658004873402768,0.391834677520491,1.0,,340,1501,1e-09,6.792095186819493e-05,2.4318298999860417
fair_v2_OFDM_s20262505_p+03_Nd1501,fair_v2,OFDM,20262505,static,3,13.43021384796858,0.1238901202545948,0.4116682439882318,10.43021384796858,5353927.612304687,5000000.0,1.9168689145599984,9584344.572799992,1.7901520653310163,0.0235294117647058,0.0117647058823529,0.4538502220674592,0.2421480581739711,1.0,,340,1501,1e-09,6.792095186819493e-05,2.441366499988362
fair_v2_OFDM_s20262505_p+03_Nd1501,fair_v2,OFDM,20262505,static_lti,3,13.43021384796858,0.1238901202545948,0.4116682439882318,10.43021384796858,5353927.612304687,5000000.0,1.9238923842242,9619461.921121,1.7967112403636225,0.0205882352941176,0.0102941176470588,0.4541349290346753,0.2467884717779495,1.0,,340,1501,1e-09,6.792095186819493e-05,2.4502356000011787
fair_v2_OFDM_s20262505_p+06_Nd1501,fair_v2,OFDM,20262505,atomic,6,16.43021384796858,0.1749994462674431,0.5814968505622979,10.43021384796858,5353927.612304687,5000000.0,1.535344579451909,7676722.897259545,1.4338488401704357,0.0764705882352941,0.0411764705882352,0.7339624758987607,0.6975191033081533,1.0,,340,1501,1e-09,6.792095186819493e-05,2.457879099994898
fair_v2_OFDM_s20262505_p+06_Nd1501,fair_v2,OFDM,20262505,static,6,16.43021384796858,0.1749994462674431,0.5814968505622979,10.43021384796858,5353927.612304687,5000000.0,1.424635319047629,7123176.595238145,1.3304581441981538,0.1411764705882353,0.0720588235294117,0.7368436410821628,0.6230670652621547,1.0,,340,1501,1e-09,6.792095186819493e-05,2.4680086000007577
fair_v2_OFDM_s20262505_p+06_Nd1501,fair_v2,OFDM,20262505,static_lti,6,16.43021384796858,0.1749994462674431,0.5814968505622979,10.43021384796858,5353927.612304687,5000000.0,1.4131698106483157,7065849.053241577,1.3197505765678377,0.138235294117647,0.0705882352941176,0.7435842770936287,0.6618318654918551,1.0,,340,1501,1e-09,6.792095186819493e-05,2.477038999990328
fair_v2_OFDM_s20262605_p-03_Nd1501,fair_v2,OFDM,20262605,atomic,-3,6.024210827619651,0.0620921466441504,0.1754879157255895,9.024210827619653,5361557.006835937,5000000.0,1.999742096661816,9998710.48330908,1.86488933542268,0.0,0.0,0.2543049117296797,0.0799250312778498,1.0,,340,1501,1e-09,6.792095186819493e-05,2.4665099999983795
fair_v2_OFDM_s20262605_p-03_Nd1501,fair_v2,OFDM,20262605,static,-3,6.024210827619651,0.0620921466441504,0.1754879157255895,9.024210827619653,5361557.006835937,5000000.0,2.0,10000000.0,1.8651298470295272,0.0,0.0,0.1424832940913535,0.0221198475833318,1.0,,340,1501,1e-09,6.792095186819493e-05,2.478526999999304
fair_v2_OFDM_s20262605_p-03_Nd1501,fair_v2,OFDM,20262605,static_lti,-3,6.024210827619651,0.0620921466441504,0.1754879157255895,9.024210827619653,5361557.006835937,5000000.0,2.0,10000000.0,1.8651298470295272,0.0,0.0,0.1548178368786759,0.0257134266508772,1.0,,340,1501,1e-09,6.792095186819493e-05,2.488792799995281
fair_v2_OFDM_s20262605_p+00_Nd1501,fair_v2,OFDM,20262605,atomic,0,9.024210827619653,0.0877074883610843,0.2478832695899891,9.024210827619653,5361557.006835937,5000000.0,1.9736236349171992,9868118.174585996,1.840532174143488,0.0058823529411764,0.0029411764705882,0.4255787889978985,0.2020578592333618,1.0,,340,1501,1e-09,6.792095186819493e-05,2.4279299000045285
fair_v2_OFDM_s20262605_p+00_Nd1501,fair_v2,OFDM,20262605,static,0,9.024210827619653,0.0877074883610843,0.2478832695899891,9.024210827619653,5361557.006835937,5000000.0,1.9999998308037363,9999999.15401868,1.8651296892430265,0.0,0.0,0.2566392904910798,0.0695362676064311,1.0,,340,1501,1e-09,6.792095186819493e-05,2.4365688000107184
fair_v2_OFDM_s20262605_p+00_Nd1501,fair_v2,OFDM,20262605,static_lti,0,9.024210827619653,0.0877074883610843,0.2478832695899891,9.024210827619653,5361557.006835937,5000000.0,1.9999981358491048,9999990.679245524,1.8651281085877904,0.0,0.0,0.2605612045175985,0.0711985874392192,1.0,,340,1501,1e-09,6.792095186819493e-05,2.4453435000032187
fair_v2_OFDM_s20262605_p+03_Nd1501,fair_v2,OFDM,20262605,atomic,3,12.024210827619653,0.1238901202545948,0.3501444249797035,9.024210827619653,5361557.006835937,5000000.0,1.8256157646758,9128078.823379,1.7025052259522342,0.0352941176470588,0.0176470588235294,0.5107278943809009,0.2464604062418456,1.0,,340,1501,1e-09,6.792095186819493e-05,2.418302899983246
fair_v2_OFDM_s20262605_p+03_Nd1501,fair_v2,OFDM,20262605,static,3,12.024210827619653,0.1238901202545948,0.3501444249797035,9.024210827619653,5361557.006835937,5000000.0,1.9286023233761025,9643011.616880512,1.7985468781896303,0.0205882352941176,0.0102941176470588,0.4768191755964036,0.2233021045551745,1.0,,340,1501,1e-09,6.792095186819493e-05,2.4271702999831177
fair_v2_OFDM_s20262605_p+03_Nd1501,fair_v2,OFDM,20262605,static_lti,3,12.024210827619653,0.1238901202545948,0.3501444249797035,9.024210827619653,5361557.006835937,5000000.0,1.9373023853249287,9686511.926624646,1.806660250795512,0.0117647058823529,0.0058823529411764,0.4808339306112463,0.2233607943731073,1.0,,340,1501,1e-09,6.792095186819493e-05,2.43610130000161
fair_v2_OFDM_s20262605_p+06_Nd1501,fair_v2,OFDM,20262605,atomic,6,15.024210827619653,0.1749994462674431,0.4945921463241765,9.024210827619653,5361557.006835937,5000000.0,1.6902443414670034,8451221.707335018,1.576262585021438,0.0735294117647058,0.038235294117647,0.5908075161784898,0.3684844741100831,1.0,,340,1501,1e-09,6.792095186819493e-05,2.4944790999870747
fair_v2_OFDM_s20262605_p+06_Nd1501,fair_v2,OFDM,20262605,static,6,15.024210827619653,0.1749994462674431,0.4945921463241765,9.024210827619653,5361557.006835937,5000000.0,1.424127288632663,7120636.443163315,1.328091155999007,0.1647058823529411,0.0823529411764705,0.7401637248058728,0.532386931904859,1.0,,340,1501,1e-09,6.792095186819493e-05,2.503209299989976
fair_v2_OFDM_s20262605_p+06_Nd1501,fair_v2,OFDM,20262605,static_lti,6,15.024210827619653,0.1749994462674431,0.4945921463241765,9.024210827619653,5361557.006835937,5000000.0,1.430559397161098,7152796.98580549,1.3340895147968657,0.1617647058823529,0.0808823529411764,0.7614162665187026,0.5719446463238317,1.0,,340,1501,1e-09,6.792095186819493e-05,2.513273299991852
fair_v2_OFDM_s20262705_p-03_Nd1501,fair_v2,OFDM,20262705,atomic,-3,6.71369629441579,0.0620921466441504,0.1899859519182861,9.71369629441579,5349159.240722655,5000000.0,1.997419108937815,9987095.544689076,1.8670402385216427,0.0,0.0,0.2362999399747875,0.050908272067269,1.0,,340,1501,1e-09,6.792095186819493e-05,2.4504934000142384
fair_v2_OFDM_s20262705_p-03_Nd1501,fair_v2,OFDM,20262705,static,-3,6.71369629441579,0.0620921466441504,0.1899859519182861,9.71369629441579,5349159.240722655,5000000.0,2.0,10000000.0,1.8694526653592445,0.0,0.0,0.159799970375266,0.0236719395450805,1.0,,340,1501,1e-09,6.792095186819493e-05,2.45969220000552
fair_v2_OFDM_s20262705_p-03_Nd1501,fair_v2,OFDM,20262705,static_lti,-3,6.71369629441579,0.0620921466441504,0.1899859519182861,9.71369629441579,5349159.240722655,5000000.0,2.0,10000000.0,1.8694526653592445,0.0,0.0,0.1784481007412867,0.0294443189652823,1.0,,340,1501,1e-09,6.792095186819493e-05,2.4693980000156444
fair_v2_OFDM_s20262705_p+00_Nd1501,fair_v2,OFDM,20262705,atomic,0,9.71369629441579,0.0877074883610843,0.2683622900354726,9.71369629441579,5349159.240722655,5000000.0,1.9236766031493124,9618383.015746562,1.7981111765233495,0.0147058823529411,0.0073529411764705,0.3609862645030325,0.118762300774691,1.0,,340,1501,1e-09,6.792095186819493e-05,2.456124900025316
fair_v2_OFDM_s20262705_p+00_Nd1501,fair_v2,OFDM,20262705,static,0,9.71369629441579,0.0877074883610843,0.2683622900354726,9.71369629441579,5349159.240722655,5000000.0,1.9995253340159265,9997626.670079632,1.869008982564704,0.0,0.0,0.2806628022037927,0.0737690320069542,1.0,,340,1501,1e-09,6.792095186819493e-05,2.464773400017293
fair_v2_OFDM_s20262705_p+00_Nd1501,fair_v2,OFDM,20262705,static_lti,0,9.71369629441579,0.0877074883610843,0.2683622900354726,9.71369629441579,5349159.240722655,5000000.0,1.9994903330955696,9997451.665477848,1.868976266282778,0.0,0.0,0.2918731475721053,0.0758354525214672,1.0,,340,1501,1e-09,6.792095186819493e-05,2.473928800027352
fair_v2_OFDM_s20262705_p+03_Nd1501,fair_v2,OFDM,20262705,atomic,3,12.71369629441579,0.1238901202545948,0.3790718102360459,9.71369629441579,5349159.240722655,5000000.0,1.814364837695248,9071824.188476237,1.6959345908817365,0.05,0.0279411764705882,0.5069942030803134,0.2491119103458286,1.0,,340,1501,1e-09,6.792095186819493e-05,2.4242887999862432
fair_v2_OFDM_s20262705_p+03_Nd1501,fair_v2,OFDM,20262705,static,3,12.71369629441579,0.1238901202545948,0.3790718102360459,9.71369629441579,5349159.240722655,5000000.0,1.856848510327932,9284242.55163966,1.7356451984004473,0.0294117647058823,0.0147058823529411,0.4912662369900282,0.234038596024254,1.0,,340,1501,1e-09,6.792095186819493e-05,2.4335657999909017
fair_v2_OFDM_s20262705_p+03_Nd1501,fair_v2,OFDM,20262705,static_lti,3,12.71369629441579,0.1238901202545948,0.3790718102360459,9.71369629441579,5349159.240722655,5000000.0,1.8564139184784083,9282069.592392042,1.7352389739547298,0.038235294117647,0.0191176470588235,0.4985703694790895,0.2323960937830766,1.0,,340,1501,1e-09,6.792095186819493e-05,2.442210699984571
fair_v2_OFDM_s20262705_p+06_Nd1501,fair_v2,OFDM,20262705,atomic,6,15.71369629441579,0.1749994462674431,0.535453164066527,9.71369629441579,5349159.240722655,5000000.0,1.6418046970303832,8209023.485151916,1.5346380834313882,0.0676470588235294,0.0352941176470588,0.586452364088361,0.3104057354705203,1.0,,340,1501,1e-09,6.792095186819493e-05,2.4845014000020456
fair_v2_OFDM_s20262705_p+06_Nd1501,fair_v2,OFDM,20262705,static,6,15.71369629441579,0.1749994462674431,0.535453164066527,9.71369629441579,5349159.240722655,5000000.0,1.443519686917139,7217598.434585695,1.3492958631028935,0.1558823529411764,0.0794117647058823,0.7797713867150424,0.6013549693062685,1.0,,340,1501,1e-09,6.792095186819493e-05,2.493540099996608
fair_v2_OFDM_s20262705_p+06_Nd1501,fair_v2,OFDM,20262705,static_lti,6,15.71369629441579,0.1749994462674431,0.535453164066527,9.71369629441579,5349159.240722655,5000000.0,1.4182462384070853,7091231.192035426,1.325672105262924,0.1588235294117647,0.0808823529411764,0.7873698986798521,0.5843759551646129,1.0,,340,1501,1e-09,6.792095186819493e-05,2.503734199999599
