case,t_boundary_us,dphi_rad,g_pre,dip_depth,dip_time_us,dip_recovery_1e_us,max_abs_dtheta_rad,dtheta_at_max_rad,time_max_dtheta_us,window_us,min_absfull_rel_first_0p5us,min_abslin_rel_first_0p5us,max_absfull_rel_first_0p5us,max_abslin_rel_first_0p5us
QPSK_SLOW,54.0,3.141592653589793,0.43288138231445805,-0.11246679636389623,1.5800000000000054,0.4399999999999977,0.780170125796975,0.780170125796975,0.12000000000000455,3.680000000000007,0.7781464717996986,0.8030565776195696,1.575950869148539,1.0132619389741107
QPSK_SLOW,58.0,1.5707963267948966,0.4063397042864445,-0.22861439344553702,0.9200000000000017,0.4200000000000017,0.9426050786664302,0.9426050786664302,0.6600000000000037,3.680000000000007,0.6762978481744281,0.8675339766756215,1.0702407735398012,1.0003055545089345
QPSK_SLOW,62.0,1.5707963267948966,0.34892590402441354,-0.3082991485953171,1.1000000000000014,2.020000000000003,1.7191161932381382,1.7191161932381382,0.8600000000000065,3.680000000000007,0.4729544179685391,0.8757509618720521,0.9608926462011707,1.0086542626572528
QPSK_SLOW,66.0,1.5707963267948966,0.23463468733626724,-0.15709572644558445,1.0600000000000023,0.6600000000000108,1.108575519247323,1.108575519247323,0.6400000000000006,3.680000000000007,0.5181072073040373,0.871486477262539,1.4497657336487593,1.0066848164040605
QPSK_SLOW,70.0,3.141592653589793,0.24429882822379362,0.006998921557746951,1.1200000000000045,,0.6345987696168409,0.6345987696168409,0.0800000000000125,3.6799999999999926,1.115839644788611,0.7957076304546191,2.832595488441335,1.006931249717033
QPSK_SLOW,78.0,3.141592653589793,0.39013551815504277,-0.0783851770492916,0.5000000000000142,0.3199999999999932,0.6370204690363352,0.6370204690363352,0.1600000000000108,3.680000000000007,0.8100998834434023,0.7978184141833288,1.5606355487854688,1.0144483292886306
QPSK_SLOW,86.0,3.1415926535897913,0.42394957919424836,-0.1133681728554442,1.240000000000009,0.4399999999999977,0.6845104010412593,0.6845104010412593,0.0799999999999983,3.680000000000007,0.9988166832980099,0.7961159600272897,1.7281904767789613,1.012928938223912
QPSK_SLOW,94.0,3.141592653589793,0.4081975466064921,-0.06902938305006456,0.5,0.3200000000000074,0.5976709879439152,0.5976709879439152,0.1600000000000108,3.680000000000007,0.8425195726197472,0.7977817524169624,1.5117284620266693,1.014377049003215
QPSK_SLOW,98.0,-1.5707963267948983,0.38981805357336136,-0.3609800713833306,1.0200000000000102,,2.988361700032166,2.988361700032166,1.0200000000000102,3.680000000000007,0.34830952191872666,0.998087251299701,1.0637959327072903,1.1143426408823431
