case,Nd,dt_ns,g_pre,g_final,g_coherent_final,t63_us,t90_us,peak_transient_dev_vs_final,integrated_excess_compression_vs_CW_us,probe_db_last20us,pop_ground,pop_intermediate,pop_rydberg_3,pop_rydberg_4,pop_trace,abs_out_last20,abs_lin_last20,g_final_static_mh,g_final_static_lti_mh,g_final_dsh,X,delta_g_vs_CW,delta_g_vs_static_prediction,static_prediction_g,kind,symbol_period_s,ramp_duration_s,n_transitions_nonzero,transition_rate_per_us,total_phase_excursion_rad,mean_abs_freq_offset_Hz,rms_freq_offset_Hz,peak_abs_freq_offset_Hz,mean_signed_freq_offset_Hz,amplitude_Vpm,amplitude_max_dev,modulated_duration_s,carrier_center_Hz
CW,4001,1.0,0.432870686711712,0.43247075271175395,0.43247068539536887,,,0.07142688468298863,0.0,-16.6570579188103,0.9589021234793977,0.013336801481331559,0.01375255444440551,0.014008379413167488,0.9999998588183022,0.0002714888420869988,0.0006277623177629067,0.43059182894120734,0.4356066278797809,0.4356066278797809,0.0,0.0,0.0016933609299534802,0.43077739178180047,cw,,,0,0.0,0.0,0.0,0.0,0.0,0.0,0.1791517448937735,0.0,6e-05,5000000.0
OFF_+0.125,4001,1.0,0.4328704694803163,0.5072871165652375,0.5074480046926024,7.220000000000006,13.200000000000003,0.0772730887811156,-3.9415801117710556,-16.712101166025523,0.9592453466790485,0.0133579861881902,0.013518088578552315,0.013878431070944301,0.9999998525167353,0.00031397667007122007,0.0006191831075730172,0.44727908607757727,0.4353131613829582,0.43531316138295817,-0.17299751112498796,0.07481636385348356,0.07650972478343704,0.43077739178180047,offset,,,0,0.0,47.12388980384689,124997.91666666669,124998.95832899302,125000.00000062834,124997.91666666669,0.1791517448937735,0.0,6e-05,5000000.0
OFF_+1.31,4001,1.0,0.43287043633764144,0.7892992749969034,0.7839093086910259,0.740000000000002,7.420000000000002,-0.10421139804863522,-20.81291200187218,-16.974099436535298,0.9605142392201295,0.013568086867664395,0.012965800164913836,0.012951830291300596,0.9999999565440084,0.00041325641068902936,0.000523592460556158,0.6167176873445084,0.4360738693802727,0.4360738693802726,-0.8250928416492924,0.3568285222851495,0.358521883215103,0.43077739178180047,offset,,,0,0.0,493.4802200544679,1308975.1223800974,1308986.0306424703,1308996.939005164,1308975.1223800974,0.1791517448937735,0.0,6e-05,5000000.0
OFF_-1.31,4001,1.0,0.43287052548199034,0.6492525344955484,0.6489401438455555,5.300000000000004,11.82,-0.26743709954866296,-11.620714351277389,-16.931775174521565,0.9601474019909071,0.013569530779852887,0.013128719862360395,0.013154174175050118,0.9999998268081706,0.00047101849864014217,0.0007261205796752003,0.259621645898342,0.4354743787363931,0.435474378736393,-0.5012634505905691,0.21678178178379448,0.21847514271374796,0.43077739178180047,offset,,,0,0.0,493.4802200544679,1308975.1223800974,1308986.0306424703,1308996.939005164,-1308975.1223800974,0.1791517448937735,0.0,6e-05,5000000.0
OFF_+2.62,4001,1.0,0.4328704363376415,1.3063722195276355,1.3082886096461375,0.6199999999999974,2.5600000000000023,-0.20830812238114138,-51.25284196932746,-16.952393688440882,0.9603286725428016,0.013585113609091287,0.012456254666622731,0.013629863002325392,0.999999903820841,0.0006360788719720873,0.00048704295356289415,0.6683747296914837,0.43439227442234546,0.4343922744223455,-2.0207180747742854,0.8739014668158815,0.875594827745835,0.43077739178180047,offset,,,0,0.0,986.9604401089358,2617950.244760195,2617972.0612849407,2617993.878010328,2617950.244760195,0.1791517448937735,0.0,6e-05,5000000.0
OFF_-2.62,4001,1.0,0.4328705254819904,0.5595200989095706,0.5595192884706429,0.46000000000000085,6.260000000000005,-0.078908576668906,-7.62365159786667,-16.670508656790922,0.9583493356165824,0.013301224106631728,0.014065457599640514,0.014283971685991517,0.9999999890088461,0.00032858475504482336,0.0005690792943498441,0.1605413392191174,0.4353201346424497,0.4353201346424496,-0.2937755799696731,0.1270493461978166,0.12874270712777008,0.43077739178180047,offset,,,0,0.0,986.9604401089358,2617950.244760195,2617972.0612849407,2617993.878010328,-2617950.244760195,0.1791517448937735,0.0,6e-05,5000000.0
QPSK_REF,4001,1.0,0.43287068671171197,0.20745517001545688,0.20915034645429975,2.940000000000005,3.5400000000000063,0.3164889080245322,11.102932272225171,-16.655640912321417,0.958796584190392,0.013313793738306219,0.013759828906976024,0.014129753247650152,0.9999999600833245,0.0001309700105669123,0.0006292427309560675,0.4296509401916533,0.43560315298879015,0.4356031529887901,0.5203024280494459,-0.22501558269629707,-0.2233222217663436,0.43077739178180047,qpsk,1e-06,3e-07,44,0.7333333333333333,94.2477796076938,250000.0000000001,627770.0099411816,2617946.029067747,141666.66666666666,0.1791517448937735,0.0,6e-05,5000000.0
QPSK_REF_s2,4001,1.0,0.43287068671171214,0.2062384453852012,0.20269510262838014,1.1799999999999997,1.6400000000000006,0.22132872406119353,11.268419437299737,-16.653185032994635,0.9587013728754012,0.013405384340225104,0.013990945073316224,0.01390227774634768,0.9999999800352902,0.00012982544792835052,0.0006297573776898683,0.42915347931288905,0.4356119450992034,0.4356119450992034,0.523115854443315,-0.22623230732655275,-0.22453894639659927,0.43077739178180047,qpsk,1e-06,3e-07,42,0.7,86.3937979737193,229166.6666666668,589045.9310347028,2617946.029067747,120833.33333333331,0.1791517448937735,0.0,6e-05,5000000.0
QPSK_SLOW,4001,1.0,0.43287068671171214,0.36386915787201146,0.3141079166258573,5.140000000000001,7.760000000000005,-0.25786139538472685,5.514554473795849,-16.657721445619142,0.958853700673747,0.013341227715005458,0.013758180781050296,0.014046888954368519,0.9999999981241713,0.00022865437052345253,0.0006282583546305,0.4299392054248921,0.43560652266757693,0.435606522667577,0.1586271312212092,-0.06860159483974249,-0.066908233909789,0.43077739178180047,qpsk,4e-06,3e-07,9,0.15,21.991148575128552,58333.333333333336,320635.99246614927,2617946.029067181,49999.99999999999,0.1791517448937735,0.0,6e-05,5000000.0
QPSK_FAST,4001,1.0,0.43287068671171214,0.24290851544199146,0.28361077063314766,4.140000000000001,5.759999999999998,0.31363903832798745,6.826942920867187,-16.674672172370084,0.9585170419533671,0.013365772431013744,0.014086144322480003,0.014031023060069632,0.9999999817669305,0.0001488202600835462,0.0006102629497278934,0.45684210243550605,0.43561967702861654,0.4356196770286165,0.4383238313368849,-0.18956223726976248,-0.187868876339809,0.43077739178180047,qpsk,5e-07,3e-07,87,1.45,193.20794819577225,512500.0,913953.1975304394,2617946.029067464,337500.0000000001,0.1791517448937735,0.0,6e-05,5000000.0
QPSK_JUMP,4001,1.0,0.432870686711712,0.2061353750358455,0.2045958549659081,2.8400000000000034,12.460000000000008,0.29368259669566354,10.90210637196883,-16.641747556108466,0.9587446319216033,0.013302939167282937,0.013813908923512992,0.014138531873563169,1.0000000118859624,0.00012829853510779125,0.0006295170299126227,0.4288906288795673,0.43561504641611803,0.43561504641611803,0.5233541835065161,-0.22633537767590844,-0.22464201674595496,0.43077739178180047,qpsk,1e-06,0.0,44,0.7333333333333333,94.2477796076938,250000.0000000001,9789450.103725612,500000000.0000005,141666.66666666666,0.1791517448937735,0.0,6e-05,5000000.0
QPSK_LONGRAMP,4001,1.0,0.4328706867117119,0.21512434176600082,0.1985242486784993,3.480000000000004,10.920000000000009,0.2716062757438432,11.986141407332697,-16.690111407915747,0.9588127454475379,0.013322327136486789,0.013739149442073094,0.014125689809807676,0.9999999118359055,0.00013365478233005114,0.0006225345022531266,0.4449099640533399,0.43560574374956695,0.43560574374956684,0.5025690398319644,-0.21734641094575313,-0.21565305001579965,0.43077739178180047,qpsk,1e-06,9e-07,44,0.7333333333333333,94.2477796076938,250000.0000000001,362444.65631996753,872662.8538083634,141666.6666666667,0.1791517448937735,0.0,6e-05,5000000.0
TOGGLE,4001,1.0,0.432870686711712,0.1509261806976092,0.18110643377852095,2.539999999999999,9.140000000000008,0.2898858377173049,13.08724115620999,-16.656454521446616,0.9585876728540665,0.013338204598110552,0.013888678617223274,0.014185457610559095,1.0000000136799594,9.539375794407416e-05,0.0006301752219724029,0.4288867965075037,0.4355976875816715,0.4355976875816715,0.6510141327448262,-0.28154457201414473,-0.27985121108419125,0.43077739178180047,toggle,1e-06,3e-07,44,0.7333333333333333,91.106186954104,241666.66666666677,606954.1378599895,2617946.029067323,116666.66666666664,0.1791517448937735,0.0,6e-05,5000000.0
CW,8001,1.0,0.4320538499877744,0.4316542296037455,0.43165423432446676,,,0.07152550914871963,0.04857159126464002,-16.656938576929033,0.9589022441433566,0.013336665655342035,0.013753083163514476,0.014007995329341796,0.9999999882915549,0.00027097625964820997,0.0006277623177629067,,,,0.00188804237717477,-0.000816523108008449,0.0008768378219450312,0.43077739178180047,cw,,,0,0.0,0.0,0.0,0.0,0.0,0.0,0.1791517448937735,0.0,6e-05,5000000.0
CW,4001,0.5,0.4328348320355224,0.4324347983165885,0.43243476754719695,,,0.07143123330501189,0.002124727072420578,-16.657071371894435,0.958901967697195,0.013338137297768364,0.013756688326863102,0.014003024516237639,0.999999817838064,0.00027146627127255774,0.0006277623177629067,,,,8.313717156593903e-05,-3.595439516546062e-05,0.0016574065347880196,0.43077739178180047,cw,,,0,0.0,0.0,0.0,0.0,0.0,0.0,0.1791517448937735,0.0,6e-05,5000000.0
QPSK_REF,8001,1.0,0.4320538499877744,0.20799913603001507,0.20938724370699868,2.940000000000005,3.5400000000000063,0.31566846133452586,11.090173234105144,-16.655469627151085,0.9587956685516028,0.013313627091786974,0.0137602265855361,0.014130434933745321,0.9999999571626712,0.00013119603927203545,0.0006292427309560675,,,,0.519044618102421,-0.22447161668173887,-0.2227782557517854,0.43077739178180047,qpsk,1e-06,3e-07,44,0.7333333333333333,94.2477796076938,250000.0000000001,627770.0099411816,2617946.029067747,141666.66666666666,0.1791517448937735,0.0,6e-05,5000000.0
QPSK_REF,4001,0.5,0.4328348320355224,0.2074186437181454,0.2091519224609408,2.940000000000005,3.5400000000000063,0.3165227138615467,11.102840503729194,-16.655626019528558,0.9587959643563625,0.013312772015355485,0.01376203711837247,0.014129077626082355,0.9999998511161728,0.00013097079865382173,0.0006292427309560675,,,,0.5203868876275386,-0.22505210899360856,-0.22335874806365508,0.43077739178180047,qpsk,1e-06,3e-07,44,0.7333333333333333,94.2477796076938,250000.0000000001,627770.0099411816,2617946.029067747,141666.66666666666,0.1791517448937735,0.0,6e-05,5000000.0
QPSK_JUMP,8001,1.0,0.4320538499877744,0.20553933186475043,0.20489355975010573,2.8400000000000034,12.460000000000008,0.294884571371615,10.902029319642475,-16.6415808169487,0.9587435533644577,0.013302784199652392,0.013813875793448505,0.014139831735365604,1.0000000450929243,0.00012859434897206603,0.0006295170299126227,,,,0.5247324112071357,-0.22693142084700352,-0.22523805991705004,0.43077739178180047,qpsk,1e-06,0.0,44,0.7333333333333333,94.2477796076938,250000.0000000001,9789450.103725612,500000000.0000005,141666.66666666666,0.1791517448937735,0.0,6e-05,5000000.0
QPSK_JUMP,4001,0.5,0.4328348320355224,0.20660617904020284,0.204496726152267,2.8200000000000074,12.460000000000008,0.29288911925471095,10.910348384655524,-16.641712825557732,0.9587440702543062,0.013301901567987034,0.013815948626345963,0.014138134301624151,1.0000000547502634,0.0001280606284293733,0.0006295170299126227,,,,0.5222655457167807,-0.2258645736715511,-0.22417121274159763,0.43077739178180047,qpsk,1e-06,0.0,44,0.7333333333333333,94.2477796076938,250000.0000000001,9789450.103725612,500000000.0000005,141666.66666666666,0.1791517448937735,0.0,6e-05,5000000.0
OFF_+1.31,8001,1.0,0.4320535878747367,0.7879732383148712,0.7826519756386624,0.7199999999999989,7.440000000000005,-0.10295162405195535,-20.744319423492644,-16.973821026666272,0.9605114258196066,0.013567902559077354,0.012967256308905682,0.012953323662352488,0.9999999083499421,0.0004125159684812277,0.000523592460556158,,,,-0.8220266535343332,0.35550248560311726,0.35719584653307074,0.43077739178180047,offset,,,0,0.0,493.4802200544679,1308975.1223800974,1308986.0306424703,1308996.939005164,1308975.1223800974,0.1791517448937735,0.0,6e-05,5000000.0
OFF_+1.31,4001,0.5,0.43283460793809053,0.7893532709871772,0.7839716760513296,0.740000000000002,7.420000000000002,-0.10421053323397789,-20.816690294466444,-16.97412439998889,0.9605143428972375,0.013566435002154138,0.012967998792227575,0.012951086677271973,0.9999998633688911,0.0004132913716826963,0.000523592460556158,,,,-0.8252176963127238,0.3568825182754233,0.35857587920537676,0.43077739178180047,offset,,,0,0.0,493.4802200544679,1308975.1223800974,1308986.0306424703,1308996.939005164,1308975.1223800974,0.1791517448937735,0.0,6e-05,5000000.0
