item,value,rule,outcome
EFFECT,"X_REF=0.520, X_REF_s2=0.523",X_REF >= 0.20 and |X_REF_s2 - X_REF| <= 0.25 X_REF,PASS
numerics_ok,max |dX| = 0.0031 over 8 checks,|Delta X| <= 0.02 for every checked case under Nd 4001->8001 and dt 1->0.5 ns,PASS
H3_strong_KILL (mean-drift detuning),X(OFF_+0.125)=-0.173 vs 0.8 X_REF=0.416,X(OFF_+0.125) >= 0.8 X_REF  (ordinary detuning by the mean drift reproduces the effect),not triggered
H3_partial (instantaneous-frequency detuning),"X offsets: OFF_-2.62 -0.294, OFF_-1.31 -0.501, OFF_+0.125 -0.173, OFF_+1.31 -0.825, OFF_+2.62 -2.021","some offset with |delta| in {1.31, 2.62} MHz gives X >= 0.8 X_REF (instantaneous-frequency detuning could explain; B/C confounded)",REJECTED
H1_transition_rate,SLOW 0.159 / REF 0.520 / FAST 0.438,"X_SLOW < X_REF < X_FAST with X_FAST - X_SLOW >= 0.10, AND every offset with |delta| <= 1.31 MHz has X < 0.5 X_REF",NOT SUPPORTED (non-monotone)
H2_frequency_swing,JUMP 0.523 / REF 0.520 / LONGRAMP 0.503,X_JUMP > X_REF > X_LONGRAMP with X_JUMP - X_LONGRAMP >= 0.10,REJECTED
H4_discrete_jump,"JUMP 0.523 vs REF 0.520, LONGRAMP 0.503",X_JUMP >= 0.20 and X_REF < 0.5 X_JUMP and X_LONGRAMP < 0.5 X_JUMP,REJECTED
stochasticity_irrelevant,"TOGGLE 0.651 vs REF 0.520 (|d|=0.131, limit 0.130)",|X_TOGGLE - X_REF| <= 0.25 X_REF,FAIL (pattern matters)
organizer: transition rate,"max within-level spread 2.021, monotone=False, Spearman +0.84","candidate variables v in {transition rate (nonzero transitions/us), mean |f_inst - f_IF|, RMS(f_inst - f_IF), peak |f_inst - f_IF|, mean signed offset}; v 'cleanly organizes' X over all 12 non-replicate cases if (i) cases with equal v differ in X by <= 0.10 and (ii) the per-level mean X is monotone in v (tolerance 0.03)",FAIL
organizer (phase-modulated cases + CW only): transition rate,"spread 0.148, monotone=False, Spearman +0.51",descriptive (not pre-registered),FAIL
organizer: mean |f_inst - f_IF|,"max within-level spread 1.727, monotone=False, Spearman -0.53","candidate variables v in {transition rate (nonzero transitions/us), mean |f_inst - f_IF|, RMS(f_inst - f_IF), peak |f_inst - f_IF|, mean signed offset}; v 'cleanly organizes' X over all 12 non-replicate cases if (i) cases with equal v differ in X by <= 0.10 and (ii) the per-level mean X is monotone in v (tolerance 0.03)",FAIL
organizer (phase-modulated cases + CW only): mean |f_inst - f_IF|,"spread 0.021, monotone=False, Spearman +0.37",descriptive (not pre-registered),FAIL
organizer: RMS(f_inst - f_IF),"max within-level spread 1.727, monotone=False, Spearman -0.22","candidate variables v in {transition rate (nonzero transitions/us), mean |f_inst - f_IF|, RMS(f_inst - f_IF), peak |f_inst - f_IF|, mean signed offset}; v 'cleanly organizes' X over all 12 non-replicate cases if (i) cases with equal v differ in X by <= 0.10 and (ii) the per-level mean X is monotone in v (tolerance 0.03)",FAIL
organizer (phase-modulated cases + CW only): RMS(f_inst - f_IF),"spread 0.000, monotone=False, Spearman +0.64",descriptive (not pre-registered),FAIL
organizer: peak |f_inst - f_IF|,"max within-level spread 1.727, monotone=False, Spearman +0.16","candidate variables v in {transition rate (nonzero transitions/us), mean |f_inst - f_IF|, RMS(f_inst - f_IF), peak |f_inst - f_IF|, mean signed offset}; v 'cleanly organizes' X over all 12 non-replicate cases if (i) cases with equal v differ in X by <= 0.10 and (ii) the per-level mean X is monotone in v (tolerance 0.03)",FAIL
organizer (phase-modulated cases + CW only): peak |f_inst - f_IF|,"spread 0.492, monotone=False, Spearman +0.64",descriptive (not pre-registered),FAIL
organizer: mean signed offset,"max within-level spread 0.021, monotone=False, Spearman -0.06","candidate variables v in {transition rate (nonzero transitions/us), mean |f_inst - f_IF|, RMS(f_inst - f_IF), peak |f_inst - f_IF|, mean signed offset}; v 'cleanly organizes' X over all 12 non-replicate cases if (i) cases with equal v differ in X by <= 0.10 and (ii) the per-level mean X is monotone in v (tolerance 0.03)",FAIL
organizer (phase-modulated cases + CW only): mean signed offset,"spread 0.021, monotone=False, Spearman +0.31",descriptive (not pre-registered),FAIL
DECISION,organizers passing: none,"GO: EFFECT, numerics_ok, not H3_strong, and exactly one organizer passes (or all passing organizers are identical on every case). CONDITIONAL GO: EFFECT and numerics_ok but 0 or >=2 distinct organizers pass (confounded/partial). HOLD: EFFECT fails on size or reproducibility. KILL: H3_strong or X_REF < 0.05.",CONDITIONAL GO
