metric,convention,matching_rule,target,config,hypothesis,X_ref,X_ref_ci_lo,X_ref_ci_hi,ref_informative,X_c,diff,diff_ci_lo,diff_ci_hi,diff_boot_lo,diff_boot_hi,pathological,evaluable,holds,reversal
X,A,matched_CW_gain,0.4,C5,HA2,0.48208844422266145,0.42688628903481596,0.5372905994105069,True,0.4616783909502992,0.02041005327236232,-0.054629572010274685,0.09544967855499933,-0.033565165163577416,0.07170897959287509,False,True,False,False
X,A,matched_CW_gain,0.4,C6,HA2,0.48208844422266145,0.42688628903481596,0.5372905994105069,True,0.23751398363991227,0.24457446058274915,0.17427857299932997,0.3148703481661683,0.19310157866680622,0.29029802862008935,False,True,True,False
X,A,matched_CW_gain,0.6,C5,HA2,0.534180040744623,0.452487984183219,0.615872097306027,True,0.2726867878399526,0.26149325290467046,0.1581079722240173,0.36487853358532363,0.18873807893089856,0.3326910507632523,False,True,True,False
X,A,matched_CW_gain,0.6,C6,HA2,0.534180040744623,0.452487984183219,0.615872097306027,True,0.1534291677716592,0.3807508729729639,0.320328578637917,0.44117316730801076,0.33791944918064526,0.4210081043071839,False,True,True,False
X,A,matched_CW_gain,0.8,C5,HA2,0.33420356834440695,0.2586746760843691,0.4097324606044448,True,0.12760706240959796,0.20659650593480894,0.14111986648334193,0.2720731453862759,0.1727419217878202,0.2579491653543234,False,True,True,False
X,A,matched_CW_gain,0.8,C6,HA2,0.33420356834440695,0.2586746760843691,0.4097324606044448,True,0.17208781990880848,0.16211574843559845,0.1072949550933455,0.2169365417778514,0.12733951067498653,0.20540956129359453,False,True,True,False
X,A,matched_CW_gain,0.85,C3,HA1,0.2321112383815457,0.1473080919920277,0.3169143847710637,True,-0.01269375232789094,0.24480499070943665,0.15903245384694503,0.33057752757192826,0.18736101542873376,0.30640343070190307,False,True,True,False
X,A,matched_CW_gain,0.9,C3,HA1,0.12270948225564626,0.07013316496093203,0.1752857995503605,True,-0.038381430635235504,0.16109091289088176,0.10844362623380906,0.21373819954795448,0.12749383665183286,0.199995581868507,False,True,True,False
X,A,matched_CW_gain,0.95,C3,HA1,0.03414547175854016,0.017390838408147816,0.0509001051089325,False,-0.017655280421702908,0.05180075218024307,0.03595756742915601,0.06764393693133013,0.0411551842071032,0.06305882663415069,False,False,True,False
X,B,matched_signal_to_LO,0.1,C2,HA1,0.03726429722964427,0.018688142173910675,0.055840452285377866,False,0.002321210258865669,0.0349430869707786,0.016766985620142984,0.05311918832141422,0.02230080687297185,0.047642852346534204,False,False,False,False
X,B,matched_signal_to_LO,0.1,C3,HA1,0.03726429722964427,0.018688142173910675,0.055840452285377866,False,-0.0023555525298195232,0.03961984975946379,0.021489436223491906,0.05775026329543567,0.028880772345418266,0.05400143383411952,False,False,False,False
X,B,matched_signal_to_LO,0.1,C4,HA1,0.03726429722964427,0.018688142173910675,0.055840452285377866,False,0.0010531101100583011,0.036211187119585965,0.018457107469822556,0.053965266769349374,0.02573984474236818,0.050110496261457915,False,False,False,False
X,B,matched_signal_to_LO,0.1,C5,HA2,0.03726429722964427,0.018688142173910675,0.055840452285377866,False,0.02096347376488583,0.016300823464758436,-0.0038824303782510373,0.03648407730776791,0.0034252377337914788,0.03139795272555984,False,False,False,False
X,B,matched_signal_to_LO,0.1,C6,HA2,0.03726429722964427,0.018688142173910675,0.055840452285377866,False,0.1161266084724716,-0.07886231124282733,-0.10026168943952118,-0.05746293304613348,-0.0946042617712914,-0.06431583805631835,False,False,False,True
X,B,matched_signal_to_LO,0.2,C2,HA1,0.3231869545117932,0.24623065328985833,0.40014325573372805,True,0.05541971551741237,0.2677672389943808,0.19523964171059643,0.3402948362781652,0.22536725792056736,0.3233670913833007,False,True,True,False
X,B,matched_signal_to_LO,0.2,C3,HA1,0.3231869545117932,0.24623065328985833,0.40014325573372805,True,-0.01021717436358438,0.33340412887537757,0.2574397894177367,0.40936846833301843,0.28401981129295284,0.3898898788301737,False,True,True,False
X,B,matched_signal_to_LO,0.2,C4,HA1,0.3231869545117932,0.24623065328985833,0.40014325573372805,True,0.008617974430525274,0.3145689800812679,0.2425202717983005,0.38661768836423527,0.2688916969320137,0.3674821809528644,False,True,True,False
X,B,matched_signal_to_LO,0.2,C5,HA2,0.3231869545117932,0.24623065328985833,0.40014325573372805,True,0.12303106379177202,0.20015589072002118,0.1338846532700337,0.2664271281700087,0.16416606097205363,0.25138770254102544,False,True,True,False
X,B,matched_signal_to_LO,0.2,C6,HA2,0.3231869545117932,0.24623065328985833,0.40014325573372805,True,0.1770430132874977,0.1461439412242955,0.07195256390981891,0.22033531853877208,0.10005784141941208,0.20362404467163472,False,True,True,False
X,B,matched_signal_to_LO,0.358,C2,HA1,0.49449656788810153,0.4315610219267112,0.5574321138494919,True,0.08271920769998121,0.4117773601881202,0.339650528008695,0.48390419236754545,0.35573908811015104,0.4544546586297709,False,True,True,False
X,B,matched_signal_to_LO,0.358,C3,HA1,0.49449656788810153,0.4315610219267112,0.5574321138494919,True,-0.029749672501175734,0.5242462403892771,0.4596023821506002,0.5888900986279542,0.4735921908205876,0.562941590201364,False,True,True,False
X,B,matched_signal_to_LO,0.358,C4,HA1,0.49449656788810153,0.4315610219267112,0.5574321138494919,True,0.038204397702914415,0.456292170185187,0.3952164432962965,0.5173678970740775,0.4094880819228415,0.4930439510470617,False,True,True,False
X,B,matched_signal_to_LO,0.358,C5,HA2,0.49449656788810153,0.4315610219267112,0.5574321138494919,True,0.2765898521536943,0.2179067157344071,0.1147994108297957,0.3210140206390185,0.14343572387960263,0.28808668470035126,False,True,True,False
X,B,matched_signal_to_LO,0.358,C6,HA2,0.49449656788810153,0.4315610219267112,0.5574321138494919,True,0.15312294550196673,0.3413736223861347,0.2916357324016429,0.3911115123706265,0.3013344712238037,0.3653063295871322,False,True,True,False
X,B,matched_signal_to_LO,0.4,C2,HA1,0.4613960778193656,0.4132305432411271,0.5095616123976041,True,0.08579480327355112,0.37560127454581443,0.32631042670254373,0.42489212238908514,0.339871812856718,0.40856141639832,False,True,True,False
X,B,matched_signal_to_LO,0.4,C3,HA1,0.4613960778193656,0.4132305432411271,0.5095616123976041,True,-0.03771276623473226,0.4991088440540979,0.4481363569398613,0.5500813311683345,0.46116192916314147,0.531573841893228,False,True,True,False
X,B,matched_signal_to_LO,0.4,C4,HA1,0.4613960778193656,0.4132305432411271,0.5095616123976041,True,0.05239106303234814,0.40900501478701745,0.3541332951252259,0.463876734448809,0.3679386375585585,0.44529916154329735,False,True,True,False
X,B,matched_signal_to_LO,0.4,C5,HA2,0.4613960778193656,0.4132305432411271,0.5095616123976041,True,0.33457854443057133,0.12681753338879434,0.010813597919335768,0.2428214688582529,0.0522735718233814,0.2127779106982425,False,True,True,False
X,B,matched_signal_to_LO,0.4,C6,HA2,0.4613960778193656,0.4132305432411271,0.5095616123976041,True,0.16083461790391412,0.3005614599154515,0.24675752320713004,0.354365396623773,0.2633190893408493,0.33770906749562024,False,True,True,False
X,B,matched_signal_to_LO,0.6,C2,HA1,0.3968112858049991,0.3510778709893149,0.44254470062068324,True,0.09074110616218727,0.30607017964281186,0.257827680500575,0.35431267878504874,0.2695888109644227,0.3350268712299644,True,False,True,False
X,B,matched_signal_to_LO,0.6,C3,HA1,0.3968112858049991,0.3510778709893149,0.44254470062068324,True,-0.014473252117513824,0.41128453792251296,0.3672441329712203,0.4553249428738056,0.37650073760248953,0.43689673297760573,True,False,True,False
X,B,matched_signal_to_LO,0.6,C4,HA1,0.3968112858049991,0.3510778709893149,0.44254470062068324,True,0.03150222041012337,0.3653090653948758,0.3197870987317577,0.4108310320579939,0.33009355514448147,0.39191126115661445,True,False,True,False
X,C,same_absolute_level,0.1,C5,HA2 (descriptive),0.3231869545117932,0.24623065328985833,0.40014325573372805,True,0.18141106726845924,0.14177588724333393,0.053195353538254275,0.23035642094841358,,,False,False,True,False
X,C,same_absolute_level,0.1,C6,HA2 (descriptive),0.3231869545117932,0.24623065328985833,0.40014325573372805,True,0.16484614432321334,0.15834081018857984,0.10188993472464045,0.21479168565251924,,,False,False,True,False
X,C,same_absolute_level,0.179,C5,HA2 (descriptive),0.49449656788810153,0.4315610219267112,0.5574321138494919,True,0.36376400121233593,0.13073256667576547,0.03604346583810816,0.22542166751342277,,,False,False,True,False
X,C,same_absolute_level,0.179,C6,HA2 (descriptive),0.49449656788810153,0.4315610219267112,0.5574321138494919,True,0.18794473217298893,0.3065518357151125,0.23351803005949634,0.3795856413707287,,,False,False,True,False
X_coh,A,matched_CW_gain,0.4,C5,HA2,0.5134963309278803,0.48747396379273616,0.5395186980630244,True,0.4493968753329228,0.06409945559495756,0.015161844556512365,0.11303706663340274,0.031236309327536183,0.0996712988819029,False,True,True,False
X_coh,A,matched_CW_gain,0.4,C6,HA2,0.5134963309278803,0.48747396379273616,0.5395186980630244,True,0.2236071057162373,0.289889225211643,0.23824660248457535,0.34153184793871066,0.2568631927309686,0.3287754505836878,False,True,True,False
X_coh,A,matched_CW_gain,0.6,C5,HA2,0.5650867398181224,0.5119675377779255,0.6182059418583193,True,0.2932064861160503,0.27188025370207214,0.17505131898544418,0.3687091884187001,0.20694482259071245,0.33932482246739254,False,True,True,False
X_coh,A,matched_CW_gain,0.6,C6,HA2,0.5650867398181224,0.5119675377779255,0.6182059418583193,True,0.16252844225293916,0.4025582975651833,0.3620067318749537,0.4431098632554129,0.37332692741384976,0.42958906819715215,False,True,True,False
X_coh,A,matched_CW_gain,0.8,C5,HA2,0.3647996007507019,0.2845546398879443,0.44504456161345946,True,0.15658612179814616,0.20821347895255574,0.13370069551456976,0.2827262623905417,0.1601106678466167,0.2637407250682115,False,True,True,False
X_coh,A,matched_CW_gain,0.8,C6,HA2,0.3647996007507019,0.2845546398879443,0.44504456161345946,True,0.18116766580574298,0.1836319349449589,0.12216737140672629,0.24509649848319154,0.14442952488133484,0.22936154366437603,False,True,True,False
X_coh,A,matched_CW_gain,0.85,C3,HA1,0.2563599859653019,0.17083107074666182,0.341888901183942,True,-0.0176126898606066,0.2739726758259085,0.1872994553926641,0.3606458962591529,0.2144912082766072,0.3334541433752098,False,True,True,False
X_coh,A,matched_CW_gain,0.9,C3,HA1,0.13911882365181996,0.08308293732808539,0.19515470997555454,True,-0.039744929274526074,0.17886375292634604,0.12108597789138201,0.23664152796131008,0.1395450684372779,0.21995431157705037,False,True,True,False
X_coh,A,matched_CW_gain,0.95,C3,HA1,0.041985571269301504,0.023435894100059456,0.06053524843854355,False,-0.01721281112194765,0.05919838239124916,0.040173345965430145,0.07822341881706818,0.046590013657078676,0.07288010248329609,False,False,True,False
X_coh,B,matched_signal_to_LO,0.1,C2,HA1,0.04556496897933865,0.02551888968155377,0.06561104827712352,False,0.006289654173192272,0.03927531480614638,0.020099898779487185,0.05845073083280557,0.02678428746644923,0.05331013706828138,False,False,False,False
X_coh,B,matched_signal_to_LO,0.1,C3,HA1,0.04556496897933865,0.02551888968155377,0.06561104827712352,False,-0.002391311137472448,0.0479562801168111,0.02802774361296303,0.06788481662065918,0.035961932865247105,0.06339433767072446,False,False,False,False
X_coh,B,matched_signal_to_LO,0.1,C4,HA1,0.04556496897933865,0.02551888968155377,0.06561104827712352,False,0.0012738792967563195,0.04429108968258233,0.0250608617508168,0.06352131761434786,0.03270181750955011,0.05940501910874718,False,False,False,False
X_coh,B,matched_signal_to_LO,0.1,C5,HA2,0.04556496897933865,0.02551888968155377,0.06561104827712352,False,0.02808805240535998,0.01747691657397867,-0.004859946687643463,0.039813779835600804,0.002608647799986171,0.033083889166920344,False,False,False,False
X_coh,B,matched_signal_to_LO,0.1,C6,HA2,0.04556496897933865,0.02551888968155377,0.06561104827712352,False,0.1250473366879461,-0.07948236770860745,-0.09930417712578021,-0.059660558291434684,-0.0942899951342811,-0.06627972952847866,False,False,False,True
X_coh,B,matched_signal_to_LO,0.2,C2,HA1,0.3526491394869871,0.2711017024485782,0.43419657652539606,True,0.056500448304188176,0.2961486911827989,0.21898670146640525,0.37331068089919256,0.24750051376874596,0.35303408418405907,False,True,True,False
X_coh,B,matched_signal_to_LO,0.2,C3,HA1,0.3526491394869871,0.2711017024485782,0.43419657652539606,True,-0.009740676098279962,0.362389815585267,0.28066597199393084,0.44411365917660317,0.30933473201436906,0.420680959846465,False,True,True,False
X_coh,B,matched_signal_to_LO,0.2,C4,HA1,0.3526491394869871,0.2711017024485782,0.43419657652539606,True,0.009902238864589888,0.34274690062239715,0.26539560564239817,0.42009819560239614,0.2918610785585943,0.3976474352854269,False,True,True,False
X_coh,B,matched_signal_to_LO,0.2,C5,HA2,0.3526491394869871,0.2711017024485782,0.43419657652539606,True,0.15185059495564268,0.20079854453134438,0.12520161665129018,0.2763954724113986,0.1514046142985174,0.2568165942575009,False,True,True,False
X_coh,B,matched_signal_to_LO,0.2,C6,HA2,0.3526491394869871,0.2711017024485782,0.43419657652539606,True,0.1846019431708096,0.16804719631617746,0.08999990494112009,0.24609448769123482,0.11788603279139565,0.22675253411766869,False,True,True,False
X_coh,B,matched_signal_to_LO,0.358,C2,HA1,0.5255402251326048,0.49303341704972214,0.5580470332154874,True,0.0854685073375996,0.44007171779500526,0.3953289073502358,0.4848145282397747,0.40815538622585146,0.46735708046216146,False,True,True,False
X_coh,B,matched_signal_to_LO,0.358,C3,HA1,0.5255402251326048,0.49303341704972214,0.5580470332154874,True,-0.0316963092319548,0.5572365343645597,0.5235174289392025,0.5909556397899168,0.5310823540259327,0.5772895808140722,False,True,True,False
X_coh,B,matched_signal_to_LO,0.358,C4,HA1,0.5255402251326048,0.49303341704972214,0.5580470332154874,True,0.040217311382612586,0.4853229137499923,0.4528205176097984,0.5178253098901863,0.4616167898645183,0.5059506870313949,False,True,True,False
X_coh,B,matched_signal_to_LO,0.358,C5,HA2,0.5255402251326048,0.49303341704972214,0.5580470332154874,True,0.2972524018332871,0.22828782329931782,0.13223752766621777,0.3243381189324179,0.16773840823929234,0.29836195979700225,False,True,True,False
X_coh,B,matched_signal_to_LO,0.358,C6,HA2,0.5255402251326048,0.49303341704972214,0.5580470332154874,True,0.15847314817332847,0.3670670769592764,0.3346499124377,0.39948424148085276,0.34442946287355164,0.38936512845830235,False,True,True,False
X_coh,B,matched_signal_to_LO,0.4,C2,HA1,0.4827273333164194,0.4542523703972666,0.5112022962355722,True,0.08882228338549787,0.3939050499309215,0.36232187257811677,0.42548822728372626,0.3720469561765191,0.41623030701336466,False,True,True,False
X_coh,B,matched_signal_to_LO,0.4,C3,HA1,0.4827273333164194,0.4542523703972666,0.5112022962355722,True,-0.039099215144218324,0.5218265484606377,0.49386678950546853,0.5497863074158068,0.5037803785792371,0.5412562664993429,False,True,True,False
X_coh,B,matched_signal_to_LO,0.4,C4,HA1,0.4827273333164194,0.4542523703972666,0.5112022962355722,True,0.05617994372476398,0.4265473895916554,0.3908429550708737,0.4622518241124371,0.40236770127295474,0.45165561320606723,False,True,True,False
X_coh,B,matched_signal_to_LO,0.4,C5,HA2,0.4827273333164194,0.4542523703972666,0.5112022962355722,True,0.3510716947796675,0.1316556385367519,0.026501887453535142,0.23680938961996867,0.06600362215708233,0.20928193313132018,False,True,True,False
X_coh,B,matched_signal_to_LO,0.4,C6,HA2,0.4827273333164194,0.4542523703972666,0.5112022962355722,True,0.1719696585532813,0.31075767476313804,0.26649792839455166,0.3550174211317244,0.28344692243661324,0.3447529707140459,False,True,True,False
X_coh,B,matched_signal_to_LO,0.6,C2,HA1,0.41289396897450525,0.37183021026134944,0.4539577276876611,True,0.09641860712776919,0.3164753618467361,0.2681090451179781,0.36484167857549404,0.2820687987610871,0.3488776535308286,True,False,True,False
X_coh,B,matched_signal_to_LO,0.6,C3,HA1,0.41289396897450525,0.37183021026134944,0.4539577276876611,True,-0.022010652736150067,0.43490462171065536,0.3950242264438659,0.4747850169774448,0.40651439949022516,0.461507477127187,True,False,True,False
X_coh,B,matched_signal_to_LO,0.6,C4,HA1,0.41289396897450525,0.37183021026134944,0.4539577276876611,True,0.043376707744858876,0.3695172612296464,0.32880183265229723,0.41023268980699557,0.3406685092998159,0.3967500293669783,True,False,True,False
X_coh,C,same_absolute_level,0.1,C5,HA2 (descriptive),0.3526491394869871,0.2711017024485782,0.43419657652539606,True,0.21305434694522082,0.13959479254176624,0.050076915484262505,0.22911266959926996,,,False,False,True,False
X_coh,C,same_absolute_level,0.1,C6,HA2 (descriptive),0.3526491394869871,0.2711017024485782,0.43419657652539606,True,0.1710180511775393,0.18163108830944777,0.11897513406706083,0.2442870425518347,,,False,False,True,False
X_coh,C,same_absolute_level,0.179,C5,HA2 (descriptive),0.5255402251326048,0.49303341704972214,0.5580470332154874,True,0.37479387229177896,0.15074635284082594,0.0582936408016627,0.24319906487998916,,,False,False,True,False
X_coh,C,same_absolute_level,0.179,C6,HA2 (descriptive),0.5255402251326048,0.49303341704972214,0.5580470332154874,True,0.19943728142855333,0.3261029437040515,0.2687580675036053,0.3834478199044977,,,False,False,True,False
