modulation,power_db,model,metric,mean,ci95_low,ci95_high,n
CE,-6,atomic,AIR_native,0.7978944717493942,0.7743753457005227,0.8214135977982657,8
CE,-6,atomic,R_AIR_bit_s,3989472.3587469715,3871876.728502614,4107067.988991329,8
CE,-6,atomic,eta_AIR_bit_s_Hz,0.743066029627794,0.7216634551383125,0.7644686041172755,8
CE,-6,atomic,DeltaAIR_native,0.0,0.0,0.0,8
CE,-6,atomic,relative_loss,0.0,0.0,0.0,8
CE,-6,static,AIR_native,0.9841289040846436,0.9794458397030795,0.9888119684662077,8
CE,-6,static,R_AIR_bit_s,4920644.520423219,4897229.198515398,4944059.842331039,8
CE,-6,static,eta_AIR_bit_s_Hz,0.9165484758471714,0.9091203402118462,0.9239766114824965,8
CE,-6,static,DeltaAIR_native,0.0,0.0,0.0,8
CE,-6,static,relative_loss,0.0,0.0,0.0,8
CE,-6,static_lti,AIR_native,0.667316341894495,0.6447972889562924,0.6898353948326975,8
CE,-6,static_lti,R_AIR_bit_s,3336581.7094724746,3223986.444781462,3449176.974163487,8
CE,-6,static_lti,eta_AIR_bit_s_Hz,0.6215011521469398,0.5998984129179931,0.6431038913758865,8
CE,-6,static_lti,DeltaAIR_native,0.0,0.0,0.0,8
CE,-6,static_lti,relative_loss,0.0,0.0,0.0,8
CE,0,atomic,AIR_native,0.5358486739063074,0.3283088818670912,0.7433884659455237,8
CE,0,atomic,R_AIR_bit_s,2679243.3695315374,1641544.4093354563,3716942.3297276185,8
CE,0,atomic,eta_AIR_bit_s_Hz,0.499090609687842,0.3061852987101309,0.6919959206655532,8
CE,0,atomic,DeltaAIR_native,0.26204579784308685,0.049780396337359145,0.47431119934881455,8
CE,0,atomic,relative_loss,0.32636779873091337,0.06872332848059354,0.5840122689812333,8
CE,0,static,AIR_native,0.9887836293996294,0.9845833135630179,0.9929839452362409,8
CE,0,static,R_AIR_bit_s,4943918.146998147,4922916.567815089,4964919.726181204,8
CE,0,static,eta_AIR_bit_s_Hz,0.9208831215051096,0.9137271543006009,0.9280390887096184,8
CE,0,static,DeltaAIR_native,-0.004654725314985814,-0.005463449560760426,-0.0038460010692112014,8
CE,0,static,relative_loss,-0.004733129548032663,-0.0055723334767822765,-0.0038939256192830484,8
CE,0,static_lti,AIR_native,0.6826121922723372,0.6569392969865495,0.7082850875581248,8
CE,0,static_lti,R_AIR_bit_s,3413060.9613616853,3284696.484932747,3541425.4377906234,8
CE,0,static_lti,eta_AIR_bit_s_Hz,0.635764470302695,0.610885586841302,0.660643353764088,8
CE,0,static_lti,DeltaAIR_native,-0.015295850377842132,-0.023491265847553046,-0.007100434908131219,8
CE,0,static_lti,relative_loss,-0.022844759114409304,-0.03511936376879752,-0.01057015446002109,8
CE,3,atomic,AIR_native,0.09234747473288325,-0.17575749465894247,0.36045244412470895,8
CE,3,atomic,R_AIR_bit_s,461737.37366441626,-878787.4732947125,1802262.2206235449,8
CE,3,atomic,eta_AIR_bit_s_Hz,0.08543479909702839,-0.16418016893051907,0.33504976712457585,8
CE,3,atomic,DeltaAIR_native,0.7055469970165109,0.4377269052369594,0.9733670887960624,8
CE,3,atomic,relative_loss,0.8846724267928234,0.550308956369421,1.2190358972162258,8
CE,3,static,AIR_native,0.9893341328753102,0.9851523885632307,0.9935158771873898,8
CE,3,static,R_AIR_bit_s,4946670.664376551,4925761.942816153,4967579.385936949,8
CE,3,static,eta_AIR_bit_s_Hz,0.9213957925841976,0.9142488355020161,0.9285427496663791,8
CE,3,static,DeltaAIR_native,-0.005205228790666719,-0.006131720067583253,-0.004278737513750185,8
CE,3,static,relative_loss,-0.0052927598019977115,-0.006252910166173251,-0.004332609437822172,8
CE,3,static_lti,AIR_native,0.6844727484776387,0.6578628155806991,0.7110826813745783,8
CE,3,static_lti,R_AIR_bit_s,3422363.742388194,3289314.077903496,3555413.406872892,8
CE,3,static_lti,eta_AIR_bit_s_Hz,0.6375023576051787,0.6116694192188233,0.6633352959915341,8
CE,3,static_lti,DeltaAIR_native,-0.01715640658314385,-0.027055817633480896,-0.0072569955328068095,8
CE,3,static_lti,relative_loss,-0.02561323718574082,-0.04043283666669198,-0.010793637704789662,8
CE,6,atomic,AIR_native,0.10716347678075311,0.02875632741088445,0.18557062615062175,8
CE,6,atomic,R_AIR_bit_s,535817.3839037656,143781.63705442217,927853.130753109,8
CE,6,atomic,eta_AIR_bit_s_Hz,0.09998761601772223,0.026860719168545086,0.17311451286689938,8
CE,6,atomic,DeltaAIR_native,0.6907309949686411,0.6073902633370116,0.7740717266002706,8
CE,6,atomic,relative_loss,0.8652989432510696,0.7675830407276778,0.9630148457744614,8
CE,6,static,AIR_native,0.9890824458840757,0.9847833452355208,0.9933815465326306,8
CE,6,static,R_AIR_bit_s,4945412.229420379,4923916.726177605,4966907.732663153,8
CE,6,static,eta_AIR_bit_s_Hz,0.9211618641004324,0.9139074669969146,0.9284162612039503,8
CE,6,static,DeltaAIR_native,-0.004953541799432068,-0.005839356992474325,-0.004067726606389811,8
CE,6,static,relative_loss,-0.0050363133497850435,-0.005951744319860718,-0.004120882379709369,8
CE,6,static_lti,AIR_native,0.6841219185020675,0.6582615967201221,0.7099822402840129,8
CE,6,static_lti,R_AIR_bit_s,3420609.592510337,3291307.9836006095,3549911.2014200645,8
CE,6,static_lti,eta_AIR_bit_s_Hz,0.6371759755450286,0.6120038250384213,0.6623481260516358,8
CE,6,static_lti,DeltaAIR_native,-0.016805576607572523,-0.02627574569336344,-0.007335407521781606,8
CE,6,static_lti,relative_loss,-0.02512906112814721,-0.03938515396905812,-0.010872968287236303,8
QPSK,-6,atomic,AIR_native,1.9088183886594634,1.896581172148741,1.921055605170186,8
QPSK,-6,atomic,R_AIR_bit_s,9544091.943297317,9482905.860743705,9605278.02585093,8
QPSK,-6,atomic,eta_AIR_bit_s_Hz,1.7767145878341626,1.7624421012918992,1.790987074376426,8
QPSK,-6,atomic,DeltaAIR_native,0.0,0.0,0.0,8
QPSK,-6,atomic,relative_loss,0.0,0.0,0.0,8
QPSK,-6,static,AIR_native,2.0,2.0,2.0,8
QPSK,-6,static,R_AIR_bit_s,10000000.0,10000000.0,10000000.0,8
QPSK,-6,static,eta_AIR_bit_s_Hz,1.8615668901825224,1.8565010690473847,1.8666327113176602,8
QPSK,-6,static,DeltaAIR_native,0.0,0.0,0.0,8
QPSK,-6,static,relative_loss,0.0,0.0,0.0,8
QPSK,-6,static_lti,AIR_native,1.9311341993616649,1.9186606502404793,1.9436077484828505,8
QPSK,-6,static_lti,R_AIR_bit_s,9655670.996808324,9593303.251202397,9718038.742414251,8
QPSK,-6,static_lti,eta_AIR_bit_s_Hz,1.7974804142552685,1.7835289583971246,1.8114318701134124,8
QPSK,-6,static_lti,DeltaAIR_native,0.0,0.0,0.0,8
QPSK,-6,static_lti,relative_loss,0.0,0.0,0.0,8
QPSK,0,atomic,AIR_native,1.6903596795144762,1.6668056625021002,1.7139136965268522,8
QPSK,0,atomic,R_AIR_bit_s,8451798.39757238,8334028.312510499,8569568.48263426,8
QPSK,0,atomic,eta_AIR_bit_s_Hz,1.5733787972552642,1.5499464618735368,1.5968111326369916,8
QPSK,0,atomic,DeltaAIR_native,0.2184587091449871,0.200663605486577,0.23625381280339722,8
QPSK,0,atomic,relative_loss,0.11446827848204462,0.10500665165278583,0.1239299053113034,8
QPSK,0,static,AIR_native,2.0,2.0,2.0,8
QPSK,0,static,R_AIR_bit_s,10000000.0,10000000.0,10000000.0,8
QPSK,0,static,eta_AIR_bit_s_Hz,1.8615668901825224,1.8565010690473847,1.8666327113176602,8
QPSK,0,static,DeltaAIR_native,0.0,0.0,0.0,8
QPSK,0,static,relative_loss,0.0,0.0,0.0,8
QPSK,0,static_lti,AIR_native,1.9337404977722756,1.9238948560583797,1.9435861394861715,8
QPSK,0,static_lti,R_AIR_bit_s,9668702.488861378,9619474.2802919,9717930.697430857,8
QPSK,0,static_lti,eta_AIR_bit_s_Hz,1.7999019407992036,1.7884335879001148,1.8113702936982925,8
QPSK,0,static_lti,DeltaAIR_native,-0.002606298410610941,-0.005804977364484876,0.000592380543262994,8
QPSK,0,static_lti,relative_loss,-0.00136123509501511,-0.0030241261810155864,0.0003016559909853663,8
QPSK,3,atomic,AIR_native,1.2769605692391963,1.212134098307974,1.3417870401704186,8
QPSK,3,atomic,R_AIR_bit_s,6384802.846195981,6060670.491539869,6708935.200852092,8
QPSK,3,atomic,eta_AIR_bit_s_Hz,1.1885626053719482,1.128205822011649,1.2489193887322474,8
QPSK,3,atomic,DeltaAIR_native,0.6318578194202671,0.5687631342380075,0.6949525046025267,8
QPSK,3,atomic,relative_loss,0.331049301185919,0.29790800726465644,0.3641905951071816,8
QPSK,3,static,AIR_native,1.9999999999997857,1.9999999999994607,2.0000000000001106,8
QPSK,3,static,R_AIR_bit_s,9999999.999998929,9999999.999997303,10000000.000000555,8
QPSK,3,static,eta_AIR_bit_s_Hz,1.8615668901823235,1.856501069047043,1.866632711317604,8
QPSK,3,static,DeltaAIR_native,2.142730437526552e-13,-1.107603527742399e-13,5.393064402795503e-13,8
QPSK,3,static,relative_loss,1.071365218763276e-13,-5.538017638711995e-14,2.6965322013977516e-13,8
QPSK,3,static_lti,AIR_native,1.9263167117625324,1.9161099916462314,1.9365234318788334,8
QPSK,3,static_lti,R_AIR_bit_s,9631583.558812663,9580549.958231159,9682617.159394167,8
QPSK,3,static_lti,eta_AIR_bit_s_Hz,1.7929925516786152,1.7811968144459116,1.8047882889113187,8
QPSK,3,static_lti,DeltaAIR_native,0.0048174875991325306,-0.0003999822168383495,0.01003495741510341,8
QPSK,3,static_lti,relative_loss,0.0024815482332191923,-0.00021935117455278673,0.005182447640991171,8
QPSK,6,atomic,AIR_native,0.8678726173629148,0.8231995748354364,0.9125456598903932,8
QPSK,6,atomic,R_AIR_bit_s,4339363.086814573,4115997.874177181,4562728.299451965,8
QPSK,6,atomic,eta_AIR_bit_s_Hz,0.8078479306350363,0.7654577620673457,0.850238099202727,8
QPSK,6,atomic,DeltaAIR_native,1.0409457712965486,1.0012795050967083,1.080612037496389,8
QPSK,6,atomic,relative_loss,0.5454103381524043,0.5234064125877254,0.5674142637170831,8
QPSK,6,static,AIR_native,1.9984844506279684,1.996842195853884,2.000126705402053,8
QPSK,6,static,R_AIR_bit_s,9992422.253139842,9984210.97926942,10000633.527010264,8
QPSK,6,static,eta_AIR_bit_s_Hz,1.860160231546892,1.853852725097092,1.8664677379966919,8
QPSK,6,static,DeltaAIR_native,0.0015155493720316049,-0.00012670540205282155,0.0031578041461160313,8
QPSK,6,static,relative_loss,0.0007577746860158024,-6.335270102641078e-05,0.0015789020730580157,8
QPSK,6,static_lti,AIR_native,1.885968094257384,1.866571669103198,1.90536451941157,8
QPSK,6,static_lti,R_AIR_bit_s,9429840.471286919,9332858.345515989,9526822.59705785,8
QPSK,6,static_lti,eta_AIR_bit_s_Hz,1.7554380333487005,1.7360010711718739,1.7748749955255272,8
QPSK,6,static_lti,DeltaAIR_native,0.04516610510428093,0.028432128560590034,0.061900081647971825,8
QPSK,6,static_lti,relative_loss,0.023379462817788424,0.014713140743040398,0.03204578489253645,8
16QAM,-6,atomic,AIR_native,2.2956635444620286,2.2558144426423787,2.3355126462816784,8
16QAM,-6,atomic,R_AIR_bit_s,11478317.722310144,11279072.213211894,11677563.231408395,8
16QAM,-6,atomic,eta_AIR_bit_s_Hz,2.139321151633716,2.105430595397005,2.173211707870427,8
16QAM,-6,atomic,DeltaAIR_native,0.0,0.0,0.0,8
16QAM,-6,atomic,relative_loss,0.0,0.0,0.0,8
16QAM,-6,static,AIR_native,3.9952004589562486,3.993009682818037,3.9973912350944603,8
16QAM,-6,static,R_AIR_bit_s,19976002.294781245,19965048.41409019,19986956.1754723,8
16QAM,-6,static,eta_AIR_bit_s_Hz,3.7232490455327993,3.71310089408609,3.733397196979509,8
16QAM,-6,static,DeltaAIR_native,0.0,0.0,0.0,8
16QAM,-6,static,relative_loss,0.0,0.0,0.0,8
16QAM,-6,static_lti,AIR_native,2.361341537715437,2.3240451098215873,2.3986379656092867,8
16QAM,-6,static_lti,R_AIR_bit_s,11806707.688577186,11620225.549107939,11993189.828046434,8
16QAM,-6,static_lti,eta_AIR_bit_s_Hz,2.2005311293603933,2.1692554291787434,2.2318068295420432,8
16QAM,-6,static_lti,DeltaAIR_native,0.0,0.0,0.0,8
16QAM,-6,static_lti,relative_loss,0.0,0.0,0.0,8
16QAM,0,atomic,AIR_native,1.7523193005075086,1.6396350996475255,1.8650035013674917,8
16QAM,0,atomic,R_AIR_bit_s,8761596.502537543,8198175.498237628,9325017.50683746,8
16QAM,0,atomic,eta_AIR_bit_s_Hz,1.6329105883708386,1.529290655196976,1.7365305215447011,8
16QAM,0,atomic,DeltaAIR_native,0.5433442439545204,0.4563439660566184,0.6303445218524224,8
16QAM,0,atomic,relative_loss,0.23720765971825497,0.196662697082529,0.27775262235398096,8
16QAM,0,static,AIR_native,3.9390108247779017,3.9060683516930554,3.971953297862748,8
16QAM,0,static,R_AIR_bit_s,19695054.123889506,19530341.758465275,19859766.489313737,8
16QAM,0,static,eta_AIR_bit_s_Hz,3.6708896253450005,3.6381609049568566,3.7036183457331444,8
16QAM,0,static,DeltaAIR_native,0.05618963417834738,0.024184555200583602,0.08819471315611116,8
16QAM,0,static,relative_loss,0.014066489971912573,0.006050211104920924,0.02208276883890422,8
16QAM,0,static_lti,AIR_native,2.3251735573314596,2.28696090027688,2.3633862143860394,8
16QAM,0,static_lti,R_AIR_bit_s,11625867.786657298,11434804.501384398,11816931.071930198,8
16QAM,0,static_lti,eta_AIR_bit_s_Hz,2.16682698359546,2.1344738675727877,2.1991800996181325,8
16QAM,0,static_lti,DeltaAIR_native,0.03616798038397767,0.027135341711920825,0.04520061905603452,8
16QAM,0,static_lti,relative_loss,0.015319781482740135,0.011497761055684709,0.019141801909795562,8
16QAM,3,atomic,AIR_native,1.2583956045375142,1.16998009707467,1.3468111120003583,8
16QAM,3,atomic,R_AIR_bit_s,6291978.022687571,5849900.485373351,6734055.560001791,8
16QAM,3,atomic,eta_AIR_bit_s_Hz,1.1726327461224435,1.0912756397336756,1.2539898525112114,8
16QAM,3,atomic,DeltaAIR_native,1.0372679399245146,0.9544846889406424,1.1200511909083868,8
16QAM,3,atomic,relative_loss,0.4519440173905923,0.41573319696413896,0.48815483781704566,8
16QAM,3,static,AIR_native,3.5945477933831707,3.540175109843486,3.6489204769228554,8
16QAM,3,static,R_AIR_bit_s,17972738.966915853,17700875.54921743,18244602.384614278,8
16QAM,3,static,eta_AIR_bit_s_Hz,3.349921835143193,3.295776595151563,3.4040670751348228,8
16QAM,3,static,DeltaAIR_native,0.4006526655730782,0.34664297204363215,0.4546623591025243,8
16QAM,3,static,relative_loss,0.10028488805246685,0.08676388694880655,0.11380588915612716,8
16QAM,3,static_lti,AIR_native,2.1733581902179457,2.1354398791528233,2.211276501283068,8
16QAM,3,static_lti,R_AIR_bit_s,10866790.951089729,10677199.395764116,11056382.506415341,8
16QAM,3,static_lti,eta_AIR_bit_s_Hz,2.025361296278211,1.9923315350658481,2.058391057490574,8
16QAM,3,static_lti,DeltaAIR_native,0.18798334749749152,0.16209722819661357,0.21386946679836946,8
16QAM,3,static_lti,relative_loss,0.0795638406088031,0.06899458689567083,0.09013309432193538,8
16QAM,6,atomic,AIR_native,0.8774647956895408,0.832856922148379,0.9220726692307026,8
16QAM,6,atomic,R_AIR_bit_s,4387323.978447704,4164284.610741894,4610363.346153513,8
16QAM,6,atomic,eta_AIR_bit_s_Hz,0.8176953154847817,0.7766998868789106,0.8586907440906528,8
16QAM,6,atomic,DeltaAIR_native,1.418198748772488,1.3582521186889447,1.4781453788560315,8
16QAM,6,atomic,relative_loss,0.6176300546094234,0.5971157886922744,0.6381443205265724,8
16QAM,6,static,AIR_native,2.51730807681936,2.4468239579405684,2.5877921956981518,8
16QAM,6,static,R_AIR_bit_s,12586540.384096801,12234119.789702842,12938960.97849076,8
16QAM,6,static,eta_AIR_bit_s_Hz,2.34604690667431,2.277525360118947,2.4145684532296734,8
16QAM,6,static,DeltaAIR_native,1.4778923821368888,1.4078176893281547,1.547967074945623,8
16QAM,6,static,relative_loss,0.36991916063626573,0.3523486626207002,0.38748965865183127,8
16QAM,6,static_lti,AIR_native,1.7490263272731532,1.701467234099175,1.7965854204471314,8
16QAM,6,static_lti,R_AIR_bit_s,8745131.636365768,8507336.170495875,8982927.10223566,8
16QAM,6,static_lti,eta_AIR_bit_s_Hz,1.6299653418612934,1.5855990621032792,1.6743316216193076,8
16QAM,6,static_lti,DeltaAIR_native,0.612315210442284,0.557028446473418,0.66760197441115,8
16QAM,6,static_lti,relative_loss,0.25914578035961056,0.23777843274217011,0.280513127977051,8
OFDM,-6,atomic,AIR_native,2.0,2.0,2.0,8
OFDM,-6,atomic,R_AIR_bit_s,10000000.0,10000000.0,10000000.0,8
OFDM,-6,atomic,eta_AIR_bit_s_Hz,1.8672296805307467,1.8650212605194871,1.8694381005420062,8
OFDM,-6,atomic,DeltaAIR_native,0.0,0.0,0.0,8
OFDM,-6,atomic,relative_loss,0.0,0.0,0.0,8
OFDM,-6,static,AIR_native,2.0,2.0,2.0,8
OFDM,-6,static,R_AIR_bit_s,10000000.0,10000000.0,10000000.0,8
OFDM,-6,static,eta_AIR_bit_s_Hz,1.8672296805307467,1.8650212605194871,1.8694381005420062,8
OFDM,-6,static,DeltaAIR_native,0.0,0.0,0.0,8
OFDM,-6,static,relative_loss,0.0,0.0,0.0,8
OFDM,-6,static_lti,AIR_native,2.0,2.0,2.0,8
OFDM,-6,static_lti,R_AIR_bit_s,10000000.0,10000000.0,10000000.0,8
OFDM,-6,static_lti,eta_AIR_bit_s_Hz,1.8672296805307467,1.8650212605194871,1.8694381005420062,8
OFDM,-6,static_lti,DeltaAIR_native,0.0,0.0,0.0,8
OFDM,-6,static_lti,relative_loss,0.0,0.0,0.0,8
OFDM,0,atomic,AIR_native,1.9516248502793185,1.920494919800048,1.982754780758589,8
OFDM,0,atomic,R_AIR_bit_s,9758124.251396593,9602474.599000242,9913773.903792944,8
OFDM,0,atomic,eta_AIR_bit_s_Hz,1.8220376204754873,1.7943439683245501,1.8497312726264246,8
OFDM,0,atomic,DeltaAIR_native,0.04837514972068149,0.017245219241411102,0.07950508019995188,8
OFDM,0,atomic,relative_loss,0.024187574860340746,0.008622609620705551,0.03975254009997594,8
OFDM,0,static,AIR_native,1.9999971599261719,1.9999915577928828,2.000002762059461,8
OFDM,0,static,R_AIR_bit_s,9999985.79963086,9999957.788964415,10000013.810297305,8
OFDM,0,static,eta_AIR_bit_s_Hz,1.8672270262163617,1.86502047997189,1.8694335724608335,8
OFDM,0,static,DeltaAIR_native,2.84007382800322e-06,-2.7620594611261973e-06,8.442207117132637e-06,8
OFDM,0,static,relative_loss,1.42003691400161e-06,-1.3810297305630987e-06,4.221103558566318e-06,8
OFDM,0,static_lti,AIR_native,1.9999970886968332,1.9999907101983208,2.000003467195346,8
OFDM,0,static_lti,R_AIR_bit_s,9999985.443484167,9999953.550991604,10000017.33597673,8
OFDM,0,static_lti,eta_AIR_bit_s_Hz,1.86722695954952,1.8650205238148114,1.8694333952842284,8
OFDM,0,static_lti,DeltaAIR_native,2.9113031667915568e-06,-3.467195345745333e-06,9.289801679328447e-06,8
OFDM,0,static_lti,relative_loss,1.4556515833957784e-06,-1.7335976728726665e-06,4.644900839664223e-06,8
OFDM,3,atomic,AIR_native,1.7437489354855655,1.6700892427225196,1.8174086282486115,8
OFDM,3,atomic,R_AIR_bit_s,8718744.677427828,8350446.213612598,9087043.14124306,8
OFDM,3,atomic,eta_AIR_bit_s_Hz,1.6279936556592651,1.5591538193217518,1.6968334919967785,8
OFDM,3,atomic,DeltaAIR_native,0.25625106451443447,0.18259137175138845,0.3299107572774805,8
OFDM,3,atomic,relative_loss,0.12812553225721723,0.09129568587569423,0.16495537863874024,8
OFDM,3,static,AIR_native,1.940053987018052,1.9256549771050921,1.9544529969310118,8
OFDM,3,static,R_AIR_bit_s,9700269.935090259,9628274.88552546,9772264.984655058,8
OFDM,3,static,eta_AIR_bit_s_Hz,1.811254857464339,1.7985485762845816,1.8239611386440964,8
OFDM,3,static,DeltaAIR_native,0.059946012981948044,0.04554700306898812,0.07434502289490796,8
OFDM,3,static,relative_loss,0.029973006490974022,0.02277350153449406,0.03717251144745398,8
OFDM,3,static_lti,AIR_native,1.946563590173317,1.931504916111112,1.9616222642355219,8
OFDM,3,static_lti,R_AIR_bit_s,9732817.950866584,9657524.580555558,9808111.32117761,8
OFDM,3,static_lti,eta_AIR_bit_s_Hz,1.8173285053892214,1.804396992754947,1.8302600180234958,8
OFDM,3,static_lti,DeltaAIR_native,0.05343640982668316,0.03837773576447816,0.06849508388888816,8
OFDM,3,static_lti,relative_loss,0.02671820491334158,0.01918886788223908,0.03424754194444408,8
OFDM,6,atomic,AIR_native,1.6924713528149193,1.6478855446267258,1.737057161003113,8
OFDM,6,atomic,R_AIR_bit_s,8462356.764074598,8239427.723133629,8685285.805015566,8
OFDM,6,atomic,eta_AIR_bit_s_Hz,1.5801269072066253,1.53812666620136,1.6221271482118906,8
OFDM,6,atomic,DeltaAIR_native,0.3075286471850807,0.2629428389968871,0.35211445537327435,8
OFDM,6,atomic,relative_loss,0.15376432359254036,0.13147141949844354,0.17605722768663717,8
OFDM,6,static,AIR_native,1.5281458450525847,1.4924701940130072,1.5638214960921621,8
OFDM,6,static,R_AIR_bit_s,7640729.225262923,7462350.970065036,7819107.4804608105,8
OFDM,6,static,eta_AIR_bit_s_Hz,1.4267050809876096,1.3931699902008992,1.46024017177432,8
OFDM,6,static,DeltaAIR_native,0.47185415494741545,0.43617850390783797,0.5075298059869929,8
OFDM,6,static,relative_loss,0.23592707747370772,0.21808925195391898,0.25376490299349647,8
OFDM,6,static_lti,AIR_native,1.5281287782465354,1.4996104306140805,1.5566471258789902,8
OFDM,6,static_lti,R_AIR_bit_s,7640643.891232678,7498052.153070404,7783235.629394951,8
OFDM,6,static_lti,eta_AIR_bit_s_Hz,1.4266893818556634,1.399767830692273,1.4536109330190539,8
OFDM,6,static_lti,DeltaAIR_native,0.4718712217534645,0.44335287412100977,0.5003895693859193,8
OFDM,6,static_lti,relative_loss,0.23593561087673226,0.22167643706050488,0.25019478469295964,8
