op,case,n,X,X_lo,X_hi,X_coh,X_coh_lo,X_coh_hi,X_mag,X_mag_lo,X_mag_hi,X_rms,X_rms_lo,X_rms_hi,kappa_rel_CW,kappa_rel_CW_lo,kappa_rel_CW_hi,phase_lag_vs_CW_rad,phase_lag_vs_CW_rad_lo,phase_lag_vs_CW_rad_hi,phase_circ_sd_rad,phase_circ_sd_rad_lo,phase_circ_sd_rad_hi,share_magnitude,share_magnitude_lo,share_magnitude_hi,share_phase,share_phase_lo,share_phase_hi,mag_cv,mag_cv_lo,mag_cv_hi,max_abs_X_minus_X_mag
OP1,FAST,6,0.42469579609344416,0.4024605710080066,0.4469310211788817,0.4558696592858113,0.43024198522963675,0.48149733334198586,0.347724223125706,0.3208774834366535,0.3745709628147585,0.26942557048159094,0.2322837423416178,0.30656739862156407,0.8341076333426374,0.8209264502623806,0.8472888164228941,0.2792148927921757,0.18556714918880285,0.37286263639554856,0.6006843788947513,0.5742196057488468,0.6271491520406559,0.7016562752944178,0.6770096338084168,0.7263029167804187,0.2983437247055824,0.2736970832195813,0.3229903661915835,0.5176141934147752,0.473834576710785,0.5613938101187654,0.11260083275117339
OP1,JUMP,6,0.550633068501352,0.5101993102970782,0.5910668267056257,0.5510171657710989,0.5211478091414754,0.5808865224007225,0.506819247417109,0.47135598348752583,0.5422825113466923,0.46070069173847483,0.4225902811705379,0.4988111023064118,0.9106914218026682,0.9005007725030234,0.9208820711023129,0.39259525703974196,0.3573221558451593,0.4278683582343246,0.45530740565831124,0.40187162178854474,0.5087431895280777,0.8823841260061148,0.8626567990478458,0.9021114529643839,0.11761587399388534,0.0978885470356162,0.1373432009521545,0.45545700940868783,0.40287057637056445,0.5080434424468112,0.08968049722489391
OP1,LONGRAMP,6,0.4558948096665705,0.3853311130190197,0.5264585063141213,0.5198423970834402,0.461221121351615,0.5784636728152653,0.471672385035565,0.41765820074209853,0.5256865693290316,0.44184055538840994,0.38845418172275203,0.49522692905406784,0.9078239137345011,0.8773442289911619,0.9383035984778403,0.3256108146554678,0.2615458400192135,0.38967578929172214,0.46543221413905395,0.4019135226160032,0.5289509056621047,0.8698389647972352,0.8342993207646043,0.9053786088298661,0.13016103520276473,0.09462139117013399,0.16570067923539547,0.34739477559339377,0.29558081323608654,0.399208737950701,0.04001958732685629
OP1,REF,6,0.494276469071895,0.43135027334018045,0.5572026648036095,0.5252737724322997,0.4929673898039269,0.5575801550606724,0.464693526166479,0.4297092909083266,0.49967776142463144,0.41778673077459877,0.37894531485635496,0.4566281466928426,0.8868239324189154,0.8718925436845572,0.9017553211532737,0.36084298233070394,0.3219925085992608,0.39969345606214707,0.49100585142634207,0.45383204995093335,0.5281796529017507,0.8383947573441017,0.8151701523377416,0.8616193623504619,0.16160524265589837,0.1383806376495384,0.18482984766225835,0.4322664227839998,0.3627488669754286,0.5017839785925711,0.06586101409187783
OP1,SLOW,6,0.24467199327748465,0.16446469793351287,0.32487928862145643,0.3230955827135104,0.22859966738638424,0.41759149804063656,0.287596039425762,0.19998608330918136,0.3752059955423427,0.2533397999150011,0.17478140138933412,0.3318981984406681,0.9486951079236765,0.9320572108540627,0.9653330049932903,0.11607785536640784,0.07337816300177524,0.15877754773104044,0.41025732928594155,0.32605785696909306,0.49445680160279004,0.8655431658964408,0.8516546483601429,0.8794316834327386,0.13445683410355916,0.12056831656726134,0.14834535163985696,0.3173531267136115,0.25148577915152404,0.38322047427569894,0.077093231792421
OP2,FAST,6,0.21614622057400168,0.18556954916027565,0.2467228919877277,0.227322906748649,0.19848408899919262,0.25616172449810537,0.19992517635569906,0.17137503229449552,0.2284753204169026,0.17979161260331153,0.15292825243003938,0.20665497277658368,0.9657263522548192,0.9603411861714398,0.9711115183381985,0.21692083727725145,0.18336234017430073,0.2504793343802022,0.27648795140060806,0.252574897352486,0.3004010054487301,0.863725216975182,0.840404754272977,0.887045679677387,0.13627478302481816,0.1129543203226133,0.15959524572702302,0.24424454768092416,0.2312665376639625,0.2572225576978858,0.02159643810453804
OP2,JUMP,6,0.19648568596316066,0.1717521417360868,0.2212192301902345,0.20134936245407253,0.17593052191300487,0.2267682029951402,0.1864827414480891,0.16228075846696421,0.210684724429214,0.18097052885495088,0.1577788128483199,0.20416224486158185,0.9816817492809133,0.978009705093708,0.9853537934681187,0.18037377392820017,0.16818000424909815,0.1925675436073022,0.19570014226153196,0.17533198480904605,0.21606829971401786,0.9176955592958559,0.9038830872153374,0.9315080313763744,0.08230444070414399,0.0684919686236255,0.09611691278466247,0.16483901867190867,0.1508319034723356,0.17884613387148174,0.01636937558736551
OP2,LONGRAMP,6,0.030046108888008127,0.02005773085402436,0.040034486921991894,0.028997798091216664,0.018430018113302877,0.039565578069130455,0.019665205747592746,0.010382532738467159,0.028947878756718334,0.016060973819351437,0.006823233121521074,0.025298714517181797,0.9904743815267829,0.986860754133021,0.9940880089205448,0.04233965117209274,0.031190232489971628,0.05348906985421385,0.13344470683094167,0.10516329639907035,0.161726117262813,0.6585468069688325,0.5059102443819563,0.8111833695557087,0.34145319303116867,0.18881663044429303,0.4940897556180443,0.09557895806806209,0.07359452576310299,0.11756339037302119,0.015081724703752353
OP2,REF,6,0.16495100031083362,0.13373951903385822,0.19616248158780902,0.17120786952793332,0.14381713593057055,0.1985986031252961,0.15657008112374185,0.12985002503799123,0.18329013720949247,0.1453237829056337,0.12010062013863548,0.1705469456726319,0.982620574072465,0.977946835321816,0.9872943128231139,0.15972489480526691,0.13590389421453697,0.18354589539599686,0.19011046659970302,0.16143794989141147,0.21878298330799456,0.9059100713225715,0.8813879493831455,0.9304321932619976,0.09408992867742876,0.06956780673800257,0.11861205061685494,0.17624595315189726,0.15373242030391357,0.19875948599988094,0.02186779721944143
OP2,SLOW,6,0.05158256413068779,0.027252315304907973,0.07591281295646761,0.07916483468939556,0.049012467934358886,0.10931720144443223,0.07188109308087502,0.04432066386894783,0.09944152229280222,0.06638735326415722,0.04100402993707776,0.09177067659123668,0.9920871515036159,0.9888973224532561,0.9952769805539757,0.067109004496625,0.03743895997271264,0.09677904902053737,0.1254620592445597,0.09294966321019416,0.15797445527892523,0.905422508521943,0.8903593772522365,0.9204856397916494,0.09457749147805894,0.07951436020835423,0.10964062274776365,0.11103562279844446,0.07806097522077998,0.14401027037610895,0.027832680415195266
OP3,REF,3,0.2943833687084206,0.16051836175248568,0.4282483756643555,0.3201296575597841,0.21902509932845454,0.4212342157911137,0.29047633585555943,0.1942314232745362,0.3867212484365826,0.2688315467730611,0.18106355471943417,0.35659953882668805,0.9580379133328275,0.9404863363886456,0.9755894902770094,0.21561762100554036,0.1267108976916474,0.3045243443194333,0.3008291770754077,0.23749719122065732,0.36416116293015804,0.8889427266515334,0.8560479912334559,0.9218374620696109,0.11105727334846605,0.07816253793038824,0.14395200876654385,0.2560136818469563,0.18204294447325997,0.3299844192206526,0.022687535887556898
