case,class,element,component,pre_mag,phase_excursion_rad,dip,t_min_us,dt_min_vs_output_us,r_vs_output,tracks
step_aH,thermal,rho21 (probe),+IF,1.9144652332261923e-05,4.829348127673817,0.6367932980364228,50.81,-0.18000000000000166,0.7643472287086734,False
step_aH,thermal,rho21 (probe),-IF,1.2663698698691449e-05,1.9309786224791132,0.9186476552614521,51.64,0.6499999999999955,-0.4710935591476041,False
step_aH,thermal,rho21 (probe),"Im part, IF",2.841585663821675e-05,2.551924026489276,0.8727380345742481,50.99,0.0,0.9981133572926014,True
step_aH,thermal,rho21 (probe),slow,0.008670859178670394,,-0.0029839785109131434,50.46,,,False
step_aH,thermal,rho32 (coupling),+IF,7.668612709935321e-05,1.6488927957605246,0.8127608662188627,50.660000000000004,-0.3299999999999985,0.5761930427943469,False
step_aH,thermal,rho32 (coupling),-IF,0.00018036877026312334,0.4876421268531572,0.20494716322137319,50.13,-0.860000000000002,-0.18233580798608273,False
step_aH,thermal,rho32 (coupling),slow,0.00027372290751539276,,-0.1579237467236192,50.61000000000001,,,False
step_aH,thermal,rho43 (RF),+IF,3.128463572508086e-05,15.610546450120902,0.978535021005135,50.88,-0.11000000000000403,0.3404833707377672,False
step_aH,thermal,rho43 (RF),-IF,1.8308214260044587e-05,1.7943930631218903,0.42483225569569727,53.67000000000001,2.6800000000000015,0.3431029244878392,False
step_aH,thermal,rho43 (RF),slow,0.00010862323897973768,,-1.0485298185495795,54.32,,,False
step_aH,thermal,rho31 (two-photon),+IF,0.00024378658071778897,3.98208228675764,0.42615924077026945,51.080000000000005,0.09000000000000083,0.5232091753458589,False
step_aH,thermal,rho31 (two-photon),-IF,0.00020719253872873524,4.0692617419687185,0.7126858335329807,50.010000000000005,-0.9800000000000008,-0.6710276132242516,False
step_aH,thermal,rho31 (two-photon),slow,0.0049855244371232125,,0.15530693947694385,50.800000000000004,,,False
step_aH,thermal,rho41 (three-photon),+IF,0.0006452477893237923,0.39742648082477094,0.2438307943696466,50.06,-0.9299999999999996,-0.2534343893976527,False
step_aH,thermal,rho41 (three-photon),-IF,0.00018441756935754888,7.065831202631324,0.9724092183376671,50.64,-0.35000000000000175,0.8330883422957855,False
step_aH,thermal,rho41 (three-photon),slow,0.0011225758899162095,,-0.2586783703461857,50.09,,,False
step_aH,thermal,rho42,+IF,0.00012233917552379364,0.7531590000546386,0.4038332158196779,50.84,-0.15000000000000366,0.6155250909872827,False
step_aH,thermal,rho42,-IF,0.00011885741655250786,2.798596489756231,0.2459173431817222,50.35,-0.6400000000000007,-0.04301143820596612,False
step_aH,thermal,rho42,slow,0.000695713768005211,,0.3016832338971638,50.77,,,False
step_aH,thermal,rho22,+IF,4.348238671612859e-05,2.046731849492893,0.16553848518460046,50.900000000000006,-0.09000000000000083,0.8601445071435723,False
step_aH,thermal,rho22,-IF,4.3482387601871424e-05,2.046732043722145,0.1655381620388977,50.900000000000006,-0.09000000000000083,0.8601445265729855,False
step_aH,thermal,rho22,slow,0.013329932122978328,,-0.0019747574676829416,50.31,,,False
step_aH,thermal,rho33,+IF,2.6125990846956988e-05,7.090696637091212,0.889087896733115,50.13,-0.860000000000002,0.09081264331097648,False
step_aH,thermal,rho33,-IF,2.612584486449917e-05,7.090700977740039,0.8890826249104475,50.13,-0.860000000000002,0.09081039539450324,False
step_aH,thermal,rho33,slow,0.013784495761211218,,-0.011364931203562856,50.96,,,False
step_aH,thermal,rho44,+IF,2.6684351378656668e-05,4.029679232089914,0.802672076850273,50.64,-0.35000000000000175,0.1801674637610043,False
step_aH,thermal,rho44,-IF,2.668451297937655e-05,4.029676467827626,0.8026680443827404,50.64,-0.35000000000000175,0.1801721280199588,False
step_aH,thermal,rho44,slow,0.013940216918999257,,-0.00924403080772751,51.11000000000001,,,False
step_aH,v0,rho21 (probe),+IF,0.0008553230904768179,3.249040504092732,0.6239618514169554,50.050000000000004,-0.9400000000000012,-0.22432860443679095,False
step_aH,v0,rho21 (probe),-IF,0.0018490376868480136,3.2797755096356305,0.08163795428280907,49.96,-1.030000000000002,0.2967663381014379,False
step_aH,v0,rho21 (probe),"Im part, IF",0.0025834115228621267,3.0572675086319476,0.22191249208527963,50.150000000000006,-0.8399999999999987,-0.19750582026777266,False
step_aH,v0,rho21 (probe),slow,0.1654974374505955,,-0.004167919105099616,50.230000000000004,,,False
step_aH,v0,rho32 (coupling),+IF,0.01003508369762521,0.4254537533123443,0.0821663136048798,49.88,-1.1100000000000012,0.3809283641097908,False
step_aH,v0,rho32 (coupling),-IF,0.009694132551196636,0.4335364656128424,0.18677152625566396,50.14000000000001,-0.8500000000000003,0.12079082166355518,False
step_aH,v0,rho32 (coupling),slow,0.00444087221148856,,-0.6556714356984301,50.010000000000005,,,False
step_aH,v0,rho43 (RF),+IF,0.0017330793152739866,0.6138752979558972,0.1645630137969235,51.080000000000005,0.09000000000000083,0.3410056557533357,False
step_aH,v0,rho43 (RF),-IF,0.0004686547427287245,2.1831607237119712,0.6291240257660411,49.88,-1.1100000000000012,0.2621948750620849,False
step_aH,v0,rho43 (RF),slow,0.0021811633336846796,,-1.5966064343472022,50.190000000000005,,,False
step_aH,v0,rho31 (two-photon),+IF,0.005872561813206315,3.14522762348905,0.028990130130329583,50.400000000000006,-0.5899999999999994,0.35416964615168506,False
step_aH,v0,rho31 (two-photon),-IF,0.0034574413426306026,1.3896006524789568,0.38236259703921394,50.0,-0.9900000000000024,0.15140118718063086,False
step_aH,v0,rho31 (two-photon),slow,0.04284004206975931,,0.03748115789834583,50.13,,,False
step_aH,v0,rho41 (three-photon),+IF,0.007933080815725862,0.5528944511306594,0.2699281081733602,50.150000000000006,-0.8399999999999987,-0.06858563887639935,False
step_aH,v0,rho41 (three-photon),-IF,0.00850809610713179,0.6025958958755058,0.08396274708991036,49.88,-1.1100000000000012,0.3685183914623177,False
step_aH,v0,rho41 (three-photon),slow,0.031394952064330794,,-0.08341168904225849,50.120000000000005,,,False
step_aH,v0,rho42,+IF,0.006388846673102017,0.5874529105854926,0.07434077961502017,49.910000000000004,-1.0800000000000032,0.34042444376669695,False
step_aH,v0,rho42,-IF,0.007863913638718339,2.980496617483471,0.03316700311337206,50.31,-0.6800000000000003,0.35090766530374234,False
step_aH,v0,rho42,slow,0.04988365822436422,,0.0229484689612669,50.120000000000005,,,False
step_aH,v0,rho22,+IF,0.0012581417476610565,4.622193672622711,0.21583196405579674,49.99,-1.000000000000004,-0.29295583651377627,False
step_aH,v0,rho22,-IF,0.00125814182095691,4.622193725283116,0.21583206389847553,49.99,-1.000000000000004,-0.29295506124383225,False
step_aH,v0,rho22,slow,0.2549995005130768,,-0.004243701243451303,50.230000000000004,,,False
step_aH,v0,rho33,+IF,0.002269906241787881,2.0012323611708798,0.49822359715936004,50.03,-0.9600000000000044,-0.29532521320147215,False
step_aH,v0,rho33,-IF,0.002269905999789182,2.0012321102950423,0.49822410471753187,50.03,-0.9600000000000044,-0.2953257555702808,False
step_aH,v0,rho33,slow,0.1802272022515535,,0.006165934208683388,50.160000000000004,,,False
step_aH,v0,rho44,+IF,0.0015568514252701665,4.705144205777419,0.2984099047553096,49.910000000000004,-1.0800000000000032,0.3678227149417191,False
step_aH,v0,rho44,-IF,0.001556851841979356,4.7051441734441095,0.29841119694037366,49.910000000000004,-1.0800000000000032,0.3678226693365021,False
step_aH,v0,rho44,slow,0.19168214777112008,,0.00942336573936231,50.220000000000006,,,False
step_smallsignal,thermal,rho21 (probe),+IF,1.0263316378962762e-06,2.5789238801671632,0.06020454969523448,50.18000000000001,0.10000000000000243,-0.5105825881416106,False
step_smallsignal,thermal,rho21 (probe),-IF,7.601500641953153e-07,3.986324983276967,0.28412496040157253,50.0,-0.07999999999999924,0.201889673325213,False
step_smallsignal,thermal,rho21 (probe),"Im part, IF",1.3746403498771893e-06,4.813983301654311,0.26377626613426686,50.08,0.0,0.987311440138393,True
step_smallsignal,thermal,rho21 (probe),slow,0.008720091965594456,,3.0185704873120223e-05,50.04,,,False
step_smallsignal,thermal,rho32 (coupling),+IF,2.7267339570881197e-06,2.993006037890323,0.15986957438003446,50.24,0.15999999999999848,-0.8276435000556077,False
step_smallsignal,thermal,rho32 (coupling),-IF,5.056887467487633e-06,4.148009452549375,0.11252800053758782,50.13,0.05000000000000122,-0.43722827959589006,False
step_smallsignal,thermal,rho32 (coupling),slow,0.000250799555358649,,0.004688095420500082,50.07,,,False
step_smallsignal,thermal,rho43 (RF),+IF,1.25720576453899e-06,2.136992176817688,0.07159044189073893,50.18000000000001,0.10000000000000243,-0.46786199049961263,False
step_smallsignal,thermal,rho43 (RF),-IF,1.6895313338897068e-07,3.48692061351542,0.8033685482246644,49.940000000000005,-0.13999999999999527,-0.6824875415698148,False
step_smallsignal,thermal,rho43 (RF),slow,2.662253828923597e-05,,-0.010079044013384886,49.980000000000004,,,False
step_smallsignal,thermal,rho31 (two-photon),+IF,1.0076845837323276e-05,4.104301248082911,0.06443600446946596,50.21,0.13000000000000045,-0.7190966729727413,False
step_smallsignal,thermal,rho31 (two-photon),-IF,3.7717234617052046e-06,4.615108165772399,0.19291789976610763,50.470000000000006,0.39000000000000135,-0.7851959372268114,False
step_smallsignal,thermal,rho31 (two-photon),slow,0.006368274670639399,,0.00019058762558410436,50.06,,,False
step_smallsignal,thermal,rho41 (three-photon),+IF,1.339757566787757e-05,1.0611446239856503,0.3502719802723008,50.050000000000004,-0.029999999999998018,0.5032352855144216,False
step_smallsignal,thermal,rho41 (three-photon),-IF,1.2503829927263911e-05,1.1143177999869402,0.04691818146724924,50.45,0.36999999999999816,-0.7666216669747511,False
step_smallsignal,thermal,rho41 (three-photon),slow,0.0009602402066716143,,0.004973326854302629,50.010000000000005,,,False
step_smallsignal,thermal,rho42,+IF,6.811897468636193e-06,1.5911662594755227,0.04399150656951534,50.43000000000001,0.35000000000000175,-0.619536648134634,False
step_smallsignal,thermal,rho42,-IF,4.2073385505301865e-06,2.9402828885058128,0.17178920805426756,50.17,0.09000000000000083,-0.18503633623725838,False
step_smallsignal,thermal,rho42,slow,0.0010417734127856758,,-0.000510138732694454,50.07,,,False
step_smallsignal,thermal,rho22,+IF,1.001755378299856e-06,2.818301939527308,0.09542281522703677,49.99,-0.09000000000000083,-0.07430591146478872,False
step_smallsignal,thermal,rho22,-IF,1.0017473269151819e-06,2.818314150748226,0.095409135663031,49.99,-0.09000000000000083,-0.07426608062402254,False
step_smallsignal,thermal,rho22,slow,0.013415441302101578,,2.7824715437385628e-05,50.03,,,False
step_smallsignal,thermal,rho33,+IF,4.725769519331434e-07,4.664084131155487,0.11374552555702588,50.25,0.17000000000000007,-0.6320620677411509,False
step_smallsignal,thermal,rho33,-IF,4.726142313370037e-07,4.6641119778653,0.11406891982492806,50.25,0.17000000000000007,-0.6323284883328764,False
step_smallsignal,thermal,rho33,slow,0.012629360219101693,,-2.281559270023159e-05,50.06,,,False
step_smallsignal,thermal,rho44,+IF,1.1291391806746937e-06,3.500678709781834,0.16915348152357934,50.150000000000006,0.0700000000000044,0.3603845700381386,False
step_smallsignal,thermal,rho44,-IF,1.1291401417903577e-06,3.5006424953469004,0.16944568200697152,50.150000000000006,0.0700000000000044,0.35933771885340576,False
step_smallsignal,thermal,rho44,slow,0.012860819436053536,,-4.060652467319237e-05,50.02,,,False
step_smallsignal,v0,rho21 (probe),+IF,1.5816163679906914e-05,3.5676134153138825,0.48975770653143724,50.050000000000004,-0.029999999999998018,-0.32363590496908384,False
step_smallsignal,v0,rho21 (probe),-IF,4.7885196595364553e-05,3.326623583034171,0.03375317304294623,49.96,-0.11999999999999886,-0.8927737026481892,False
step_smallsignal,v0,rho21 (probe),"Im part, IF",5.744410213320804e-05,3.085136612023701,0.20065394378851242,50.06,-0.01999999999999642,0.48977072741539557,False
step_smallsignal,v0,rho21 (probe),slow,0.1632675623067212,,-8.470815497907402e-05,50.010000000000005,,,False
step_smallsignal,v0,rho32 (coupling),+IF,0.00025263529498266305,2.2972855299239754,0.04870047667239852,49.88,-0.1999999999999981,-0.7981253866916765,False
step_smallsignal,v0,rho32 (coupling),-IF,0.0001903333816019285,3.0587691410622897,0.13024881753536544,50.150000000000006,0.0700000000000044,-0.4152878379248203,False
step_smallsignal,v0,rho32 (coupling),slow,0.0037187211560564763,,-0.022433054291682852,50.010000000000005,,,False
step_smallsignal,v0,rho43 (RF),+IF,4.4169266263890687e-05,3.005400567853447,0.0893702104123959,50.220000000000006,0.14000000000000204,-0.569891115933343,False
step_smallsignal,v0,rho43 (RF),-IF,2.57362320263817e-06,22.401355462228246,0.7492964632565753,50.120000000000005,0.03999999999999962,-0.8870966022603046,False
step_smallsignal,v0,rho43 (RF),slow,0.00040488395013710157,,-0.028388399328857616,50.0,,,False
step_smallsignal,v0,rho31 (two-photon),+IF,0.00015819370008577808,3.015356987738181,0.046653065874760036,50.32000000000001,0.2400000000000045,-0.7472560803574612,False
step_smallsignal,v0,rho31 (two-photon),-IF,0.00011293102186385146,5.0779342575084865,0.2373337005330386,49.910000000000004,-0.17000000000000007,-0.4827430591521682,False
step_smallsignal,v0,rho31 (two-photon),slow,0.05009937382484132,,0.0005683311237707489,49.92,,,False
step_smallsignal,v0,rho41 (three-photon),+IF,0.00016226000249264285,1.4207723821514386,0.17501895448829363,50.150000000000006,0.0700000000000044,-0.24314489612705265,False
step_smallsignal,v0,rho41 (three-photon),-IF,0.00021639073108139142,2.4452898258878992,0.04473437160298532,49.89000000000001,-0.18999999999999648,-0.7778657275475217,False
step_smallsignal,v0,rho41 (three-photon),slow,0.032822886586492406,,0.001816367306684108,50.02,,,False
step_smallsignal,v0,rho42,+IF,0.00017078696555960243,2.0490475047295647,0.046426238049462665,50.32000000000001,0.2400000000000045,-0.6907645276679342,False
step_smallsignal,v0,rho42,-IF,0.00018477250093281263,3.038244217675332,0.04727846458670093,50.31,0.23000000000000287,-0.7229841055843597,False
step_smallsignal,v0,rho42,slow,0.057035486051224035,,-0.0003978465863008207,50.04,,,False
step_smallsignal,v0,rho22,+IF,2.7876662326427907e-05,4.498552722213776,0.22545430332036043,49.99,-0.09000000000000083,0.9086365453402948,True
step_smallsignal,v0,rho22,-IF,2.787666221931787e-05,4.498552790654815,0.22545381368130124,49.99,-0.09000000000000083,0.9086360847352881,True
step_smallsignal,v0,rho22,slow,0.25152311754226686,,-7.665021551472861e-05,49.95,,,False
step_smallsignal,v0,rho33,+IF,5.161465092926586e-05,2.825136488517979,0.17734405989992053,50.03,-0.05000000000000122,-0.3895109255084581,False
step_smallsignal,v0,rho33,-IF,5.161464749009965e-05,2.8251367358077975,0.1773445399595982,50.03,-0.05000000000000122,-0.3895055160110007,False
step_smallsignal,v0,rho33,slow,0.18289226378500462,,0.00013392522741884072,49.980000000000004,,,False
step_smallsignal,v0,rho44,+IF,4.054522960694357e-05,4.419966040796153,0.14363257549609154,49.910000000000004,-0.17000000000000007,0.32023510207719447,False
step_smallsignal,v0,rho44,-IF,4.0545224396459434e-05,4.419966234914579,0.14363382196521324,49.910000000000004,-0.17000000000000007,0.3202467419671207,False
step_smallsignal,v0,rho44,slow,0.19556883159279825,,0.00013078096693797114,49.95,,,False
