op,case,seed,X,g_CW
OP1,REF,20260701,0.5199509936001943,0.43247075271175395
OP1,REF,20260702,0.5028586307737282,0.43247075271175395
OP1,REF,20260703,0.49831786489967944,0.43247075271175395
OP1,REF,20260704,0.4962645885847434,0.43247075271175395
OP1,REF,20260705,0.5647218922930854,0.43247075271175395
OP1,REF,20260706,0.38354484427993896,0.43247075271175395
OP1,FAST,20260701,0.40614993337603056,0.43247075271175395
OP1,FAST,20260702,0.4583256454970024,0.43247075271175395
OP1,FAST,20260703,0.3995899230409874,0.43247075271175395
OP1,FAST,20260704,0.42599961723095636,0.43247075271175395
OP1,FAST,20260705,0.43611492503602445,0.43247075271175395
OP1,FAST,20260706,0.42199473237966356,0.43247075271175395
OP1,SLOW,20260701,0.17762201903713803,0.43247075271175395
OP1,SLOW,20260702,0.13888069857465013,0.43247075271175395
OP1,SLOW,20260703,0.23097996357624362,0.43247075271175395
OP1,SLOW,20260704,0.2729114201440078,0.43247075271175395
OP1,SLOW,20260705,0.32555615004596283,0.43247075271175395
OP1,SLOW,20260706,0.3220817082869055,0.43247075271175395
OP1,JUMP,20260701,0.5233541835065161,0.43247075271175395
OP1,JUMP,20260702,0.596872089169924,0.43247075271175395
OP1,JUMP,20260703,0.5669740046888201,0.43247075271175395
OP1,JUMP,20260704,0.5157734252302894,0.43247075271175395
OP1,JUMP,20260705,0.5895143714361324,0.43247075271175395
OP1,JUMP,20260706,0.5113103369764298,0.43247075271175395
OP1,LONGRAMP,20260701,0.5184165334173427,0.43247075271175395
OP1,LONGRAMP,20260702,0.5476193850897257,0.43247075271175395
OP1,LONGRAMP,20260703,0.45327385444527335,0.43247075271175395
OP1,LONGRAMP,20260704,0.3636146500595949,0.43247075271175395
OP1,LONGRAMP,20260705,0.42603031813965964,0.43247075271175395
OP1,LONGRAMP,20260706,0.4264141168478264,0.43247075271175395
OP2,REF,20260701,0.18807883364437705,0.6330741236600758
OP2,REF,20260702,0.1294581240333853,0.6330741236600758
OP2,REF,20260703,0.14989232312905187,0.6330741236600758
OP2,REF,20260704,0.17009148305814004,0.6330741236600758
OP2,REF,20260705,0.20870086947292277,0.6330741236600758
OP2,REF,20260706,0.14348436852712465,0.6330741236600758
OP2,FAST,20260701,0.19723238503504759,0.6330741236600758
OP2,FAST,20260702,0.2224290829380009,0.6330741236600758
OP2,FAST,20260703,0.171215823586215,0.6330741236600758
OP2,FAST,20260704,0.23364166866159253,0.6330741236600758
OP2,FAST,20260705,0.2551520828089112,0.6330741236600758
OP2,FAST,20260706,0.21720628041424306,0.6330741236600758
OP2,SLOW,20260701,0.0410058441757164,0.6330741236600758
OP2,SLOW,20260702,0.09011832500101435,0.6330741236600758
OP2,SLOW,20260703,0.05145731916477658,0.6330741236600758
OP2,SLOW,20260704,0.05766479207285302,0.6330741236600758
OP2,SLOW,20260705,0.050092086880353937,0.6330741236600758
OP2,SLOW,20260706,0.019157017489412453,0.6330741236600758
OP2,JUMP,20260701,0.19410342274369208,0.6330741236600758
OP2,JUMP,20260702,0.17454711471932538,0.6330741236600758
OP2,JUMP,20260703,0.17506792516845004,0.6330741236600758
OP2,JUMP,20260704,0.18991590184006568,0.6330741236600758
OP2,JUMP,20260705,0.23713834400343736,0.6330741236600758
OP2,JUMP,20260706,0.20814140730399344,0.6330741236600758
OP2,LONGRAMP,20260701,0.037651320019730816,0.6330741236600758
OP2,LONGRAMP,20260702,0.02260635814824774,0.6330741236600758
OP2,LONGRAMP,20260703,0.03822366561463775,0.6330741236600758
OP2,LONGRAMP,20260704,0.01924672446006437,0.6330741236600758
OP2,LONGRAMP,20260705,0.02252092619188928,0.6330741236600758
OP2,LONGRAMP,20260706,0.04002765889347881,0.6330741236600758
