op,case,X_mean,ci_lo,ci_hi,n,sd,min,max
OP1,FAST,0.42469579609344416,0.4024605710080066,0.4469310211788817,6,0.021187792981417545,0.3995899230409874,0.4583256454970024
OP1,JUMP,0.550633068501352,0.5101993102970782,0.5910668267056257,6,0.03852904996468516,0.5113103369764298,0.596872089169924
OP1,LONGRAMP,0.4558948096665705,0.3853311130190197,0.5264585063141213,6,0.06723966098058642,0.3636146500595949,0.5476193850897257
OP1,REF,0.494276469071895,0.43135027334018045,0.5572026648036095,6,0.059961938912186666,0.38354484427993896,0.5647218922930854
OP1,SLOW,0.24467199327748465,0.16446469793351287,0.32487928862145643,6,0.07642897981997407,0.13888069857465013,0.32555615004596283
OP2,FAST,0.21614622057400168,0.18556954916027565,0.2467228919877277,6,0.029136299789434113,0.171215823586215,0.2551520828089112
OP2,JUMP,0.19648568596316066,0.1717521417360868,0.2212192301902345,6,0.023568424100333912,0.17454711471932538,0.23713834400343736
OP2,LONGRAMP,0.030046108888008127,0.02005773085402436,0.040034486921991894,6,0.009517856697694936,0.01924672446006437,0.04002765889347881
OP2,REF,0.16495100031083362,0.13373951903385822,0.19616248158780902,6,0.02974120573994319,0.1294581240333853,0.20870086947292277
OP2,SLOW,0.05158256413068779,0.027252315304907973,0.07591281295646761,6,0.023184126687551158,0.019157017489412453,0.09011832500101435
