op,case,X_full_meanbased,X_sur_meanbased
OP1,REF,0.4551808435809305,-0.09749945540057776
OP1,FAST,0.32828484098833494,-0.19221054055316497
OP1,SLOW,0.2856408291928416,-0.01868130535300185
OP1,JUMP,0.4904258804591559,-0.03017360958132827
OP1,LONGRAMP,0.4663289816028415,-0.0431551754867302
OP2,REF,0.1535709581896689,-0.024578654499295822
OP2,FAST,0.19762742803928593,-0.037212913147276816
OP2,SLOW,0.07115455630452285,-0.002426753304426099
OP2,JUMP,0.17673809346466182,-0.045521798243729004
OP2,LONGRAMP,0.01881783209560604,-0.011618464741870707
